-- --------------------------------------------------------
-- Host:                         127.0.0.1
-- Wersja serwera:               10.4.11-MariaDB - mariadb.org binary distribution
-- Serwer OS:                    Win64
-- HeidiSQL Wersja:              11.0.0.5919
-- --------------------------------------------------------

/*!40101 SET @OLD_CHARACTER_SET_CLIENT=@@CHARACTER_SET_CLIENT */;
/*!40101 SET NAMES utf8 */;
/*!50503 SET NAMES utf8mb4 */;
/*!40014 SET @OLD_FOREIGN_KEY_CHECKS=@@FOREIGN_KEY_CHECKS, FOREIGN_KEY_CHECKS=0 */;
/*!40101 SET @OLD_SQL_MODE=@@SQL_MODE, SQL_MODE='NO_AUTO_VALUE_ON_ZERO' */;

-- Zrzut struktury tabela id13767441_dziennik.adres
CREATE TABLE IF NOT EXISTS `adres` (
  `adres_ID` int(3) unsigned zerofill NOT NULL AUTO_INCREMENT,
  `ulice_miejscowosci_id` int(6) unsigned zerofill NOT NULL,
  `nr_domu` varchar(6) COLLATE utf8_polish_ci NOT NULL,
  `nr_mieszkania` varchar(4) COLLATE utf8_polish_ci DEFAULT NULL,
  PRIMARY KEY (`adres_ID`),
  UNIQUE KEY `ID` (`adres_ID`),
  KEY `FK_adres_ulice_miejscowosci` (`ulice_miejscowosci_id`),
  CONSTRAINT `FK_adres_ulice_miejscowosci` FOREIGN KEY (`ulice_miejscowosci_id`) REFERENCES `ulice_miejscowosci` (`ulice_miejscowosci_ID`)
) ENGINE=InnoDB AUTO_INCREMENT=101 DEFAULT CHARSET=utf8 COLLATE=utf8_polish_ci;

-- Zrzucanie danych dla tabeli id13767441_dziennik.adres: ~100 rows (około)
/*!40000 ALTER TABLE `adres` DISABLE KEYS */;
REPLACE INTO `adres` (`adres_ID`, `ulice_miejscowosci_id`, `nr_domu`, `nr_mieszkania`) VALUES
	(001, 000008, '89', '71'),
	(002, 000063, '75', '86'),
	(003, 000083, '16', '19'),
	(004, 000051, '56', '165'),
	(005, 000055, '46', '144'),
	(006, 000068, '96', '28'),
	(007, 000006, '79', '69'),
	(008, 000076, '35', '153'),
	(009, 000070, '58', '164'),
	(010, 000072, '9', '150'),
	(011, 000082, '68', '167'),
	(012, 000044, '31', '26'),
	(013, 000029, '12', '187'),
	(014, 000082, '82', '199'),
	(015, 000015, '1', '193'),
	(016, 000026, '36', '128'),
	(017, 000024, '25', '164'),
	(018, 000052, '79', '36'),
	(019, 000011, '83', '123'),
	(020, 000035, '16', '41'),
	(021, 000100, '58', '168'),
	(022, 000006, '48', '36'),
	(023, 000016, '77', '33'),
	(024, 000085, '96', '61'),
	(025, 000003, '6', '87'),
	(026, 000046, '50', '1'),
	(027, 000061, '72', '82'),
	(028, 000009, '25', '149'),
	(029, 000084, '38', '165'),
	(030, 000026, '41', '92'),
	(031, 000044, '26', '125'),
	(032, 000053, '59', '55'),
	(033, 000020, '19', '131'),
	(034, 000051, '11', '183'),
	(035, 000077, '56', '115'),
	(036, 000004, '92', '84'),
	(037, 000034, '48', '5'),
	(038, 000030, '74', '5'),
	(039, 000063, '82', '105'),
	(040, 000005, '44', '125'),
	(041, 000085, '35', '12'),
	(042, 000041, '84', '44'),
	(043, 000031, '30', '102'),
	(044, 000019, '64', '115'),
	(045, 000056, '46', '149'),
	(046, 000075, '91', '46'),
	(047, 000076, '66', '31'),
	(048, 000068, '41', '53'),
	(049, 000079, '37', '56'),
	(050, 000047, '83', '170'),
	(051, 000095, '64', '195'),
	(052, 000052, '90', '98'),
	(053, 000045, '12', '23'),
	(054, 000085, '48', '110'),
	(055, 000097, '96', '42'),
	(056, 000021, '51', '157'),
	(057, 000058, '12', '165'),
	(058, 000100, '34', '128'),
	(059, 000064, '70', '101'),
	(060, 000029, '83', '30'),
	(061, 000012, '73', '25'),
	(062, 000012, '10', '48'),
	(063, 000043, '3', '15'),
	(064, 000054, '20', '136'),
	(065, 000037, '45', '120'),
	(066, 000053, '83', '175'),
	(067, 000014, '35', '8'),
	(068, 000071, '99', '90'),
	(069, 000094, '41', '75'),
	(070, 000042, '5', '194'),
	(071, 000053, '83', '166'),
	(072, 000092, '65', '156'),
	(073, 000078, '53', '95'),
	(074, 000086, '95', '51'),
	(075, 000060, '80', '15'),
	(076, 000037, '25', '147'),
	(077, 000030, '25', '147'),
	(078, 000025, '17', '95'),
	(079, 000019, '85', '176'),
	(080, 000053, '88', '124'),
	(081, 000026, '31', '20'),
	(082, 000094, '26', '9'),
	(083, 000030, '84', '54'),
	(084, 000001, '84', '159'),
	(085, 000019, '35', '188'),
	(086, 000018, '56', '51'),
	(087, 000066, '4', '1'),
	(088, 000086, '71', '31'),
	(089, 000069, '85', '199'),
	(090, 000033, '11', '95'),
	(091, 000034, '80', '77'),
	(092, 000002, '31', '99'),
	(093, 000012, '56', '160'),
	(094, 000054, '81', '195'),
	(095, 000006, '91', '70'),
	(096, 000071, '55', '82'),
	(097, 000097, '4', '99'),
	(098, 000002, '4', '164'),
	(099, 000086, '63', '122'),
	(100, 000061, '69', '3');
/*!40000 ALTER TABLE `adres` ENABLE KEYS */;

-- Zrzut struktury widok id13767441_dziennik.adres_full_info
-- Tworzenie tymczasowej tabeli, aby przezwyciężyć błędy z zależnościami w WIDOKU
CREATE TABLE `adres_full_info` (
	`adres_ID` INT(3) UNSIGNED ZEROFILL NOT NULL,
	`miejscowosc` VARCHAR(30) NOT NULL COLLATE 'utf8_polish_ci',
	`kod` INT(5) UNSIGNED NOT NULL,
	`ulica` VARCHAR(60) NOT NULL COLLATE 'utf8_polish_ci',
	`nr_domu` VARCHAR(6) NOT NULL COLLATE 'utf8_polish_ci',
	`nr_mieszkania` VARCHAR(4) NULL COLLATE 'utf8_polish_ci'
) ENGINE=MyISAM;

-- Zrzut struktury tabela id13767441_dziennik.czas_lekcji
CREATE TABLE IF NOT EXISTS `czas_lekcji` (
  `czas_lekcji_ID` int(5) unsigned zerofill NOT NULL AUTO_INCREMENT,
  `data` date NOT NULL DEFAULT '0000-00-00',
  `godz_start` time NOT NULL DEFAULT '00:00:00',
  `godz_koniec` time NOT NULL DEFAULT '00:00:00',
  PRIMARY KEY (`czas_lekcji_ID`),
  UNIQUE KEY `ID` (`czas_lekcji_ID`),
  KEY `data` (`data`,`godz_start`) USING BTREE
) ENGINE=InnoDB AUTO_INCREMENT=1016 DEFAULT CHARSET=utf8 COLLATE=utf8_polish_ci;

-- Zrzucanie danych dla tabeli id13767441_dziennik.czas_lekcji: ~1 015 rows (około)
/*!40000 ALTER TABLE `czas_lekcji` DISABLE KEYS */;
REPLACE INTO `czas_lekcji` (`czas_lekcji_ID`, `data`, `godz_start`, `godz_koniec`) VALUES
	(00001, '2020-09-01', '08:00:00', '08:45:00'),
	(00002, '2020-09-01', '08:50:00', '09:35:00'),
	(00003, '2020-09-01', '09:45:00', '10:30:00'),
	(00004, '2020-09-01', '10:40:00', '11:25:00'),
	(00005, '2020-09-01', '11:35:00', '12:10:00'),
	(00006, '2020-09-01', '12:25:00', '13:10:00'),
	(00007, '2020-09-01', '13:20:00', '14:05:00'),
	(00008, '2020-09-01', '14:15:00', '15:00:00'),
	(00009, '2020-09-01', '15:05:00', '15:50:00'),
	(00010, '2020-09-02', '08:00:00', '08:45:00'),
	(00011, '2020-09-02', '08:50:00', '09:35:00'),
	(00012, '2020-09-02', '09:45:00', '10:30:00'),
	(00013, '2020-09-02', '10:40:00', '11:25:00'),
	(00014, '2020-09-02', '11:35:00', '12:10:00'),
	(00015, '2020-09-02', '12:25:00', '13:10:00'),
	(00016, '2020-09-02', '13:20:00', '14:05:00'),
	(00017, '2020-09-02', '14:15:00', '15:00:00'),
	(00018, '2020-09-02', '15:05:00', '15:50:00'),
	(00019, '2020-09-03', '08:00:00', '08:45:00'),
	(00020, '2020-09-03', '08:50:00', '09:35:00'),
	(00021, '2020-09-03', '09:45:00', '10:30:00'),
	(00022, '2020-09-03', '10:40:00', '11:25:00'),
	(00023, '2020-09-03', '11:35:00', '12:10:00'),
	(00024, '2020-09-03', '12:25:00', '13:10:00'),
	(00025, '2020-09-03', '13:20:00', '14:05:00'),
	(00026, '2020-09-03', '14:15:00', '15:00:00'),
	(00027, '2020-09-03', '15:05:00', '15:50:00'),
	(00028, '2020-09-04', '08:00:00', '08:45:00'),
	(00029, '2020-09-04', '08:50:00', '09:35:00'),
	(00030, '2020-09-04', '09:45:00', '10:30:00'),
	(00031, '2020-09-04', '10:40:00', '11:25:00'),
	(00032, '2020-09-04', '11:35:00', '12:10:00'),
	(00033, '2020-09-04', '12:25:00', '13:10:00'),
	(00034, '2020-09-04', '13:20:00', '14:05:00'),
	(00035, '2020-09-04', '14:15:00', '15:00:00'),
	(00036, '2020-09-04', '15:05:00', '15:50:00'),
	(00037, '2020-09-05', '08:00:00', '08:45:00'),
	(00038, '2020-09-05', '08:50:00', '09:35:00'),
	(00039, '2020-09-05', '09:45:00', '10:30:00'),
	(00040, '2020-09-05', '10:40:00', '11:25:00'),
	(00041, '2020-09-05', '11:35:00', '12:10:00'),
	(00042, '2020-09-05', '12:25:00', '13:10:00'),
	(00043, '2020-09-05', '13:20:00', '14:05:00'),
	(00044, '2020-09-05', '14:15:00', '15:00:00'),
	(00045, '2020-09-05', '15:05:00', '15:50:00'),
	(00046, '2020-09-06', '08:00:00', '08:45:00'),
	(00047, '2020-09-06', '08:50:00', '09:35:00'),
	(00048, '2020-09-06', '09:45:00', '10:30:00'),
	(00049, '2020-09-06', '10:40:00', '11:25:00'),
	(00050, '2020-09-06', '11:35:00', '12:10:00'),
	(00051, '2020-09-06', '12:25:00', '13:10:00'),
	(00052, '2020-09-06', '13:20:00', '14:05:00'),
	(00053, '2020-09-06', '14:15:00', '15:00:00'),
	(00054, '2020-09-06', '15:05:00', '15:50:00'),
	(00055, '2020-09-07', '08:00:00', '08:45:00'),
	(00056, '2020-09-07', '08:50:00', '09:35:00'),
	(00057, '2020-09-07', '09:45:00', '10:30:00'),
	(00058, '2020-09-07', '10:40:00', '11:25:00'),
	(00059, '2020-09-07', '11:35:00', '12:10:00'),
	(00060, '2020-09-07', '12:25:00', '13:10:00'),
	(00061, '2020-09-07', '13:20:00', '14:05:00'),
	(00062, '2020-09-07', '14:15:00', '15:00:00'),
	(00063, '2020-09-07', '15:05:00', '15:50:00'),
	(00064, '2020-09-08', '08:00:00', '08:45:00'),
	(00065, '2020-09-08', '08:50:00', '09:35:00'),
	(00066, '2020-09-08', '09:45:00', '10:30:00'),
	(00067, '2020-09-08', '10:40:00', '11:25:00'),
	(00068, '2020-09-08', '11:35:00', '12:10:00'),
	(00069, '2020-09-08', '12:25:00', '13:10:00'),
	(00070, '2020-09-08', '13:20:00', '14:05:00'),
	(00071, '2020-09-08', '14:15:00', '15:00:00'),
	(00072, '2020-09-08', '15:05:00', '15:50:00'),
	(00073, '2020-09-09', '08:00:00', '08:45:00'),
	(00074, '2020-09-09', '08:50:00', '09:35:00'),
	(00075, '2020-09-09', '09:45:00', '10:30:00'),
	(00076, '2020-09-09', '10:40:00', '11:25:00'),
	(00077, '2020-09-09', '11:35:00', '12:10:00'),
	(00078, '2020-09-09', '12:25:00', '13:10:00'),
	(00079, '2020-09-09', '13:20:00', '14:05:00'),
	(00080, '2020-09-09', '14:15:00', '15:00:00'),
	(00081, '2020-09-09', '15:05:00', '15:50:00'),
	(00082, '2020-09-10', '08:00:00', '08:45:00'),
	(00083, '2020-09-10', '08:50:00', '09:35:00'),
	(00084, '2020-09-10', '09:45:00', '10:30:00'),
	(00085, '2020-09-10', '10:40:00', '11:25:00'),
	(00086, '2020-09-10', '11:35:00', '12:10:00'),
	(00087, '2020-09-10', '12:25:00', '13:10:00'),
	(00088, '2020-09-10', '13:20:00', '14:05:00'),
	(00089, '2020-09-10', '14:15:00', '15:00:00'),
	(00090, '2020-09-10', '15:05:00', '15:50:00'),
	(00091, '2020-09-11', '08:00:00', '08:45:00'),
	(00092, '2020-09-11', '08:50:00', '09:35:00'),
	(00093, '2020-09-11', '09:45:00', '10:30:00'),
	(00094, '2020-09-11', '10:40:00', '11:25:00'),
	(00095, '2020-09-11', '11:35:00', '12:10:00'),
	(00096, '2020-09-11', '12:25:00', '13:10:00'),
	(00097, '2020-09-11', '13:20:00', '14:05:00'),
	(00098, '2020-09-11', '14:15:00', '15:00:00'),
	(00099, '2020-09-11', '15:05:00', '15:50:00'),
	(00100, '2020-09-12', '08:00:00', '08:45:00'),
	(00101, '2020-09-12', '08:50:00', '09:35:00'),
	(00102, '2020-09-12', '09:45:00', '10:30:00'),
	(00103, '2020-09-12', '10:40:00', '11:25:00'),
	(00104, '2020-09-12', '11:35:00', '12:10:00'),
	(00105, '2020-09-12', '12:25:00', '13:10:00'),
	(00106, '2020-09-12', '13:20:00', '14:05:00'),
	(00107, '2020-09-12', '14:15:00', '15:00:00'),
	(00108, '2020-09-12', '15:05:00', '15:50:00'),
	(00109, '2020-09-13', '08:00:00', '08:45:00'),
	(00110, '2020-09-13', '08:50:00', '09:35:00'),
	(00111, '2020-09-13', '09:45:00', '10:30:00'),
	(00112, '2020-09-13', '10:40:00', '11:25:00'),
	(00113, '2020-09-13', '11:35:00', '12:10:00'),
	(00114, '2020-09-13', '12:25:00', '13:10:00'),
	(00115, '2020-09-13', '13:20:00', '14:05:00'),
	(00116, '2020-09-13', '14:15:00', '15:00:00'),
	(00117, '2020-09-13', '15:05:00', '15:50:00'),
	(00118, '2020-09-14', '08:00:00', '08:45:00'),
	(00119, '2020-09-14', '08:50:00', '09:35:00'),
	(00120, '2020-09-14', '09:45:00', '10:30:00'),
	(00121, '2020-09-14', '10:40:00', '11:25:00'),
	(00122, '2020-09-14', '11:35:00', '12:10:00'),
	(00123, '2020-09-14', '12:25:00', '13:10:00'),
	(00124, '2020-09-14', '13:20:00', '14:05:00'),
	(00125, '2020-09-14', '14:15:00', '15:00:00'),
	(00126, '2020-09-14', '15:05:00', '15:50:00'),
	(00127, '2020-09-15', '08:00:00', '08:45:00'),
	(00128, '2020-09-15', '08:50:00', '09:35:00'),
	(00129, '2020-09-15', '09:45:00', '10:30:00'),
	(00130, '2020-09-15', '10:40:00', '11:25:00'),
	(00131, '2020-09-15', '11:35:00', '12:10:00'),
	(00132, '2020-09-15', '12:25:00', '13:10:00'),
	(00133, '2020-09-15', '13:20:00', '14:05:00'),
	(00134, '2020-09-15', '14:15:00', '15:00:00'),
	(00135, '2020-09-15', '15:05:00', '15:50:00'),
	(00136, '2020-09-16', '08:00:00', '08:45:00'),
	(00137, '2020-09-16', '08:50:00', '09:35:00'),
	(00138, '2020-09-16', '09:45:00', '10:30:00'),
	(00139, '2020-09-16', '10:40:00', '11:25:00'),
	(00140, '2020-09-16', '11:35:00', '12:10:00'),
	(00141, '2020-09-16', '12:25:00', '13:10:00'),
	(00142, '2020-09-16', '13:20:00', '14:05:00'),
	(00143, '2020-09-16', '14:15:00', '15:00:00'),
	(00144, '2020-09-16', '15:05:00', '15:50:00'),
	(00145, '2020-09-17', '08:00:00', '08:45:00'),
	(00146, '2020-09-17', '08:50:00', '09:35:00'),
	(00147, '2020-09-17', '09:45:00', '10:30:00'),
	(00148, '2020-09-17', '10:40:00', '11:25:00'),
	(00149, '2020-09-17', '11:35:00', '12:10:00'),
	(00150, '2020-09-17', '12:25:00', '13:10:00'),
	(00151, '2020-09-17', '13:20:00', '14:05:00'),
	(00152, '2020-09-17', '14:15:00', '15:00:00'),
	(00153, '2020-09-17', '15:05:00', '15:50:00'),
	(00154, '2020-09-18', '08:00:00', '08:45:00'),
	(00155, '2020-09-18', '08:50:00', '09:35:00'),
	(00156, '2020-09-18', '09:45:00', '10:30:00'),
	(00157, '2020-09-18', '10:40:00', '11:25:00'),
	(00158, '2020-09-18', '11:35:00', '12:10:00'),
	(00159, '2020-09-18', '12:25:00', '13:10:00'),
	(00160, '2020-09-18', '13:20:00', '14:05:00'),
	(00161, '2020-09-18', '14:15:00', '15:00:00'),
	(00162, '2020-09-18', '15:05:00', '15:50:00'),
	(00163, '2020-09-19', '08:00:00', '08:45:00'),
	(00164, '2020-09-19', '08:50:00', '09:35:00'),
	(00165, '2020-09-19', '09:45:00', '10:30:00'),
	(00166, '2020-09-19', '10:40:00', '11:25:00'),
	(00167, '2020-09-19', '11:35:00', '12:10:00'),
	(00168, '2020-09-19', '12:25:00', '13:10:00'),
	(00169, '2020-09-19', '13:20:00', '14:05:00'),
	(00170, '2020-09-19', '14:15:00', '15:00:00'),
	(00171, '2020-09-19', '15:05:00', '15:50:00'),
	(00172, '2020-09-20', '08:00:00', '08:45:00'),
	(00173, '2020-09-20', '08:50:00', '09:35:00'),
	(00174, '2020-09-20', '09:45:00', '10:30:00'),
	(00175, '2020-09-20', '10:40:00', '11:25:00'),
	(00176, '2020-09-20', '11:35:00', '12:10:00'),
	(00177, '2020-09-20', '12:25:00', '13:10:00'),
	(00178, '2020-09-20', '13:20:00', '14:05:00'),
	(00179, '2020-09-20', '14:15:00', '15:00:00'),
	(00180, '2020-09-20', '15:05:00', '15:50:00'),
	(00181, '2020-09-21', '08:00:00', '08:45:00'),
	(00182, '2020-09-21', '08:50:00', '09:35:00'),
	(00183, '2020-09-21', '09:45:00', '10:30:00'),
	(00184, '2020-09-21', '10:40:00', '11:25:00'),
	(00185, '2020-09-21', '11:35:00', '12:10:00'),
	(00186, '2020-09-21', '12:25:00', '13:10:00'),
	(00187, '2020-09-21', '13:20:00', '14:05:00'),
	(00188, '2020-09-21', '14:15:00', '15:00:00'),
	(00189, '2020-09-21', '15:05:00', '15:50:00'),
	(00190, '2020-09-22', '08:00:00', '08:45:00'),
	(00191, '2020-09-22', '08:50:00', '09:35:00'),
	(00192, '2020-09-22', '09:45:00', '10:30:00'),
	(00193, '2020-09-22', '10:40:00', '11:25:00'),
	(00194, '2020-09-22', '11:35:00', '12:10:00'),
	(00195, '2020-09-22', '12:25:00', '13:10:00'),
	(00196, '2020-09-22', '13:20:00', '14:05:00'),
	(00197, '2020-09-22', '14:15:00', '15:00:00'),
	(00198, '2020-09-22', '15:05:00', '15:50:00'),
	(00199, '2020-09-23', '08:00:00', '08:45:00'),
	(00200, '2020-09-23', '08:50:00', '09:35:00'),
	(00201, '2020-09-23', '09:45:00', '10:30:00'),
	(00202, '2020-09-23', '10:40:00', '11:25:00'),
	(00203, '2020-09-23', '11:35:00', '12:10:00'),
	(00204, '2020-09-23', '12:25:00', '13:10:00'),
	(00205, '2020-09-23', '13:20:00', '14:05:00'),
	(00206, '2020-09-23', '14:15:00', '15:00:00'),
	(00207, '2020-09-23', '15:05:00', '15:50:00'),
	(00208, '2020-09-24', '08:00:00', '08:45:00'),
	(00209, '2020-09-24', '08:50:00', '09:35:00'),
	(00210, '2020-09-24', '09:45:00', '10:30:00'),
	(00211, '2020-09-24', '10:40:00', '11:25:00'),
	(00212, '2020-09-24', '11:35:00', '12:10:00'),
	(00213, '2020-09-24', '12:25:00', '13:10:00'),
	(00214, '2020-09-24', '13:20:00', '14:05:00'),
	(00215, '2020-09-24', '14:15:00', '15:00:00'),
	(00216, '2020-09-24', '15:05:00', '15:50:00'),
	(00217, '2020-09-25', '08:00:00', '08:45:00'),
	(00218, '2020-09-25', '08:50:00', '09:35:00'),
	(00219, '2020-09-25', '09:45:00', '10:30:00'),
	(00220, '2020-09-25', '10:40:00', '11:25:00'),
	(00221, '2020-09-25', '11:35:00', '12:10:00'),
	(00222, '2020-09-25', '12:25:00', '13:10:00'),
	(00223, '2020-09-25', '13:20:00', '14:05:00'),
	(00224, '2020-09-25', '14:15:00', '15:00:00'),
	(00225, '2020-09-25', '15:05:00', '15:50:00'),
	(00226, '2020-09-26', '08:00:00', '08:45:00'),
	(00227, '2020-09-26', '08:50:00', '09:35:00'),
	(00228, '2020-09-26', '09:45:00', '10:30:00'),
	(00229, '2020-09-26', '10:40:00', '11:25:00'),
	(00230, '2020-09-26', '11:35:00', '12:10:00'),
	(00231, '2020-09-26', '12:25:00', '13:10:00'),
	(00232, '2020-09-26', '13:20:00', '14:05:00'),
	(00233, '2020-09-26', '14:15:00', '15:00:00'),
	(00234, '2020-09-26', '15:05:00', '15:50:00'),
	(00235, '2020-09-27', '08:00:00', '08:45:00'),
	(00236, '2020-09-27', '08:50:00', '09:35:00'),
	(00237, '2020-09-27', '09:45:00', '10:30:00'),
	(00238, '2020-09-27', '10:40:00', '11:25:00'),
	(00239, '2020-09-27', '11:35:00', '12:10:00'),
	(00240, '2020-09-27', '12:25:00', '13:10:00'),
	(00241, '2020-09-27', '13:20:00', '14:05:00'),
	(00242, '2020-09-27', '14:15:00', '15:00:00'),
	(00243, '2020-09-27', '15:05:00', '15:50:00'),
	(00244, '2020-09-28', '08:00:00', '08:45:00'),
	(00245, '2020-09-28', '08:50:00', '09:35:00'),
	(00246, '2020-09-28', '09:45:00', '10:30:00'),
	(00247, '2020-09-28', '10:40:00', '11:25:00'),
	(00248, '2020-09-28', '11:35:00', '12:10:00'),
	(00249, '2020-09-28', '12:25:00', '13:10:00'),
	(00250, '2020-09-28', '13:20:00', '14:05:00'),
	(00251, '2020-09-28', '14:15:00', '15:00:00'),
	(00252, '2020-09-28', '15:05:00', '15:50:00'),
	(00253, '2020-09-29', '08:00:00', '08:45:00'),
	(00254, '2020-09-29', '08:50:00', '09:35:00'),
	(00255, '2020-09-29', '09:45:00', '10:30:00'),
	(00256, '2020-09-29', '10:40:00', '11:25:00'),
	(00257, '2020-09-29', '11:35:00', '12:10:00'),
	(00258, '2020-09-29', '12:25:00', '13:10:00'),
	(00259, '2020-09-29', '13:20:00', '14:05:00'),
	(00260, '2020-09-29', '14:15:00', '15:00:00'),
	(00261, '2020-09-29', '15:05:00', '15:50:00'),
	(00262, '2020-09-30', '08:00:00', '08:45:00'),
	(00263, '2020-09-30', '08:50:00', '09:35:00'),
	(00264, '2020-09-30', '09:45:00', '10:30:00'),
	(00265, '2020-09-30', '10:40:00', '11:25:00'),
	(00266, '2020-09-30', '11:35:00', '12:10:00'),
	(00267, '2020-09-30', '12:25:00', '13:10:00'),
	(00268, '2020-09-30', '13:20:00', '14:05:00'),
	(00269, '2020-09-30', '14:15:00', '15:00:00'),
	(00270, '2020-09-30', '15:05:00', '15:50:00'),
	(00271, '2020-10-01', '08:00:00', '08:45:00'),
	(00272, '2020-10-01', '08:50:00', '09:35:00'),
	(00273, '2020-10-01', '09:45:00', '10:30:00'),
	(00274, '2020-10-01', '10:40:00', '11:25:00'),
	(00275, '2020-10-01', '11:35:00', '12:10:00'),
	(00276, '2020-10-01', '12:25:00', '13:10:00'),
	(00277, '2020-10-01', '13:20:00', '14:05:00'),
	(00278, '2020-10-01', '14:15:00', '15:00:00'),
	(00279, '2020-10-01', '15:05:00', '15:50:00'),
	(00280, '2020-10-02', '08:00:00', '08:45:00'),
	(00281, '2020-10-02', '08:50:00', '09:35:00'),
	(00282, '2020-10-02', '09:45:00', '10:30:00'),
	(00283, '2020-10-02', '10:40:00', '11:25:00'),
	(00284, '2020-10-02', '11:35:00', '12:10:00'),
	(00285, '2020-10-02', '12:25:00', '13:10:00'),
	(00286, '2020-10-02', '13:20:00', '14:05:00'),
	(00287, '2020-10-02', '14:15:00', '15:00:00'),
	(00288, '2020-10-02', '15:05:00', '15:50:00'),
	(00289, '2020-10-03', '08:00:00', '08:45:00'),
	(00290, '2020-10-03', '08:50:00', '09:35:00'),
	(00291, '2020-10-03', '09:45:00', '10:30:00'),
	(00292, '2020-10-03', '10:40:00', '11:25:00'),
	(00293, '2020-10-03', '11:35:00', '12:10:00'),
	(00294, '2020-10-03', '12:25:00', '13:10:00'),
	(00295, '2020-10-03', '13:20:00', '14:05:00'),
	(00296, '2020-10-03', '14:15:00', '15:00:00'),
	(00297, '2020-10-03', '15:05:00', '15:50:00'),
	(00298, '2020-10-04', '08:00:00', '08:45:00'),
	(00299, '2020-10-04', '08:50:00', '09:35:00'),
	(00300, '2020-10-04', '09:45:00', '10:30:00'),
	(00301, '2020-10-04', '10:40:00', '11:25:00'),
	(00302, '2020-10-04', '11:35:00', '12:10:00'),
	(00303, '2020-10-04', '12:25:00', '13:10:00'),
	(00304, '2020-10-04', '13:20:00', '14:05:00'),
	(00305, '2020-10-04', '14:15:00', '15:00:00'),
	(00306, '2020-10-04', '15:05:00', '15:50:00'),
	(00307, '2020-10-05', '08:00:00', '08:45:00'),
	(00308, '2020-10-05', '08:50:00', '09:35:00'),
	(00309, '2020-10-05', '09:45:00', '10:30:00'),
	(00310, '2020-10-05', '10:40:00', '11:25:00'),
	(00311, '2020-10-05', '11:35:00', '12:10:00'),
	(00312, '2020-10-05', '12:25:00', '13:10:00'),
	(00313, '2020-10-05', '13:20:00', '14:05:00'),
	(00314, '2020-10-05', '14:15:00', '15:00:00'),
	(00315, '2020-10-05', '15:05:00', '15:50:00'),
	(00316, '2020-10-06', '08:00:00', '08:45:00'),
	(00317, '2020-10-06', '08:50:00', '09:35:00'),
	(00318, '2020-10-06', '09:45:00', '10:30:00'),
	(00319, '2020-10-06', '10:40:00', '11:25:00'),
	(00320, '2020-10-06', '11:35:00', '12:10:00'),
	(00321, '2020-10-06', '12:25:00', '13:10:00'),
	(00322, '2020-10-06', '13:20:00', '14:05:00'),
	(00323, '2020-10-06', '14:15:00', '15:00:00'),
	(00324, '2020-10-06', '15:05:00', '15:50:00'),
	(00325, '2020-10-07', '08:00:00', '08:45:00'),
	(00326, '2020-10-07', '08:50:00', '09:35:00'),
	(00327, '2020-10-07', '09:45:00', '10:30:00'),
	(00328, '2020-10-07', '10:40:00', '11:25:00'),
	(00329, '2020-10-07', '11:35:00', '12:10:00'),
	(00330, '2020-10-07', '12:25:00', '13:10:00'),
	(00331, '2020-10-07', '13:20:00', '14:05:00'),
	(00332, '2020-10-07', '14:15:00', '15:00:00'),
	(00333, '2020-10-07', '15:05:00', '15:50:00'),
	(00334, '2020-10-08', '08:00:00', '08:45:00'),
	(00335, '2020-10-08', '08:50:00', '09:35:00'),
	(00336, '2020-10-08', '09:45:00', '10:30:00'),
	(00337, '2020-10-08', '10:40:00', '11:25:00'),
	(00338, '2020-10-08', '11:35:00', '12:10:00'),
	(00339, '2020-10-08', '12:25:00', '13:10:00'),
	(00340, '2020-10-08', '13:20:00', '14:05:00'),
	(00341, '2020-10-08', '14:15:00', '15:00:00'),
	(00342, '2020-10-08', '15:05:00', '15:50:00'),
	(00343, '2020-10-09', '08:00:00', '08:45:00'),
	(00344, '2020-10-09', '08:50:00', '09:35:00'),
	(00345, '2020-10-09', '09:45:00', '10:30:00'),
	(00346, '2020-10-09', '10:40:00', '11:25:00'),
	(00347, '2020-10-09', '11:35:00', '12:10:00'),
	(00348, '2020-10-09', '12:25:00', '13:10:00'),
	(00349, '2020-10-09', '13:20:00', '14:05:00'),
	(00350, '2020-10-09', '14:15:00', '15:00:00'),
	(00351, '2020-10-09', '15:05:00', '15:50:00'),
	(00352, '2020-10-10', '08:00:00', '08:45:00'),
	(00353, '2020-10-10', '08:50:00', '09:35:00'),
	(00354, '2020-10-10', '09:45:00', '10:30:00'),
	(00355, '2020-10-10', '10:40:00', '11:25:00'),
	(00356, '2020-10-10', '11:35:00', '12:10:00'),
	(00357, '2020-10-10', '12:25:00', '13:10:00'),
	(00358, '2020-10-10', '13:20:00', '14:05:00'),
	(00359, '2020-10-10', '14:15:00', '15:00:00'),
	(00360, '2020-10-10', '15:05:00', '15:50:00'),
	(00361, '2020-10-11', '08:00:00', '08:45:00'),
	(00362, '2020-10-11', '08:50:00', '09:35:00'),
	(00363, '2020-10-11', '09:45:00', '10:30:00'),
	(00364, '2020-10-11', '10:40:00', '11:25:00'),
	(00365, '2020-10-11', '11:35:00', '12:10:00'),
	(00366, '2020-10-11', '12:25:00', '13:10:00'),
	(00367, '2020-10-11', '13:20:00', '14:05:00'),
	(00368, '2020-10-11', '14:15:00', '15:00:00'),
	(00369, '2020-10-11', '15:05:00', '15:50:00'),
	(00370, '2020-10-12', '08:00:00', '08:45:00'),
	(00371, '2020-10-12', '08:50:00', '09:35:00'),
	(00372, '2020-10-12', '09:45:00', '10:30:00'),
	(00373, '2020-10-12', '10:40:00', '11:25:00'),
	(00374, '2020-10-12', '11:35:00', '12:10:00'),
	(00375, '2020-10-12', '12:25:00', '13:10:00'),
	(00376, '2020-10-12', '13:20:00', '14:05:00'),
	(00377, '2020-10-12', '14:15:00', '15:00:00'),
	(00378, '2020-10-12', '15:05:00', '15:50:00'),
	(00379, '2020-10-13', '08:00:00', '08:45:00'),
	(00380, '2020-10-13', '08:50:00', '09:35:00'),
	(00381, '2020-10-13', '09:45:00', '10:30:00'),
	(00382, '2020-10-13', '10:40:00', '11:25:00'),
	(00383, '2020-10-13', '11:35:00', '12:10:00'),
	(00384, '2020-10-13', '12:25:00', '13:10:00'),
	(00385, '2020-10-13', '13:20:00', '14:05:00'),
	(00386, '2020-10-13', '14:15:00', '15:00:00'),
	(00387, '2020-10-13', '15:05:00', '15:50:00'),
	(00388, '2020-10-14', '08:00:00', '08:45:00'),
	(00389, '2020-10-14', '08:50:00', '09:35:00'),
	(00390, '2020-10-14', '09:45:00', '10:30:00'),
	(00391, '2020-10-14', '10:40:00', '11:25:00'),
	(00392, '2020-10-14', '11:35:00', '12:10:00'),
	(00393, '2020-10-14', '12:25:00', '13:10:00'),
	(00394, '2020-10-14', '13:20:00', '14:05:00'),
	(00395, '2020-10-14', '14:15:00', '15:00:00'),
	(00396, '2020-10-14', '15:05:00', '15:50:00'),
	(00397, '2020-10-15', '08:00:00', '08:45:00'),
	(00398, '2020-10-15', '08:50:00', '09:35:00'),
	(00399, '2020-10-15', '09:45:00', '10:30:00'),
	(00400, '2020-10-15', '10:40:00', '11:25:00'),
	(00401, '2020-10-15', '11:35:00', '12:10:00'),
	(00402, '2020-10-15', '12:25:00', '13:10:00'),
	(00403, '2020-10-15', '13:20:00', '14:05:00'),
	(00404, '2020-10-15', '14:15:00', '15:00:00'),
	(00405, '2020-10-15', '15:05:00', '15:50:00'),
	(00406, '2020-10-16', '08:00:00', '08:45:00'),
	(00407, '2020-10-16', '08:50:00', '09:35:00'),
	(00408, '2020-10-16', '09:45:00', '10:30:00'),
	(00409, '2020-10-16', '10:40:00', '11:25:00'),
	(00410, '2020-10-16', '11:35:00', '12:10:00'),
	(00411, '2020-10-16', '12:25:00', '13:10:00'),
	(00412, '2020-10-16', '13:20:00', '14:05:00'),
	(00413, '2020-10-16', '14:15:00', '15:00:00'),
	(00414, '2020-10-16', '15:05:00', '15:50:00'),
	(00415, '2020-10-17', '08:00:00', '08:45:00'),
	(00416, '2020-10-17', '08:50:00', '09:35:00'),
	(00417, '2020-10-17', '09:45:00', '10:30:00'),
	(00418, '2020-10-17', '10:40:00', '11:25:00'),
	(00419, '2020-10-17', '11:35:00', '12:10:00'),
	(00420, '2020-10-17', '12:25:00', '13:10:00'),
	(00421, '2020-10-17', '13:20:00', '14:05:00'),
	(00422, '2020-10-17', '14:15:00', '15:00:00'),
	(00423, '2020-10-17', '15:05:00', '15:50:00'),
	(00424, '2020-10-18', '08:00:00', '08:45:00'),
	(00425, '2020-10-18', '08:50:00', '09:35:00'),
	(00426, '2020-10-18', '09:45:00', '10:30:00'),
	(00427, '2020-10-18', '10:40:00', '11:25:00'),
	(00428, '2020-10-18', '11:35:00', '12:10:00'),
	(00429, '2020-10-18', '12:25:00', '13:10:00'),
	(00430, '2020-10-18', '13:20:00', '14:05:00'),
	(00431, '2020-10-18', '14:15:00', '15:00:00'),
	(00432, '2020-10-18', '15:05:00', '15:50:00'),
	(00433, '2020-10-19', '08:00:00', '08:45:00'),
	(00434, '2020-10-19', '08:50:00', '09:35:00'),
	(00435, '2020-10-19', '09:45:00', '10:30:00'),
	(00436, '2020-10-19', '10:40:00', '11:25:00'),
	(00437, '2020-10-19', '11:35:00', '12:10:00'),
	(00438, '2020-10-19', '12:25:00', '13:10:00'),
	(00439, '2020-10-19', '13:20:00', '14:05:00'),
	(00440, '2020-10-19', '14:15:00', '15:00:00'),
	(00441, '2020-10-19', '15:05:00', '15:50:00'),
	(00442, '2020-10-20', '08:00:00', '08:45:00'),
	(00443, '2020-10-20', '08:50:00', '09:35:00'),
	(00444, '2020-10-20', '09:45:00', '10:30:00'),
	(00445, '2020-10-20', '10:40:00', '11:25:00'),
	(00446, '2020-10-20', '11:35:00', '12:10:00'),
	(00447, '2020-10-20', '12:25:00', '13:10:00'),
	(00448, '2020-10-20', '13:20:00', '14:05:00'),
	(00449, '2020-10-20', '14:15:00', '15:00:00'),
	(00450, '2020-10-20', '15:05:00', '15:50:00'),
	(00451, '2020-10-21', '08:00:00', '08:45:00'),
	(00452, '2020-10-21', '08:50:00', '09:35:00'),
	(00453, '2020-10-21', '09:45:00', '10:30:00'),
	(00454, '2020-10-21', '10:40:00', '11:25:00'),
	(00455, '2020-10-21', '11:35:00', '12:10:00'),
	(00456, '2020-10-21', '12:25:00', '13:10:00'),
	(00457, '2020-10-21', '13:20:00', '14:05:00'),
	(00458, '2020-10-21', '14:15:00', '15:00:00'),
	(00459, '2020-10-21', '15:05:00', '15:50:00'),
	(00460, '2020-10-22', '08:00:00', '08:45:00'),
	(00461, '2020-10-22', '08:50:00', '09:35:00'),
	(00462, '2020-10-22', '09:45:00', '10:30:00'),
	(00463, '2020-10-22', '10:40:00', '11:25:00'),
	(00464, '2020-10-22', '11:35:00', '12:10:00'),
	(00465, '2020-10-22', '12:25:00', '13:10:00'),
	(00466, '2020-10-22', '13:20:00', '14:05:00'),
	(00467, '2020-10-22', '14:15:00', '15:00:00'),
	(00468, '2020-10-22', '15:05:00', '15:50:00'),
	(00469, '2020-10-23', '08:00:00', '08:45:00'),
	(00470, '2020-10-23', '08:50:00', '09:35:00'),
	(00471, '2020-10-23', '09:45:00', '10:30:00'),
	(00472, '2020-10-23', '10:40:00', '11:25:00'),
	(00473, '2020-10-23', '11:35:00', '12:10:00'),
	(00474, '2020-10-23', '12:25:00', '13:10:00'),
	(00475, '2020-10-23', '13:20:00', '14:05:00'),
	(00476, '2020-10-23', '14:15:00', '15:00:00'),
	(00477, '2020-10-23', '15:05:00', '15:50:00'),
	(00478, '2020-10-24', '08:00:00', '08:45:00'),
	(00479, '2020-10-24', '08:50:00', '09:35:00'),
	(00480, '2020-10-24', '09:45:00', '10:30:00'),
	(00481, '2020-10-24', '10:40:00', '11:25:00'),
	(00482, '2020-10-24', '11:35:00', '12:10:00'),
	(00483, '2020-10-24', '12:25:00', '13:10:00'),
	(00484, '2020-10-24', '13:20:00', '14:05:00'),
	(00485, '2020-10-24', '14:15:00', '15:00:00'),
	(00486, '2020-10-24', '15:05:00', '15:50:00'),
	(00487, '2020-10-25', '08:00:00', '08:45:00'),
	(00488, '2020-10-25', '08:50:00', '09:35:00'),
	(00489, '2020-10-25', '09:45:00', '10:30:00'),
	(00490, '2020-10-25', '10:40:00', '11:25:00'),
	(00491, '2020-10-25', '11:35:00', '12:10:00'),
	(00492, '2020-10-25', '12:25:00', '13:10:00'),
	(00493, '2020-10-25', '13:20:00', '14:05:00'),
	(00494, '2020-10-25', '14:15:00', '15:00:00'),
	(00495, '2020-10-25', '15:05:00', '15:50:00'),
	(00496, '2020-10-26', '08:00:00', '08:45:00'),
	(00497, '2020-10-26', '08:50:00', '09:35:00'),
	(00498, '2020-10-26', '09:45:00', '10:30:00'),
	(00499, '2020-10-26', '10:40:00', '11:25:00'),
	(00500, '2020-10-26', '11:35:00', '12:10:00'),
	(00501, '2020-10-26', '12:25:00', '13:10:00'),
	(00502, '2020-10-26', '13:20:00', '14:05:00'),
	(00503, '2020-10-26', '14:15:00', '15:00:00'),
	(00504, '2020-10-26', '15:05:00', '15:50:00'),
	(00505, '2020-10-27', '08:00:00', '08:45:00'),
	(00506, '2020-10-27', '08:50:00', '09:35:00'),
	(00507, '2020-10-27', '09:45:00', '10:30:00'),
	(00508, '2020-10-27', '10:40:00', '11:25:00'),
	(00509, '2020-10-27', '11:35:00', '12:10:00'),
	(00510, '2020-10-27', '12:25:00', '13:10:00'),
	(00511, '2020-10-27', '13:20:00', '14:05:00'),
	(00512, '2020-10-27', '14:15:00', '15:00:00'),
	(00513, '2020-10-27', '15:05:00', '15:50:00'),
	(00514, '2020-10-28', '08:00:00', '08:45:00'),
	(00515, '2020-10-28', '08:50:00', '09:35:00'),
	(00516, '2020-10-28', '09:45:00', '10:30:00'),
	(00517, '2020-10-28', '10:40:00', '11:25:00'),
	(00518, '2020-10-28', '11:35:00', '12:10:00'),
	(00519, '2020-10-28', '12:25:00', '13:10:00'),
	(00520, '2020-10-28', '13:20:00', '14:05:00'),
	(00521, '2020-10-28', '14:15:00', '15:00:00'),
	(00522, '2020-10-28', '15:05:00', '15:50:00'),
	(00523, '2020-10-29', '08:00:00', '08:45:00'),
	(00524, '2020-10-29', '08:50:00', '09:35:00'),
	(00525, '2020-10-29', '09:45:00', '10:30:00'),
	(00526, '2020-10-29', '10:40:00', '11:25:00'),
	(00527, '2020-10-29', '11:35:00', '12:10:00'),
	(00528, '2020-10-29', '12:25:00', '13:10:00'),
	(00529, '2020-10-29', '13:20:00', '14:05:00'),
	(00530, '2020-10-29', '14:15:00', '15:00:00'),
	(00531, '2020-10-29', '15:05:00', '15:50:00'),
	(00532, '2020-10-30', '08:00:00', '08:45:00'),
	(00533, '2020-10-30', '08:50:00', '09:35:00'),
	(00534, '2020-10-30', '09:45:00', '10:30:00'),
	(00535, '2020-10-30', '10:40:00', '11:25:00'),
	(00536, '2020-10-30', '11:35:00', '12:10:00'),
	(00537, '2020-10-30', '12:25:00', '13:10:00'),
	(00538, '2020-10-30', '13:20:00', '14:05:00'),
	(00539, '2020-10-30', '14:15:00', '15:00:00'),
	(00540, '2020-10-30', '15:05:00', '15:50:00'),
	(00541, '2020-10-31', '08:00:00', '08:45:00'),
	(00542, '2020-10-31', '08:50:00', '09:35:00'),
	(00543, '2020-10-31', '09:45:00', '10:30:00'),
	(00544, '2020-10-31', '10:40:00', '11:25:00'),
	(00545, '2020-10-31', '11:35:00', '12:10:00'),
	(00546, '2020-10-31', '12:25:00', '13:10:00'),
	(00547, '2020-10-31', '13:20:00', '14:05:00'),
	(00548, '2020-10-31', '14:15:00', '15:00:00'),
	(00549, '2020-10-31', '15:05:00', '15:50:00'),
	(00550, '2020-11-01', '08:00:00', '08:45:00'),
	(00551, '2020-11-01', '08:50:00', '09:35:00'),
	(00552, '2020-11-01', '09:45:00', '10:30:00'),
	(00553, '2020-11-01', '10:40:00', '11:25:00'),
	(00554, '2020-11-01', '11:35:00', '12:10:00'),
	(00555, '2020-11-01', '12:25:00', '13:10:00'),
	(00556, '2020-11-01', '13:20:00', '14:05:00'),
	(00557, '2020-11-01', '14:15:00', '15:00:00'),
	(00558, '2020-11-01', '15:05:00', '15:50:00'),
	(00559, '2020-11-02', '08:00:00', '08:45:00'),
	(00560, '2020-11-02', '08:50:00', '09:35:00'),
	(00561, '2020-11-02', '09:45:00', '10:30:00'),
	(00562, '2020-11-02', '10:40:00', '11:25:00'),
	(00563, '2020-11-02', '11:35:00', '12:10:00'),
	(00564, '2020-11-02', '12:25:00', '13:10:00'),
	(00565, '2020-11-02', '13:20:00', '14:05:00'),
	(00566, '2020-11-02', '14:15:00', '15:00:00'),
	(00567, '2020-11-02', '15:05:00', '15:50:00'),
	(00568, '2020-11-03', '08:00:00', '08:45:00'),
	(00569, '2020-11-03', '08:50:00', '09:35:00'),
	(00570, '2020-11-03', '09:45:00', '10:30:00'),
	(00571, '2020-11-03', '10:40:00', '11:25:00'),
	(00572, '2020-11-03', '11:35:00', '12:10:00'),
	(00573, '2020-11-03', '12:25:00', '13:10:00'),
	(00574, '2020-11-03', '13:20:00', '14:05:00'),
	(00575, '2020-11-03', '14:15:00', '15:00:00'),
	(00576, '2020-11-03', '15:05:00', '15:50:00'),
	(00577, '2020-11-04', '08:00:00', '08:45:00'),
	(00578, '2020-11-04', '08:50:00', '09:35:00'),
	(00579, '2020-11-04', '09:45:00', '10:30:00'),
	(00580, '2020-11-04', '10:40:00', '11:25:00'),
	(00581, '2020-11-04', '11:35:00', '12:10:00'),
	(00582, '2020-11-04', '12:25:00', '13:10:00'),
	(00583, '2020-11-04', '13:20:00', '14:05:00'),
	(00584, '2020-11-04', '14:15:00', '15:00:00'),
	(00585, '2020-11-04', '15:05:00', '15:50:00'),
	(00586, '2020-11-05', '08:00:00', '08:45:00'),
	(00587, '2020-11-05', '08:50:00', '09:35:00'),
	(00588, '2020-11-05', '09:45:00', '10:30:00'),
	(00589, '2020-11-05', '10:40:00', '11:25:00'),
	(00590, '2020-11-05', '11:35:00', '12:10:00'),
	(00591, '2020-11-05', '12:25:00', '13:10:00'),
	(00592, '2020-11-05', '13:20:00', '14:05:00'),
	(00593, '2020-11-05', '14:15:00', '15:00:00'),
	(00594, '2020-11-05', '15:05:00', '15:50:00'),
	(00595, '2020-11-06', '08:00:00', '08:45:00'),
	(00596, '2020-11-06', '08:50:00', '09:35:00'),
	(00597, '2020-11-06', '09:45:00', '10:30:00'),
	(00598, '2020-11-06', '10:40:00', '11:25:00'),
	(00599, '2020-11-06', '11:35:00', '12:10:00'),
	(00600, '2020-11-06', '12:25:00', '13:10:00'),
	(00601, '2020-11-06', '13:20:00', '14:05:00'),
	(00602, '2020-11-06', '14:15:00', '15:00:00'),
	(00603, '2020-11-06', '15:05:00', '15:50:00'),
	(00604, '2020-11-07', '08:00:00', '08:45:00'),
	(00605, '2020-11-07', '08:50:00', '09:35:00'),
	(00606, '2020-11-07', '09:45:00', '10:30:00'),
	(00607, '2020-11-07', '10:40:00', '11:25:00'),
	(00608, '2020-11-07', '11:35:00', '12:10:00'),
	(00609, '2020-11-07', '12:25:00', '13:10:00'),
	(00610, '2020-11-07', '13:20:00', '14:05:00'),
	(00611, '2020-11-07', '14:15:00', '15:00:00'),
	(00612, '2020-11-07', '15:05:00', '15:50:00'),
	(00613, '2020-11-08', '08:00:00', '08:45:00'),
	(00614, '2020-11-08', '08:50:00', '09:35:00'),
	(00615, '2020-11-08', '09:45:00', '10:30:00'),
	(00616, '2020-11-08', '10:40:00', '11:25:00'),
	(00617, '2020-11-08', '11:35:00', '12:10:00'),
	(00618, '2020-11-08', '12:25:00', '13:10:00'),
	(00619, '2020-11-08', '13:20:00', '14:05:00'),
	(00620, '2020-11-08', '14:15:00', '15:00:00'),
	(00621, '2020-11-08', '15:05:00', '15:50:00'),
	(00622, '2020-11-09', '08:00:00', '08:45:00'),
	(00623, '2020-11-09', '08:50:00', '09:35:00'),
	(00624, '2020-11-09', '09:45:00', '10:30:00'),
	(00625, '2020-11-09', '10:40:00', '11:25:00'),
	(00626, '2020-11-09', '11:35:00', '12:10:00'),
	(00627, '2020-11-09', '12:25:00', '13:10:00'),
	(00628, '2020-11-09', '13:20:00', '14:05:00'),
	(00629, '2020-11-09', '14:15:00', '15:00:00'),
	(00630, '2020-11-09', '15:05:00', '15:50:00'),
	(00631, '2020-11-10', '08:00:00', '08:45:00'),
	(00632, '2020-11-10', '08:50:00', '09:35:00'),
	(00633, '2020-11-10', '09:45:00', '10:30:00'),
	(00634, '2020-11-10', '10:40:00', '11:25:00'),
	(00635, '2020-11-10', '11:35:00', '12:10:00'),
	(00636, '2020-11-10', '12:25:00', '13:10:00'),
	(00637, '2020-11-10', '13:20:00', '14:05:00'),
	(00638, '2020-11-10', '14:15:00', '15:00:00'),
	(00639, '2020-11-10', '15:05:00', '15:50:00'),
	(00640, '2020-11-11', '08:00:00', '08:45:00'),
	(00641, '2020-11-11', '08:50:00', '09:35:00'),
	(00642, '2020-11-11', '09:45:00', '10:30:00'),
	(00643, '2020-11-11', '10:40:00', '11:25:00'),
	(00644, '2020-11-11', '11:35:00', '12:10:00'),
	(00645, '2020-11-11', '12:25:00', '13:10:00'),
	(00646, '2020-11-11', '13:20:00', '14:05:00'),
	(00647, '2020-11-11', '14:15:00', '15:00:00'),
	(00648, '2020-11-11', '15:05:00', '15:50:00'),
	(00649, '2020-11-12', '08:00:00', '08:45:00'),
	(00650, '2020-11-12', '08:50:00', '09:35:00'),
	(00651, '2020-11-12', '09:45:00', '10:30:00'),
	(00652, '2020-11-12', '10:40:00', '11:25:00'),
	(00653, '2020-11-12', '11:35:00', '12:10:00'),
	(00654, '2020-11-12', '12:25:00', '13:10:00'),
	(00655, '2020-11-12', '13:20:00', '14:05:00'),
	(00656, '2020-11-12', '14:15:00', '15:00:00'),
	(00657, '2020-11-12', '15:05:00', '15:50:00'),
	(00658, '2020-11-13', '08:00:00', '08:45:00'),
	(00659, '2020-11-13', '08:50:00', '09:35:00'),
	(00660, '2020-11-13', '09:45:00', '10:30:00'),
	(00661, '2020-11-13', '10:40:00', '11:25:00'),
	(00662, '2020-11-13', '11:35:00', '12:10:00'),
	(00663, '2020-11-13', '12:25:00', '13:10:00'),
	(00664, '2020-11-13', '13:20:00', '14:05:00'),
	(00665, '2020-11-13', '14:15:00', '15:00:00'),
	(00666, '2020-11-13', '15:05:00', '15:50:00'),
	(00667, '2020-11-14', '08:00:00', '08:45:00'),
	(00668, '2020-11-14', '08:50:00', '09:35:00'),
	(00669, '2020-11-14', '09:45:00', '10:30:00'),
	(00670, '2020-11-14', '10:40:00', '11:25:00'),
	(00671, '2020-11-14', '11:35:00', '12:10:00'),
	(00672, '2020-11-14', '12:25:00', '13:10:00'),
	(00673, '2020-11-14', '13:20:00', '14:05:00'),
	(00674, '2020-11-14', '14:15:00', '15:00:00'),
	(00675, '2020-11-14', '15:05:00', '15:50:00'),
	(00676, '2020-11-15', '08:00:00', '08:45:00'),
	(00677, '2020-11-15', '08:50:00', '09:35:00'),
	(00678, '2020-11-15', '09:45:00', '10:30:00'),
	(00679, '2020-11-15', '10:40:00', '11:25:00'),
	(00680, '2020-11-15', '11:35:00', '12:10:00'),
	(00681, '2020-11-15', '12:25:00', '13:10:00'),
	(00682, '2020-11-15', '13:20:00', '14:05:00'),
	(00683, '2020-11-15', '14:15:00', '15:00:00'),
	(00684, '2020-11-15', '15:05:00', '15:50:00'),
	(00685, '2020-11-16', '08:00:00', '08:45:00'),
	(00686, '2020-11-16', '08:50:00', '09:35:00'),
	(00687, '2020-11-16', '09:45:00', '10:30:00'),
	(00688, '2020-11-16', '10:40:00', '11:25:00'),
	(00689, '2020-11-16', '11:35:00', '12:10:00'),
	(00690, '2020-11-16', '12:25:00', '13:10:00'),
	(00691, '2020-11-16', '13:20:00', '14:05:00'),
	(00692, '2020-11-16', '14:15:00', '15:00:00'),
	(00693, '2020-11-16', '15:05:00', '15:50:00'),
	(00694, '2020-11-17', '08:00:00', '08:45:00'),
	(00695, '2020-11-17', '08:50:00', '09:35:00'),
	(00696, '2020-11-17', '09:45:00', '10:30:00'),
	(00697, '2020-11-17', '10:40:00', '11:25:00'),
	(00698, '2020-11-17', '11:35:00', '12:10:00'),
	(00699, '2020-11-17', '12:25:00', '13:10:00'),
	(00700, '2020-11-17', '13:20:00', '14:05:00'),
	(00701, '2020-11-17', '14:15:00', '15:00:00'),
	(00702, '2020-11-17', '15:05:00', '15:50:00'),
	(00703, '2020-11-18', '08:00:00', '08:45:00'),
	(00704, '2020-11-18', '08:50:00', '09:35:00'),
	(00705, '2020-11-18', '09:45:00', '10:30:00'),
	(00706, '2020-11-18', '10:40:00', '11:25:00'),
	(00707, '2020-11-18', '11:35:00', '12:10:00'),
	(00708, '2020-11-18', '12:25:00', '13:10:00'),
	(00709, '2020-11-18', '13:20:00', '14:05:00'),
	(00710, '2020-11-18', '14:15:00', '15:00:00'),
	(00711, '2020-11-18', '15:05:00', '15:50:00'),
	(00712, '2020-11-19', '08:00:00', '08:45:00'),
	(00713, '2020-11-19', '08:50:00', '09:35:00'),
	(00714, '2020-11-19', '09:45:00', '10:30:00'),
	(00715, '2020-11-19', '10:40:00', '11:25:00'),
	(00716, '2020-11-19', '11:35:00', '12:10:00'),
	(00717, '2020-11-19', '12:25:00', '13:10:00'),
	(00718, '2020-11-19', '13:20:00', '14:05:00'),
	(00719, '2020-11-19', '14:15:00', '15:00:00'),
	(00720, '2020-11-19', '15:05:00', '15:50:00'),
	(00721, '2020-11-20', '08:00:00', '08:45:00'),
	(00722, '2020-11-20', '08:50:00', '09:35:00'),
	(00723, '2020-11-20', '09:45:00', '10:30:00'),
	(00724, '2020-11-20', '10:40:00', '11:25:00'),
	(00725, '2020-11-20', '11:35:00', '12:10:00'),
	(00726, '2020-11-20', '12:25:00', '13:10:00'),
	(00727, '2020-11-20', '13:20:00', '14:05:00'),
	(00728, '2020-11-20', '14:15:00', '15:00:00'),
	(00729, '2020-11-20', '15:05:00', '15:50:00'),
	(00730, '2020-11-21', '08:00:00', '08:45:00'),
	(00731, '2020-11-21', '08:50:00', '09:35:00'),
	(00732, '2020-11-21', '09:45:00', '10:30:00'),
	(00733, '2020-11-21', '10:40:00', '11:25:00'),
	(00734, '2020-11-21', '11:35:00', '12:10:00'),
	(00735, '2020-11-21', '12:25:00', '13:10:00'),
	(00736, '2020-11-21', '13:20:00', '14:05:00'),
	(00737, '2020-11-21', '14:15:00', '15:00:00'),
	(00738, '2020-11-21', '15:05:00', '15:50:00'),
	(00739, '2020-11-22', '08:00:00', '08:45:00'),
	(00740, '2020-11-22', '08:50:00', '09:35:00'),
	(00741, '2020-11-22', '09:45:00', '10:30:00'),
	(00742, '2020-11-22', '10:40:00', '11:25:00'),
	(00743, '2020-11-22', '11:35:00', '12:10:00'),
	(00744, '2020-11-22', '12:25:00', '13:10:00'),
	(00745, '2020-11-22', '13:20:00', '14:05:00'),
	(00746, '2020-11-22', '14:15:00', '15:00:00'),
	(00747, '2020-11-22', '15:05:00', '15:50:00'),
	(00748, '2020-11-23', '08:00:00', '08:45:00'),
	(00749, '2020-11-23', '08:50:00', '09:35:00'),
	(00750, '2020-11-23', '09:45:00', '10:30:00'),
	(00751, '2020-11-23', '10:40:00', '11:25:00'),
	(00752, '2020-11-23', '11:35:00', '12:10:00'),
	(00753, '2020-11-23', '12:25:00', '13:10:00'),
	(00754, '2020-11-23', '13:20:00', '14:05:00'),
	(00755, '2020-11-23', '14:15:00', '15:00:00'),
	(00756, '2020-11-23', '15:05:00', '15:50:00'),
	(00757, '2020-11-24', '08:00:00', '08:45:00'),
	(00758, '2020-11-24', '08:50:00', '09:35:00'),
	(00759, '2020-11-24', '09:45:00', '10:30:00'),
	(00760, '2020-11-24', '10:40:00', '11:25:00'),
	(00761, '2020-11-24', '11:35:00', '12:10:00'),
	(00762, '2020-11-24', '12:25:00', '13:10:00'),
	(00763, '2020-11-24', '13:20:00', '14:05:00'),
	(00764, '2020-11-24', '14:15:00', '15:00:00'),
	(00765, '2020-11-24', '15:05:00', '15:50:00'),
	(00766, '2020-11-25', '08:00:00', '08:45:00'),
	(00767, '2020-11-25', '08:50:00', '09:35:00'),
	(00768, '2020-11-25', '09:45:00', '10:30:00'),
	(00769, '2020-11-25', '10:40:00', '11:25:00'),
	(00770, '2020-11-25', '11:35:00', '12:10:00'),
	(00771, '2020-11-25', '12:25:00', '13:10:00'),
	(00772, '2020-11-25', '13:20:00', '14:05:00'),
	(00773, '2020-11-25', '14:15:00', '15:00:00'),
	(00774, '2020-11-25', '15:05:00', '15:50:00'),
	(00775, '2020-11-26', '08:00:00', '08:45:00'),
	(00776, '2020-11-26', '08:50:00', '09:35:00'),
	(00777, '2020-11-26', '09:45:00', '10:30:00'),
	(00778, '2020-11-26', '10:40:00', '11:25:00'),
	(00779, '2020-11-26', '11:35:00', '12:10:00'),
	(00780, '2020-11-26', '12:25:00', '13:10:00'),
	(00781, '2020-11-26', '13:20:00', '14:05:00'),
	(00782, '2020-11-26', '14:15:00', '15:00:00'),
	(00783, '2020-11-26', '15:05:00', '15:50:00'),
	(00784, '2020-11-27', '08:00:00', '08:45:00'),
	(00785, '2020-11-27', '08:50:00', '09:35:00'),
	(00786, '2020-11-27', '09:45:00', '10:30:00'),
	(00787, '2020-11-27', '10:40:00', '11:25:00'),
	(00788, '2020-11-27', '11:35:00', '12:10:00'),
	(00789, '2020-11-27', '12:25:00', '13:10:00'),
	(00790, '2020-11-27', '13:20:00', '14:05:00'),
	(00791, '2020-11-27', '14:15:00', '15:00:00'),
	(00792, '2020-11-27', '15:05:00', '15:50:00'),
	(00793, '2020-11-28', '08:00:00', '08:45:00'),
	(00794, '2020-11-28', '08:50:00', '09:35:00'),
	(00795, '2020-11-28', '09:45:00', '10:30:00'),
	(00796, '2020-11-28', '10:40:00', '11:25:00'),
	(00797, '2020-11-28', '11:35:00', '12:10:00'),
	(00798, '2020-11-28', '12:25:00', '13:10:00'),
	(00799, '2020-11-28', '13:20:00', '14:05:00'),
	(00800, '2020-11-28', '14:15:00', '15:00:00'),
	(00801, '2020-11-28', '15:05:00', '15:50:00'),
	(00802, '2020-11-29', '08:00:00', '08:45:00'),
	(00803, '2020-11-29', '08:50:00', '09:35:00'),
	(00804, '2020-11-29', '09:45:00', '10:30:00'),
	(00805, '2020-11-29', '10:40:00', '11:25:00'),
	(00806, '2020-11-29', '11:35:00', '12:10:00'),
	(00807, '2020-11-29', '12:25:00', '13:10:00'),
	(00808, '2020-11-29', '13:20:00', '14:05:00'),
	(00809, '2020-11-29', '14:15:00', '15:00:00'),
	(00810, '2020-11-29', '15:05:00', '15:50:00'),
	(00811, '2020-11-30', '08:00:00', '08:45:00'),
	(00812, '2020-11-30', '08:50:00', '09:35:00'),
	(00813, '2020-11-30', '09:45:00', '10:30:00'),
	(00814, '2020-11-30', '10:40:00', '11:25:00'),
	(00815, '2020-11-30', '11:35:00', '12:10:00'),
	(00816, '2020-11-30', '12:25:00', '13:10:00'),
	(00817, '2020-11-30', '13:20:00', '14:05:00'),
	(00818, '2020-11-30', '14:15:00', '15:00:00'),
	(00819, '2020-11-30', '15:05:00', '15:50:00'),
	(00820, '2020-12-01', '08:00:00', '08:45:00'),
	(00821, '2020-12-01', '08:50:00', '09:35:00'),
	(00822, '2020-12-01', '09:45:00', '10:30:00'),
	(00823, '2020-12-01', '10:40:00', '11:25:00'),
	(00824, '2020-12-01', '11:35:00', '12:10:00'),
	(00825, '2020-12-01', '12:25:00', '13:10:00'),
	(00826, '2020-12-01', '13:20:00', '14:05:00'),
	(00827, '2020-12-01', '14:15:00', '15:00:00'),
	(00828, '2020-12-01', '15:05:00', '15:50:00'),
	(00829, '2020-12-02', '08:00:00', '08:45:00'),
	(00830, '2020-12-02', '08:50:00', '09:35:00'),
	(00831, '2020-12-02', '09:45:00', '10:30:00'),
	(00832, '2020-12-02', '10:40:00', '11:25:00'),
	(00833, '2020-12-02', '11:35:00', '12:10:00'),
	(00834, '2020-12-02', '12:25:00', '13:10:00'),
	(00835, '2020-12-02', '13:20:00', '14:05:00'),
	(00836, '2020-12-02', '14:15:00', '15:00:00'),
	(00837, '2020-12-02', '15:05:00', '15:50:00'),
	(00838, '2020-12-03', '08:00:00', '08:45:00'),
	(00839, '2020-12-03', '08:50:00', '09:35:00'),
	(00840, '2020-12-03', '09:45:00', '10:30:00'),
	(00841, '2020-12-03', '10:40:00', '11:25:00'),
	(00842, '2020-12-03', '11:35:00', '12:10:00'),
	(00843, '2020-12-03', '12:25:00', '13:10:00'),
	(00844, '2020-12-03', '13:20:00', '14:05:00'),
	(00845, '2020-12-03', '14:15:00', '15:00:00'),
	(00846, '2020-12-03', '15:05:00', '15:50:00'),
	(00847, '2020-12-04', '08:00:00', '08:45:00'),
	(00848, '2020-12-04', '08:50:00', '09:35:00'),
	(00849, '2020-12-04', '09:45:00', '10:30:00'),
	(00850, '2020-12-04', '10:40:00', '11:25:00'),
	(00851, '2020-12-04', '11:35:00', '12:10:00'),
	(00852, '2020-12-04', '12:25:00', '13:10:00'),
	(00853, '2020-12-04', '13:20:00', '14:05:00'),
	(00854, '2020-12-04', '14:15:00', '15:00:00'),
	(00855, '2020-12-04', '15:05:00', '15:50:00'),
	(00856, '2020-12-05', '08:00:00', '08:45:00'),
	(00857, '2020-12-05', '08:50:00', '09:35:00'),
	(00858, '2020-12-05', '09:45:00', '10:30:00'),
	(00859, '2020-12-05', '10:40:00', '11:25:00'),
	(00860, '2020-12-05', '11:35:00', '12:10:00'),
	(00861, '2020-12-05', '12:25:00', '13:10:00'),
	(00862, '2020-12-05', '13:20:00', '14:05:00'),
	(00863, '2020-12-05', '14:15:00', '15:00:00'),
	(00864, '2020-12-05', '15:05:00', '15:50:00'),
	(00865, '2020-12-06', '08:00:00', '08:45:00'),
	(00866, '2020-12-06', '08:50:00', '09:35:00'),
	(00867, '2020-12-06', '09:45:00', '10:30:00'),
	(00868, '2020-12-06', '10:40:00', '11:25:00'),
	(00869, '2020-12-06', '11:35:00', '12:10:00'),
	(00870, '2020-12-06', '12:25:00', '13:10:00'),
	(00871, '2020-12-06', '13:20:00', '14:05:00'),
	(00872, '2020-12-06', '14:15:00', '15:00:00'),
	(00873, '2020-12-06', '15:05:00', '15:50:00'),
	(00874, '2020-12-07', '08:00:00', '08:45:00'),
	(00875, '2020-12-07', '08:50:00', '09:35:00'),
	(00876, '2020-12-07', '09:45:00', '10:30:00'),
	(00877, '2020-12-07', '10:40:00', '11:25:00'),
	(00878, '2020-12-07', '11:35:00', '12:10:00'),
	(00879, '2020-12-07', '12:25:00', '13:10:00'),
	(00880, '2020-12-07', '13:20:00', '14:05:00'),
	(00881, '2020-12-07', '14:15:00', '15:00:00'),
	(00882, '2020-12-07', '15:05:00', '15:50:00'),
	(00883, '2020-12-08', '08:00:00', '08:45:00'),
	(00884, '2020-12-08', '08:50:00', '09:35:00'),
	(00885, '2020-12-08', '09:45:00', '10:30:00'),
	(00886, '2020-12-08', '10:40:00', '11:25:00'),
	(00887, '2020-12-08', '11:35:00', '12:10:00'),
	(00888, '2020-12-08', '12:25:00', '13:10:00'),
	(00889, '2020-12-08', '13:20:00', '14:05:00'),
	(00890, '2020-12-08', '14:15:00', '15:00:00'),
	(00891, '2020-12-08', '15:05:00', '15:50:00'),
	(00892, '2020-12-09', '08:00:00', '08:45:00'),
	(00893, '2020-12-09', '08:50:00', '09:35:00'),
	(00894, '2020-12-09', '09:45:00', '10:30:00'),
	(00895, '2020-12-09', '10:40:00', '11:25:00'),
	(00896, '2020-12-09', '11:35:00', '12:10:00'),
	(00897, '2020-12-09', '12:25:00', '13:10:00'),
	(00898, '2020-12-09', '13:20:00', '14:05:00'),
	(00899, '2020-12-09', '14:15:00', '15:00:00'),
	(00900, '2020-12-09', '15:05:00', '15:50:00'),
	(00901, '2020-12-10', '08:00:00', '08:45:00'),
	(00902, '2020-12-10', '08:50:00', '09:35:00'),
	(00903, '2020-12-10', '09:45:00', '10:30:00'),
	(00904, '2020-12-10', '10:40:00', '11:25:00'),
	(00905, '2020-12-10', '11:35:00', '12:10:00'),
	(00906, '2020-12-10', '12:25:00', '13:10:00'),
	(00907, '2020-12-10', '13:20:00', '14:05:00'),
	(00908, '2020-12-10', '14:15:00', '15:00:00'),
	(00909, '2020-12-10', '15:05:00', '15:50:00'),
	(00910, '2020-12-11', '08:00:00', '08:45:00'),
	(00911, '2020-12-11', '08:50:00', '09:35:00'),
	(00912, '2020-12-11', '09:45:00', '10:30:00'),
	(00913, '2020-12-11', '10:40:00', '11:25:00'),
	(00914, '2020-12-11', '11:35:00', '12:10:00'),
	(00915, '2020-12-11', '12:25:00', '13:10:00'),
	(00916, '2020-12-11', '13:20:00', '14:05:00'),
	(00917, '2020-12-11', '14:15:00', '15:00:00'),
	(00918, '2020-12-11', '15:05:00', '15:50:00'),
	(00919, '2020-12-12', '08:00:00', '08:45:00'),
	(00920, '2020-12-12', '08:50:00', '09:35:00'),
	(00921, '2020-12-12', '09:45:00', '10:30:00'),
	(00922, '2020-12-12', '10:40:00', '11:25:00'),
	(00923, '2020-12-12', '11:35:00', '12:10:00'),
	(00924, '2020-12-12', '12:25:00', '13:10:00'),
	(00925, '2020-12-12', '13:20:00', '14:05:00'),
	(00926, '2020-12-12', '14:15:00', '15:00:00'),
	(00927, '2020-12-12', '15:05:00', '15:50:00'),
	(00928, '2020-12-13', '08:00:00', '08:45:00'),
	(00929, '2020-12-13', '08:50:00', '09:35:00'),
	(00930, '2020-12-13', '09:45:00', '10:30:00'),
	(00931, '2020-12-13', '10:40:00', '11:25:00'),
	(00932, '2020-12-13', '11:35:00', '12:10:00'),
	(00933, '2020-12-13', '12:25:00', '13:10:00'),
	(00934, '2020-12-13', '13:20:00', '14:05:00'),
	(00935, '2020-12-13', '14:15:00', '15:00:00'),
	(00936, '2020-12-13', '15:05:00', '15:50:00'),
	(00937, '2020-12-14', '08:00:00', '08:45:00'),
	(00938, '2020-12-14', '08:50:00', '09:35:00'),
	(00939, '2020-12-14', '09:45:00', '10:30:00'),
	(00940, '2020-12-14', '10:40:00', '11:25:00'),
	(00941, '2020-12-14', '11:35:00', '12:10:00'),
	(00942, '2020-12-14', '12:25:00', '13:10:00'),
	(00943, '2020-12-14', '13:20:00', '14:05:00'),
	(00944, '2020-12-14', '14:15:00', '15:00:00'),
	(00945, '2020-12-14', '15:05:00', '15:50:00'),
	(00946, '2020-12-15', '08:00:00', '08:45:00'),
	(00947, '2020-12-15', '08:50:00', '09:35:00'),
	(00948, '2020-12-15', '09:45:00', '10:30:00'),
	(00949, '2020-12-15', '10:40:00', '11:25:00'),
	(00950, '2020-12-15', '11:35:00', '12:10:00'),
	(00951, '2020-12-15', '12:25:00', '13:10:00'),
	(00952, '2020-12-15', '13:20:00', '14:05:00'),
	(00953, '2020-12-15', '14:15:00', '15:00:00'),
	(00954, '2020-12-15', '15:05:00', '15:50:00'),
	(00955, '2020-12-16', '08:00:00', '08:45:00'),
	(00956, '2020-12-16', '08:50:00', '09:35:00'),
	(00957, '2020-12-16', '09:45:00', '10:30:00'),
	(00958, '2020-12-16', '10:40:00', '11:25:00'),
	(00959, '2020-12-16', '11:35:00', '12:10:00'),
	(00960, '2020-12-16', '12:25:00', '13:10:00'),
	(00961, '2020-12-16', '13:20:00', '14:05:00'),
	(00962, '2020-12-16', '14:15:00', '15:00:00'),
	(00963, '2020-12-16', '15:05:00', '15:50:00'),
	(00964, '2020-12-17', '08:00:00', '08:45:00'),
	(00965, '2020-12-17', '08:50:00', '09:35:00'),
	(00966, '2020-12-17', '09:45:00', '10:30:00'),
	(00967, '2020-12-17', '10:40:00', '11:25:00'),
	(00968, '2020-12-17', '11:35:00', '12:10:00'),
	(00969, '2020-12-17', '12:25:00', '13:10:00'),
	(00970, '2020-12-17', '13:20:00', '14:05:00'),
	(00971, '2020-12-17', '14:15:00', '15:00:00'),
	(00972, '2020-12-17', '15:05:00', '15:50:00'),
	(00973, '2020-12-18', '08:00:00', '08:45:00'),
	(00974, '2020-12-18', '08:50:00', '09:35:00'),
	(00975, '2020-12-18', '09:45:00', '10:30:00'),
	(00976, '2020-12-18', '10:40:00', '11:25:00'),
	(00977, '2020-12-18', '11:35:00', '12:10:00'),
	(00978, '2020-12-18', '12:25:00', '13:10:00'),
	(00979, '2020-12-18', '13:20:00', '14:05:00'),
	(00980, '2020-12-18', '14:15:00', '15:00:00'),
	(00981, '2020-12-18', '15:05:00', '15:50:00'),
	(00982, '2020-12-19', '08:00:00', '08:45:00'),
	(00983, '2020-12-19', '08:50:00', '09:35:00'),
	(00984, '2020-12-19', '09:45:00', '10:30:00'),
	(00985, '2020-12-19', '10:40:00', '11:25:00'),
	(00986, '2020-12-19', '11:35:00', '12:10:00'),
	(00987, '2020-12-19', '12:25:00', '13:10:00'),
	(00988, '2020-12-19', '13:20:00', '14:05:00'),
	(00989, '2020-12-19', '14:15:00', '15:00:00'),
	(00990, '2020-12-19', '15:05:00', '15:50:00'),
	(00991, '2020-12-20', '08:00:00', '08:45:00'),
	(00992, '2020-12-20', '08:50:00', '09:35:00'),
	(00993, '2020-12-20', '09:45:00', '10:30:00'),
	(00994, '2020-12-20', '10:40:00', '11:25:00'),
	(00995, '2020-12-20', '11:35:00', '12:10:00'),
	(00996, '2020-12-20', '12:25:00', '13:10:00'),
	(00997, '2020-12-20', '13:20:00', '14:05:00'),
	(00998, '2020-12-20', '14:15:00', '15:00:00'),
	(00999, '2020-12-20', '15:05:00', '15:50:00'),
	(01000, '2020-12-21', '08:00:00', '08:45:00'),
	(01001, '2020-12-21', '08:50:00', '09:35:00'),
	(01002, '2020-12-21', '09:45:00', '10:30:00'),
	(01003, '2020-12-21', '10:40:00', '11:25:00'),
	(01004, '2020-12-21', '11:35:00', '12:10:00'),
	(01005, '2020-12-21', '12:25:00', '13:10:00'),
	(01006, '2020-12-21', '13:20:00', '14:05:00'),
	(01007, '2020-12-21', '14:15:00', '15:00:00'),
	(01008, '2020-12-21', '15:05:00', '15:50:00'),
	(01009, '2020-12-22', '08:00:00', '08:45:00'),
	(01010, '2020-12-22', '08:50:00', '09:35:00'),
	(01011, '2020-12-22', '09:45:00', '10:30:00'),
	(01012, '2020-12-22', '10:40:00', '11:25:00'),
	(01013, '2020-12-22', '11:35:00', '12:10:00'),
	(01014, '2020-12-22', '12:25:00', '13:10:00'),
	(01015, '2020-12-22', '13:20:00', '14:05:00');
/*!40000 ALTER TABLE `czas_lekcji` ENABLE KEYS */;

-- Zrzut struktury procedura id13767441_dziennik.dodaj_obecnosc
DELIMITER //
CREATE PROCEDURE `dodaj_obecnosc`(
	IN `obecnosc_status` ENUM('obecny','nieobecny','spóźniony'),
	IN `uczen_id` INT,
	IN `lekcja_id` INT

)
INSERT INTO obecnosc (obecnosc.`status`, obecnosc.uczen_id, obecnosc.lekcja_id)
VALUES (obecnosc_status, uczen_id, lekcja_id)//
DELIMITER ;

-- Zrzut struktury procedura id13767441_dziennik.dodaj_ocene
DELIMITER //
CREATE PROCEDURE `dodaj_ocene`(
	IN `stopien` ENUM('0','1','2','3','4','5','6'),
	IN `waga` INT,
	IN `opis` VARCHAR(100),
	IN `uczen_id` INT,
	IN `nauczyciel_przedmiotu_id` INT



)
INSERT INTO ocena (ocena.stopien, ocena.waga, ocena.opis, ocena.uczen_id, ocena.nauczyciel_przedmiotu_id) 
VALUES (stopien,waga,opis,uczen_id,nauczyciel_przedmiotu_id)//
DELIMITER ;

-- Zrzut struktury procedura id13767441_dziennik.dodaj_rodzica
DELIMITER //
CREATE PROCEDURE `dodaj_rodzica`(
	IN `imie` VARCHAR(16),
	IN `nazwisko` VARCHAR(32),
	IN `nr_tel` VARCHAR(12),
	IN `email` VARCHAR(32),
	IN `opiekunowie_id` INT




)
BEGIN 
	DECLARE login VARCHAR(16);
	DECLARE haslo CHAR(32);
	SET login = LEFT(MD5(RAND()),8);
	SET haslo = LEFT(MD5(RAND()),16);
	call dodaj_uzytkownika(login, haslo, imie, nazwisko, 'R', email);
	
	INSERT INTO rodzic (rodzic.uzytkownik_login,rodzic.nr_telefonu, rodzic.opiekunowie_id)
	VALUES (login,nr_tel, opiekunowie_id);
 END//
DELIMITER ;

-- Zrzut struktury procedura id13767441_dziennik.dodaj_ucznia
DELIMITER //
CREATE PROCEDURE `dodaj_ucznia`(
	IN `pesel` CHAR(11),
	IN `adres_id` INT,
	IN `klasa_id` INT,
	IN `opiekunowie_id` INT



,
	IN `imie` VARCHAR(20),
	IN `nazwisko` VARCHAR(30),
	IN `email` VARCHAR(32)


)
BEGIN 
	DECLARE login VARCHAR(16);
	DECLARE haslo CHAR(32);
	SET login = LEFT(MD5(RAND()),8);
	SET haslo = LEFT(MD5(RAND()),16);
	call dodaj_uzytkownika(login, haslo, imie, nazwisko, 'U', email);
	INSERT INTO uczen (uczen.pesel, uczen.adres_id, uczen.klasa_id, uczen.opiekunowie_id, uczen.uzytkownik_login)
	VALUES (pesel,adres_id, klasa_id, opiekunowie_id, login);
 END//
DELIMITER ;

-- Zrzut struktury procedura id13767441_dziennik.dodaj_uzytkownika
DELIMITER //
CREATE PROCEDURE `dodaj_uzytkownika`(
	IN `login` VARCHAR(16),
	IN `haslo` VARCHAR(32),
	IN `imie` VARCHAR(20),
	IN `nazwisko` VARCHAR(30),
	IN `rodzaj` ENUM('U','R','N','I','A'),
	IN `email` VARCHAR(32)
)
INSERT INTO uzytkownik (uzytkownik.uzytkownik_login,uzytkownik.haslo, uzytkownik.imie, uzytkownik.nazwisko, uzytkownik.rodzaj, uzytkownik.email) VALUES (login, MD5(haslo), imie, nazwisko, rodzaj,email)//
DELIMITER ;

-- Zrzut struktury procedura id13767441_dziennik.dzieci_rodzica
DELIMITER //
CREATE PROCEDURE `dzieci_rodzica`(
	IN `rodzic_id` INT










)
SELECT u.imie, u.nazwisko, u.oddzial, u.uczen_ID
FROM rodzic AS r
JOIN uczen_full_info AS u ON r.opiekunowie_id = u.opiekunowie_id
WHERE r.rodzic_ID = rodzic_id//
DELIMITER ;

-- Zrzut struktury procedura id13767441_dziennik.frekwencja_na_lekcji
DELIMITER //
CREATE PROCEDURE `frekwencja_na_lekcji`(
	IN `lekcja_id` INT
)
SELECT u.imie, u.nazwisko, o.`status`
FROM obecnosc AS o
JOIN lekcja_full_info AS l ON o.lekcja_id = l.lekcja_ID
JOIN uczen_full_info AS u ON o.uczen_id = u.uczen_ID
WHERE l.lekcja_ID = lekcja_id AND l.oddzial = u.oddzial
ORDER BY u.nazwisko , u.imie ASC//
DELIMITER ;

-- Zrzut struktury procedura id13767441_dziennik.frekwencja_ucznia
DELIMITER //
CREATE PROCEDURE `frekwencja_ucznia`(
	IN `uczen_id` INT
)
select l.`data`, l.godz_start, l.godz_koniec, l.sala, l.przedmiot, l.imie, l.nazwisko, l.temat, o.`status`
from lekcja_full_info as l
join obecnosc as o on l.lekcja_ID = o.lekcja_id
where o.uczen_id = uczen_id
order by l.`data`//
DELIMITER ;

-- Zrzut struktury tabela id13767441_dziennik.grupa_lekcji
CREATE TABLE IF NOT EXISTS `grupa_lekcji` (
  `grupa_lekcji_ID` int(5) unsigned zerofill NOT NULL AUTO_INCREMENT,
  `klasa_id` int(2) unsigned zerofill NOT NULL,
  `nauczyciel_przedmiot_id` int(3) unsigned zerofill NOT NULL,
  PRIMARY KEY (`grupa_lekcji_ID`),
  UNIQUE KEY `ID` (`grupa_lekcji_ID`),
  KEY `FK_grupa_lekcji_klasa` (`klasa_id`),
  KEY `FK_grupa_lekcji_nauczyciel_przedmiotu` (`nauczyciel_przedmiot_id`),
  CONSTRAINT `FK_grupa_lekcji_klasa` FOREIGN KEY (`klasa_id`) REFERENCES `klasa` (`klasa_ID`),
  CONSTRAINT `FK_grupa_lekcji_nauczyciel_przedmiotu` FOREIGN KEY (`nauczyciel_przedmiot_id`) REFERENCES `nauczyciel_przedmiotu` (`nauczyciel_przedmiotu_ID`)
) ENGINE=InnoDB AUTO_INCREMENT=241 DEFAULT CHARSET=utf8 COLLATE=utf8_polish_ci;

-- Zrzucanie danych dla tabeli id13767441_dziennik.grupa_lekcji: ~240 rows (około)
/*!40000 ALTER TABLE `grupa_lekcji` DISABLE KEYS */;
REPLACE INTO `grupa_lekcji` (`grupa_lekcji_ID`, `klasa_id`, `nauczyciel_przedmiot_id`) VALUES
	(00001, 01, 005),
	(00002, 01, 010),
	(00003, 01, 013),
	(00004, 01, 015),
	(00005, 01, 020),
	(00006, 01, 022),
	(00007, 01, 027),
	(00008, 01, 029),
	(00009, 01, 041),
	(00010, 01, 046),
	(00011, 01, 048),
	(00012, 01, 054),
	(00013, 01, 057),
	(00014, 01, 060),
	(00015, 01, 063),
	(00016, 02, 005),
	(00017, 02, 006),
	(00018, 02, 013),
	(00019, 02, 015),
	(00020, 02, 018),
	(00021, 02, 022),
	(00022, 02, 027),
	(00023, 02, 033),
	(00024, 02, 034),
	(00025, 02, 047),
	(00026, 02, 049),
	(00027, 02, 054),
	(00028, 02, 055),
	(00029, 02, 059),
	(00030, 02, 062),
	(00031, 03, 002),
	(00032, 03, 007),
	(00033, 03, 012),
	(00034, 03, 016),
	(00035, 03, 019),
	(00036, 03, 022),
	(00037, 03, 026),
	(00038, 03, 030),
	(00039, 03, 039),
	(00040, 03, 046),
	(00041, 03, 048),
	(00042, 03, 054),
	(00043, 03, 058),
	(00044, 03, 060),
	(00045, 03, 065),
	(00046, 04, 002),
	(00047, 04, 007),
	(00048, 04, 012),
	(00049, 04, 016),
	(00050, 04, 018),
	(00051, 04, 023),
	(00052, 04, 027),
	(00053, 04, 031),
	(00054, 04, 039),
	(00055, 04, 045),
	(00056, 04, 049),
	(00057, 04, 054),
	(00058, 04, 055),
	(00059, 04, 060),
	(00060, 04, 065),
	(00061, 05, 005),
	(00062, 05, 006),
	(00063, 05, 012),
	(00064, 05, 016),
	(00065, 05, 020),
	(00066, 05, 022),
	(00067, 05, 024),
	(00068, 05, 030),
	(00069, 05, 039),
	(00070, 05, 046),
	(00071, 05, 051),
	(00072, 05, 054),
	(00073, 05, 058),
	(00074, 05, 061),
	(00075, 05, 063),
	(00076, 06, 004),
	(00077, 06, 008),
	(00078, 06, 014),
	(00079, 06, 016),
	(00080, 06, 018),
	(00081, 06, 023),
	(00082, 06, 027),
	(00083, 06, 032),
	(00084, 06, 038),
	(00085, 06, 045),
	(00086, 06, 048),
	(00087, 06, 055),
	(00088, 06, 058),
	(00089, 06, 061),
	(00090, 06, 064),
	(00091, 07, 003),
	(00092, 07, 009),
	(00093, 07, 011),
	(00094, 07, 016),
	(00095, 07, 018),
	(00096, 07, 022),
	(00097, 07, 025),
	(00098, 07, 032),
	(00099, 07, 038),
	(00100, 07, 042),
	(00101, 07, 050),
	(00102, 07, 055),
	(00103, 07, 057),
	(00104, 07, 059),
	(00105, 07, 064),
	(00106, 08, 005),
	(00107, 08, 007),
	(00108, 08, 014),
	(00109, 08, 015),
	(00110, 08, 018),
	(00111, 08, 022),
	(00112, 08, 025),
	(00113, 08, 032),
	(00114, 08, 036),
	(00115, 08, 046),
	(00116, 08, 048),
	(00117, 08, 055),
	(00118, 08, 056),
	(00119, 08, 059),
	(00120, 08, 062),
	(00121, 09, 004),
	(00122, 09, 010),
	(00123, 09, 014),
	(00124, 09, 016),
	(00125, 09, 019),
	(00126, 09, 023),
	(00127, 09, 025),
	(00128, 09, 033),
	(00129, 09, 035),
	(00130, 09, 045),
	(00131, 09, 051),
	(00132, 09, 054),
	(00133, 09, 057),
	(00134, 09, 061),
	(00135, 09, 063),
	(00136, 10, 004),
	(00137, 10, 006),
	(00138, 10, 014),
	(00139, 10, 015),
	(00140, 10, 019),
	(00141, 10, 023),
	(00142, 10, 026),
	(00143, 10, 032),
	(00144, 10, 038),
	(00145, 10, 047),
	(00146, 10, 049),
	(00147, 10, 054),
	(00148, 10, 056),
	(00149, 10, 060),
	(00150, 10, 062),
	(00151, 11, 005),
	(00152, 11, 007),
	(00153, 11, 013),
	(00154, 11, 015),
	(00155, 11, 020),
	(00156, 11, 021),
	(00157, 11, 026),
	(00158, 11, 029),
	(00159, 11, 041),
	(00160, 11, 043),
	(00161, 11, 049),
	(00162, 11, 054),
	(00163, 11, 057),
	(00164, 11, 061),
	(00165, 11, 064),
	(00166, 12, 005),
	(00167, 12, 007),
	(00168, 12, 012),
	(00169, 12, 016),
	(00170, 12, 020),
	(00171, 12, 022),
	(00172, 12, 027),
	(00173, 12, 033),
	(00174, 12, 034),
	(00175, 12, 044),
	(00176, 12, 053),
	(00177, 12, 055),
	(00178, 12, 056),
	(00179, 12, 061),
	(00180, 12, 063),
	(00181, 13, 002),
	(00182, 13, 006),
	(00183, 13, 012),
	(00184, 13, 015),
	(00185, 13, 018),
	(00186, 13, 021),
	(00187, 13, 026),
	(00188, 13, 033),
	(00189, 13, 038),
	(00190, 13, 044),
	(00191, 13, 051),
	(00192, 13, 054),
	(00193, 13, 057),
	(00194, 13, 060),
	(00195, 13, 064),
	(00196, 14, 003),
	(00197, 14, 006),
	(00198, 14, 011),
	(00199, 14, 016),
	(00200, 14, 018),
	(00201, 14, 021),
	(00202, 14, 025),
	(00203, 14, 033),
	(00204, 14, 036),
	(00205, 14, 043),
	(00206, 14, 053),
	(00207, 14, 054),
	(00208, 14, 055),
	(00209, 14, 059),
	(00210, 14, 062),
	(00211, 15, 001),
	(00212, 15, 010),
	(00213, 15, 013),
	(00214, 15, 016),
	(00215, 15, 019),
	(00216, 15, 022),
	(00217, 15, 025),
	(00218, 15, 033),
	(00219, 15, 037),
	(00220, 15, 043),
	(00221, 15, 049),
	(00222, 15, 054),
	(00223, 15, 058),
	(00224, 15, 059),
	(00225, 15, 063),
	(00226, 16, 004),
	(00227, 16, 007),
	(00228, 16, 011),
	(00229, 16, 016),
	(00230, 16, 018),
	(00231, 16, 023),
	(00232, 16, 025),
	(00233, 16, 030),
	(00234, 16, 039),
	(00235, 16, 047),
	(00236, 16, 049),
	(00237, 16, 054),
	(00238, 16, 056),
	(00239, 16, 060),
	(00240, 16, 065);
/*!40000 ALTER TABLE `grupa_lekcji` ENABLE KEYS */;

-- Zrzut struktury tabela id13767441_dziennik.klasa
CREATE TABLE IF NOT EXISTS `klasa` (
  `klasa_ID` int(2) unsigned zerofill NOT NULL,
  `oddzial` varchar(3) COLLATE utf8_polish_ci NOT NULL,
  PRIMARY KEY (`klasa_ID`),
  UNIQUE KEY `ID` (`klasa_ID`)
) ENGINE=InnoDB DEFAULT CHARSET=utf8 COLLATE=utf8_polish_ci;

-- Zrzucanie danych dla tabeli id13767441_dziennik.klasa: ~16 rows (około)
/*!40000 ALTER TABLE `klasa` DISABLE KEYS */;
REPLACE INTO `klasa` (`klasa_ID`, `oddzial`) VALUES
	(01, '1a'),
	(02, '1b'),
	(03, '1c'),
	(04, '1d'),
	(05, '2a'),
	(06, '2b'),
	(07, '2c'),
	(08, '2d'),
	(09, '3a'),
	(10, '3b'),
	(11, '3c'),
	(12, '3d'),
	(13, '4a'),
	(14, '4b'),
	(15, '4c'),
	(16, '4d');
/*!40000 ALTER TABLE `klasa` ENABLE KEYS */;

-- Zrzut struktury tabela id13767441_dziennik.lekcja
CREATE TABLE IF NOT EXISTS `lekcja` (
  `lekcja_ID` int(5) unsigned zerofill NOT NULL AUTO_INCREMENT,
  `temat` varchar(250) COLLATE utf8_polish_ci DEFAULT NULL,
  `sala` int(2) unsigned NOT NULL,
  `grupa_lekcji_id` int(3) unsigned zerofill NOT NULL,
  `czas_lekcji_id` int(5) unsigned zerofill NOT NULL,
  PRIMARY KEY (`lekcja_ID`),
  UNIQUE KEY `lekcja_id` (`lekcja_ID`) USING BTREE,
  KEY `FK_lekcja_grupa_lekcji` (`grupa_lekcji_id`),
  KEY `FK_lekcja_czas_lekcji` (`czas_lekcji_id`),
  CONSTRAINT `FK_lekcja_czas_lekcji` FOREIGN KEY (`czas_lekcji_id`) REFERENCES `czas_lekcji` (`czas_lekcji_ID`),
  CONSTRAINT `FK_lekcja_grupa_lekcji` FOREIGN KEY (`grupa_lekcji_id`) REFERENCES `grupa_lekcji` (`grupa_lekcji_ID`)
) ENGINE=InnoDB AUTO_INCREMENT=4321 DEFAULT CHARSET=utf8 COLLATE=utf8_polish_ci;

-- Zrzucanie danych dla tabeli id13767441_dziennik.lekcja: ~4 320 rows (około)
/*!40000 ALTER TABLE `lekcja` DISABLE KEYS */;
REPLACE INTO `lekcja` (`lekcja_ID`, `temat`, `sala`, `grupa_lekcji_id`, `czas_lekcji_id`) VALUES
	(00001, '\\0', 50, 001, 00124),
	(00002, '\\0', 10, 001, 00042),
	(00003, '\\0', 34, 001, 00013),
	(00004, '\\0', 49, 001, 00158),
	(00005, '\\0', 34, 001, 00049),
	(00006, '\\0', 22, 001, 00021),
	(00007, '\\0', 11, 001, 00148),
	(00008, '\\0', 38, 001, 00131),
	(00009, '\\0', 4, 001, 00090),
	(00010, '\\0', 7, 001, 00089),
	(00011, '\\0', 47, 001, 00037),
	(00012, '\\0', 14, 001, 00082),
	(00013, '\\0', 26, 001, 00028),
	(00014, '\\0', 25, 001, 00080),
	(00015, '\\0', 7, 001, 00121),
	(00016, '\\0', 38, 001, 00136),
	(00017, '\\0', 30, 001, 00057),
	(00018, '\\0', 38, 001, 00033),
	(00019, '\\0', 20, 002, 00047),
	(00020, '\\0', 48, 002, 00115),
	(00021, '\\0', 3, 002, 00052),
	(00022, '\\0', 48, 002, 00093),
	(00023, '\\0', 23, 002, 00169),
	(00024, '\\0', 3, 002, 00090),
	(00025, '\\0', 9, 002, 00156),
	(00026, '\\0', 43, 002, 00109),
	(00027, '\\0', 39, 002, 00122),
	(00028, '\\0', 13, 002, 00017),
	(00029, '\\0', 4, 002, 00133),
	(00030, '\\0', 29, 002, 00068),
	(00031, '\\0', 32, 002, 00142),
	(00032, '\\0', 15, 002, 00037),
	(00033, '\\0', 18, 002, 00032),
	(00034, '\\0', 14, 002, 00106),
	(00035, '\\0', 38, 002, 00020),
	(00036, '\\0', 27, 002, 00080),
	(00037, '\\0', 32, 003, 00159),
	(00038, '\\0', 30, 003, 00018),
	(00039, '\\0', 40, 003, 00153),
	(00040, '\\0', 39, 003, 00034),
	(00041, '\\0', 10, 003, 00058),
	(00042, '\\0', 45, 003, 00154),
	(00043, '\\0', 49, 003, 00050),
	(00044, '\\0', 45, 003, 00166),
	(00045, '\\0', 10, 003, 00104),
	(00046, '\\0', 14, 003, 00013),
	(00047, '\\0', 26, 003, 00126),
	(00048, '\\0', 40, 003, 00049),
	(00049, '\\0', 39, 003, 00007),
	(00050, '\\0', 34, 003, 00007),
	(00051, '\\0', 12, 003, 00059),
	(00052, '\\0', 15, 003, 00058),
	(00053, '\\0', 50, 003, 00167),
	(00054, '\\0', 5, 003, 00066),
	(00055, '\\0', 3, 004, 00030),
	(00056, '\\0', 2, 004, 00105),
	(00057, '\\0', 34, 004, 00151),
	(00058, '\\0', 46, 004, 00169),
	(00059, '\\0', 19, 004, 00134),
	(00060, '\\0', 18, 004, 00033),
	(00061, '\\0', 27, 004, 00062),
	(00062, '\\0', 32, 004, 00052),
	(00063, '\\0', 9, 004, 00073),
	(00064, '\\0', 23, 004, 00165),
	(00065, '\\0', 17, 004, 00030),
	(00066, '\\0', 45, 004, 00062),
	(00067, '\\0', 33, 004, 00157),
	(00068, '\\0', 33, 004, 00019),
	(00069, '\\0', 47, 004, 00062),
	(00070, '\\0', 30, 004, 00114),
	(00071, '\\0', 23, 004, 00042),
	(00072, '\\0', 27, 004, 00081),
	(00073, '\\0', 44, 005, 00153),
	(00074, '\\0', 40, 005, 00026),
	(00075, '\\0', 43, 005, 00061),
	(00076, '\\0', 15, 005, 00162),
	(00077, '\\0', 19, 005, 00038),
	(00078, '\\0', 1, 005, 00006),
	(00079, '\\0', 16, 005, 00080),
	(00080, '\\0', 20, 005, 00085),
	(00081, '\\0', 25, 005, 00044),
	(00082, '\\0', 19, 005, 00119),
	(00083, '\\0', 31, 005, 00124),
	(00084, '\\0', 35, 005, 00137),
	(00085, '\\0', 11, 005, 00164),
	(00086, '\\0', 46, 005, 00121),
	(00087, '\\0', 48, 005, 00087),
	(00088, '\\0', 27, 005, 00066),
	(00089, '\\0', 17, 005, 00127),
	(00090, '\\0', 10, 005, 00089),
	(00091, '\\0', 26, 006, 00140),
	(00092, '\\0', 47, 006, 00093),
	(00093, '\\0', 7, 006, 00023),
	(00094, '\\0', 40, 006, 00095),
	(00095, '\\0', 30, 006, 00114),
	(00096, '\\0', 9, 006, 00102),
	(00097, '\\0', 50, 006, 00135),
	(00098, '\\0', 32, 006, 00143),
	(00099, '\\0', 10, 006, 00087),
	(00100, '\\0', 32, 006, 00091),
	(00101, '\\0', 30, 006, 00167),
	(00102, '\\0', 31, 006, 00131),
	(00103, '\\0', 45, 006, 00122),
	(00104, '\\0', 29, 006, 00014),
	(00105, '\\0', 40, 006, 00146),
	(00106, '\\0', 50, 006, 00142),
	(00107, '\\0', 7, 006, 00037),
	(00108, '\\0', 15, 006, 00103),
	(00109, '\\0', 1, 007, 00142),
	(00110, '\\0', 11, 007, 00041),
	(00111, '\\0', 24, 007, 00100),
	(00112, '\\0', 49, 007, 00150),
	(00113, '\\0', 8, 007, 00030),
	(00114, '\\0', 40, 007, 00031),
	(00115, '\\0', 30, 007, 00034),
	(00116, '\\0', 44, 007, 00113),
	(00117, '\\0', 25, 007, 00085),
	(00118, '\\0', 29, 007, 00038),
	(00119, '\\0', 28, 007, 00073),
	(00120, '\\0', 39, 007, 00096),
	(00121, '\\0', 42, 007, 00108),
	(00122, '\\0', 33, 007, 00032),
	(00123, '\\0', 29, 007, 00053),
	(00124, '\\0', 16, 007, 00002),
	(00125, '\\0', 29, 007, 00125),
	(00126, '\\0', 29, 007, 00084),
	(00127, '\\0', 31, 008, 00087),
	(00128, '\\0', 50, 008, 00067),
	(00129, '\\0', 12, 008, 00072),
	(00130, '\\0', 49, 008, 00115),
	(00131, '\\0', 21, 008, 00029),
	(00132, '\\0', 15, 008, 00159),
	(00133, '\\0', 26, 008, 00159),
	(00134, '\\0', 5, 008, 00053),
	(00135, '\\0', 44, 008, 00123),
	(00136, '\\0', 30, 008, 00155),
	(00137, '\\0', 9, 008, 00101),
	(00138, '\\0', 46, 008, 00014),
	(00139, '\\0', 48, 008, 00094),
	(00140, '\\0', 43, 008, 00131),
	(00141, '\\0', 34, 008, 00086),
	(00142, '\\0', 24, 008, 00142),
	(00143, '\\0', 10, 008, 00091),
	(00144, '\\0', 2, 008, 00082),
	(00145, '\\0', 49, 009, 00087),
	(00146, '\\0', 47, 009, 00044),
	(00147, '\\0', 42, 009, 00113),
	(00148, '\\0', 40, 009, 00067),
	(00149, '\\0', 23, 009, 00111),
	(00150, '\\0', 3, 009, 00006),
	(00151, '\\0', 27, 009, 00102),
	(00152, '\\0', 35, 009, 00010),
	(00153, '\\0', 9, 009, 00019),
	(00154, '\\0', 10, 009, 00077),
	(00155, '\\0', 11, 009, 00009),
	(00156, '\\0', 7, 009, 00099),
	(00157, '\\0', 17, 009, 00156),
	(00158, '\\0', 4, 009, 00005),
	(00159, '\\0', 29, 009, 00093),
	(00160, '\\0', 43, 009, 00099),
	(00161, '\\0', 8, 009, 00087),
	(00162, '\\0', 11, 009, 00104),
	(00163, '\\0', 41, 010, 00060),
	(00164, '\\0', 9, 010, 00013),
	(00165, '\\0', 7, 010, 00094),
	(00166, '\\0', 29, 010, 00135),
	(00167, '\\0', 7, 010, 00139),
	(00168, '\\0', 19, 010, 00074),
	(00169, '\\0', 35, 010, 00014),
	(00170, '\\0', 37, 010, 00077),
	(00171, '\\0', 41, 010, 00110),
	(00172, '\\0', 21, 010, 00023),
	(00173, '\\0', 35, 010, 00001),
	(00174, '\\0', 13, 010, 00074),
	(00175, '\\0', 26, 010, 00130),
	(00176, '\\0', 25, 010, 00006),
	(00177, '\\0', 28, 010, 00057),
	(00178, '\\0', 45, 010, 00079),
	(00179, '\\0', 9, 010, 00127),
	(00180, '\\0', 41, 010, 00118),
	(00181, '\\0', 46, 011, 00072),
	(00182, '\\0', 7, 011, 00003),
	(00183, '\\0', 1, 011, 00024),
	(00184, '\\0', 10, 011, 00083),
	(00185, '\\0', 41, 011, 00081),
	(00186, '\\0', 1, 011, 00129),
	(00187, '\\0', 23, 011, 00171),
	(00188, '\\0', 14, 011, 00016),
	(00189, '\\0', 18, 011, 00165),
	(00190, '\\0', 25, 011, 00082),
	(00191, '\\0', 8, 011, 00044),
	(00192, '\\0', 50, 011, 00106),
	(00193, '\\0', 35, 011, 00060),
	(00194, '\\0', 40, 011, 00150),
	(00195, '\\0', 29, 011, 00046),
	(00196, '\\0', 15, 011, 00111),
	(00197, '\\0', 46, 011, 00152),
	(00198, '\\0', 17, 011, 00097),
	(00199, '\\0', 21, 012, 00096),
	(00200, '\\0', 27, 012, 00111),
	(00201, '\\0', 42, 012, 00116),
	(00202, '\\0', 3, 012, 00130),
	(00203, '\\0', 32, 012, 00119),
	(00204, '\\0', 39, 012, 00059),
	(00205, '\\0', 21, 012, 00026),
	(00206, '\\0', 31, 012, 00111),
	(00207, '\\0', 12, 012, 00086),
	(00208, '\\0', 46, 012, 00162),
	(00209, '\\0', 21, 012, 00054),
	(00210, '\\0', 44, 012, 00099),
	(00211, '\\0', 12, 012, 00052),
	(00212, '\\0', 13, 012, 00036),
	(00213, '\\0', 45, 012, 00053),
	(00214, '\\0', 27, 012, 00110),
	(00215, '\\0', 2, 012, 00115),
	(00216, '\\0', 47, 012, 00020),
	(00217, '\\0', 43, 013, 00153),
	(00218, '\\0', 4, 013, 00074),
	(00219, '\\0', 22, 013, 00017),
	(00220, '\\0', 36, 013, 00151),
	(00221, '\\0', 19, 013, 00104),
	(00222, '\\0', 19, 013, 00121),
	(00223, '\\0', 30, 013, 00052),
	(00224, '\\0', 23, 013, 00078),
	(00225, '\\0', 37, 013, 00042),
	(00226, '\\0', 29, 013, 00155),
	(00227, '\\0', 41, 013, 00084),
	(00228, '\\0', 32, 013, 00102),
	(00229, '\\0', 15, 013, 00072),
	(00230, '\\0', 2, 013, 00055),
	(00231, '\\0', 30, 013, 00024),
	(00232, '\\0', 1, 013, 00043),
	(00233, '\\0', 18, 013, 00063),
	(00234, '\\0', 36, 013, 00103),
	(00235, '\\0', 27, 014, 00140),
	(00236, '\\0', 17, 014, 00158),
	(00237, '\\0', 49, 014, 00123),
	(00238, '\\0', 21, 014, 00031),
	(00239, '\\0', 22, 014, 00027),
	(00240, '\\0', 12, 014, 00100),
	(00241, '\\0', 40, 014, 00096),
	(00242, '\\0', 47, 014, 00094),
	(00243, '\\0', 48, 014, 00102),
	(00244, '\\0', 46, 014, 00055),
	(00245, '\\0', 36, 014, 00133),
	(00246, '\\0', 11, 014, 00034),
	(00247, '\\0', 22, 014, 00069),
	(00248, '\\0', 16, 014, 00110),
	(00249, '\\0', 45, 014, 00106),
	(00250, '\\0', 26, 014, 00019),
	(00251, '\\0', 19, 014, 00016),
	(00252, '\\0', 23, 014, 00106),
	(00253, '\\0', 15, 015, 00007),
	(00254, '\\0', 23, 015, 00016),
	(00255, '\\0', 40, 015, 00158),
	(00256, '\\0', 38, 015, 00115),
	(00257, '\\0', 37, 015, 00130),
	(00258, '\\0', 14, 015, 00111),
	(00259, '\\0', 7, 015, 00029),
	(00260, '\\0', 27, 015, 00003),
	(00261, '\\0', 16, 015, 00115),
	(00262, '\\0', 13, 015, 00110),
	(00263, '\\0', 28, 015, 00014),
	(00264, '\\0', 45, 015, 00124),
	(00265, '\\0', 44, 015, 00149),
	(00266, '\\0', 17, 015, 00143),
	(00267, '\\0', 5, 015, 00004),
	(00268, '\\0', 6, 015, 00113),
	(00269, '\\0', 5, 015, 00040),
	(00270, '\\0', 45, 015, 00107),
	(00271, '\\0', 9, 016, 00144),
	(00272, '\\0', 30, 016, 00025),
	(00273, '\\0', 38, 016, 00143),
	(00274, '\\0', 40, 016, 00100),
	(00275, '\\0', 18, 016, 00084),
	(00276, '\\0', 1, 016, 00044),
	(00277, '\\0', 46, 016, 00041),
	(00278, '\\0', 4, 016, 00123),
	(00279, '\\0', 33, 016, 00015),
	(00280, '\\0', 24, 016, 00119),
	(00281, '\\0', 12, 016, 00076),
	(00282, '\\0', 30, 016, 00017),
	(00283, '\\0', 20, 016, 00105),
	(00284, '\\0', 27, 016, 00062),
	(00285, '\\0', 46, 016, 00054),
	(00286, '\\0', 21, 016, 00152),
	(00287, '\\0', 42, 016, 00157),
	(00288, '\\0', 36, 016, 00121),
	(00289, '\\0', 45, 017, 00029),
	(00290, '\\0', 24, 017, 00123),
	(00291, '\\0', 47, 017, 00133),
	(00292, '\\0', 46, 017, 00092),
	(00293, '\\0', 42, 017, 00081),
	(00294, '\\0', 30, 017, 00156),
	(00295, '\\0', 7, 017, 00065),
	(00296, '\\0', 32, 017, 00026),
	(00297, '\\0', 11, 017, 00079),
	(00298, '\\0', 48, 017, 00125),
	(00299, '\\0', 27, 017, 00168),
	(00300, '\\0', 12, 017, 00112),
	(00301, '\\0', 44, 017, 00105),
	(00302, '\\0', 10, 017, 00142),
	(00303, '\\0', 21, 017, 00147),
	(00304, '\\0', 21, 017, 00143),
	(00305, '\\0', 20, 017, 00050),
	(00306, '\\0', 8, 017, 00056),
	(00307, '\\0', 5, 018, 00025),
	(00308, '\\0', 6, 018, 00113),
	(00309, '\\0', 48, 018, 00019),
	(00310, '\\0', 36, 018, 00048),
	(00311, '\\0', 1, 018, 00164),
	(00312, '\\0', 43, 018, 00006),
	(00313, '\\0', 9, 018, 00127),
	(00314, '\\0', 7, 018, 00050),
	(00315, '\\0', 46, 018, 00085),
	(00316, '\\0', 40, 018, 00116),
	(00317, '\\0', 30, 018, 00037),
	(00318, '\\0', 46, 018, 00053),
	(00319, '\\0', 41, 018, 00093),
	(00320, '\\0', 44, 018, 00012),
	(00321, '\\0', 48, 018, 00090),
	(00322, '\\0', 43, 018, 00048),
	(00323, '\\0', 11, 018, 00124),
	(00324, '\\0', 25, 018, 00068),
	(00325, '\\0', 19, 019, 00166),
	(00326, '\\0', 38, 019, 00027),
	(00327, '\\0', 32, 019, 00056),
	(00328, '\\0', 22, 019, 00070),
	(00329, '\\0', 3, 019, 00013),
	(00330, '\\0', 27, 019, 00009),
	(00331, '\\0', 8, 019, 00080),
	(00332, '\\0', 10, 019, 00139),
	(00333, '\\0', 1, 019, 00160),
	(00334, '\\0', 50, 019, 00102),
	(00335, '\\0', 19, 019, 00056),
	(00336, '\\0', 11, 019, 00134),
	(00337, '\\0', 16, 019, 00162),
	(00338, '\\0', 28, 019, 00119),
	(00339, '\\0', 6, 019, 00091),
	(00340, '\\0', 30, 019, 00171),
	(00341, '\\0', 4, 019, 00123),
	(00342, '\\0', 25, 019, 00116),
	(00343, '\\0', 40, 020, 00169),
	(00344, '\\0', 48, 020, 00112),
	(00345, '\\0', 2, 020, 00044),
	(00346, '\\0', 8, 020, 00156),
	(00347, '\\0', 41, 020, 00148),
	(00348, '\\0', 26, 020, 00031),
	(00349, '\\0', 16, 020, 00094),
	(00350, '\\0', 36, 020, 00017),
	(00351, '\\0', 1, 020, 00059),
	(00352, '\\0', 19, 020, 00110),
	(00353, '\\0', 13, 020, 00151),
	(00354, '\\0', 14, 020, 00045),
	(00355, '\\0', 22, 020, 00115),
	(00356, '\\0', 50, 020, 00062),
	(00357, '\\0', 47, 020, 00166),
	(00358, '\\0', 39, 020, 00096),
	(00359, '\\0', 1, 020, 00153),
	(00360, '\\0', 13, 020, 00145),
	(00361, '\\0', 41, 021, 00010),
	(00362, '\\0', 19, 021, 00066),
	(00363, '\\0', 42, 021, 00155),
	(00364, '\\0', 10, 021, 00118),
	(00365, '\\0', 4, 021, 00109),
	(00366, '\\0', 10, 021, 00133),
	(00367, '\\0', 44, 021, 00075),
	(00368, '\\0', 20, 021, 00056),
	(00369, '\\0', 6, 021, 00132),
	(00370, '\\0', 35, 021, 00145),
	(00371, '\\0', 33, 021, 00026),
	(00372, '\\0', 12, 021, 00006),
	(00373, '\\0', 40, 021, 00053),
	(00374, '\\0', 36, 021, 00075),
	(00375, '\\0', 28, 021, 00094),
	(00376, '\\0', 25, 021, 00088),
	(00377, '\\0', 6, 021, 00158),
	(00378, '\\0', 32, 021, 00041),
	(00379, '\\0', 28, 022, 00079),
	(00380, '\\0', 32, 022, 00089),
	(00381, '\\0', 29, 022, 00122),
	(00382, '\\0', 45, 022, 00078),
	(00383, '\\0', 39, 022, 00106),
	(00384, '\\0', 9, 022, 00092),
	(00385, '\\0', 48, 022, 00131),
	(00386, '\\0', 12, 022, 00166),
	(00387, '\\0', 40, 022, 00009),
	(00388, '\\0', 24, 022, 00063),
	(00389, '\\0', 24, 022, 00010),
	(00390, '\\0', 40, 022, 00085),
	(00391, '\\0', 48, 022, 00159),
	(00392, '\\0', 2, 022, 00002),
	(00393, '\\0', 15, 022, 00122),
	(00394, '\\0', 9, 022, 00034),
	(00395, '\\0', 34, 022, 00156),
	(00396, '\\0', 1, 022, 00070),
	(00397, '\\0', 42, 023, 00090),
	(00398, '\\0', 10, 023, 00005),
	(00399, '\\0', 2, 023, 00074),
	(00400, '\\0', 33, 023, 00081),
	(00401, '\\0', 14, 023, 00038),
	(00402, '\\0', 28, 023, 00150),
	(00403, '\\0', 40, 023, 00077),
	(00404, '\\0', 49, 023, 00121),
	(00405, '\\0', 50, 023, 00002),
	(00406, '\\0', 14, 023, 00014),
	(00407, '\\0', 43, 023, 00089),
	(00408, '\\0', 11, 023, 00056),
	(00409, '\\0', 5, 023, 00035),
	(00410, '\\0', 37, 023, 00114),
	(00411, '\\0', 23, 023, 00031),
	(00412, '\\0', 39, 023, 00082),
	(00413, '\\0', 10, 023, 00165),
	(00414, '\\0', 18, 023, 00113),
	(00415, '\\0', 3, 024, 00039),
	(00416, '\\0', 34, 024, 00097),
	(00417, '\\0', 39, 024, 00056),
	(00418, '\\0', 2, 024, 00086),
	(00419, '\\0', 40, 024, 00065),
	(00420, '\\0', 12, 024, 00046),
	(00421, '\\0', 8, 024, 00028),
	(00422, '\\0', 13, 024, 00109),
	(00423, '\\0', 33, 024, 00102),
	(00424, '\\0', 49, 024, 00072),
	(00425, '\\0', 4, 024, 00065),
	(00426, '\\0', 10, 024, 00166),
	(00427, '\\0', 44, 024, 00036),
	(00428, '\\0', 1, 024, 00150),
	(00429, '\\0', 40, 024, 00058),
	(00430, '\\0', 19, 024, 00062),
	(00431, '\\0', 49, 024, 00010),
	(00432, '\\0', 7, 024, 00105),
	(00433, '\\0', 16, 025, 00082),
	(00434, '\\0', 36, 025, 00069),
	(00435, '\\0', 17, 025, 00044),
	(00436, '\\0', 42, 025, 00060),
	(00437, '\\0', 30, 025, 00159),
	(00438, '\\0', 50, 025, 00013),
	(00439, '\\0', 39, 025, 00141),
	(00440, '\\0', 48, 025, 00100),
	(00441, '\\0', 16, 025, 00134),
	(00442, '\\0', 10, 025, 00023),
	(00443, '\\0', 28, 025, 00150),
	(00444, '\\0', 10, 025, 00020),
	(00445, '\\0', 17, 025, 00084),
	(00446, '\\0', 30, 025, 00155),
	(00447, '\\0', 9, 025, 00119),
	(00448, '\\0', 16, 025, 00011),
	(00449, '\\0', 15, 025, 00004),
	(00450, '\\0', 30, 025, 00041),
	(00451, '\\0', 29, 026, 00068),
	(00452, '\\0', 34, 026, 00158),
	(00453, '\\0', 23, 026, 00020),
	(00454, '\\0', 38, 026, 00087),
	(00455, '\\0', 24, 026, 00140),
	(00456, '\\0', 17, 026, 00052),
	(00457, '\\0', 25, 026, 00065),
	(00458, '\\0', 23, 026, 00102),
	(00459, '\\0', 42, 026, 00160),
	(00460, '\\0', 5, 026, 00134),
	(00461, '\\0', 44, 026, 00092),
	(00462, '\\0', 22, 026, 00104),
	(00463, '\\0', 15, 026, 00088),
	(00464, '\\0', 48, 026, 00123),
	(00465, '\\0', 45, 026, 00023),
	(00466, '\\0', 34, 026, 00090),
	(00467, '\\0', 44, 026, 00027),
	(00468, '\\0', 10, 026, 00098),
	(00469, '\\0', 27, 027, 00162),
	(00470, '\\0', 15, 027, 00141),
	(00471, '\\0', 31, 027, 00152),
	(00472, '\\0', 7, 027, 00138),
	(00473, '\\0', 37, 027, 00122),
	(00474, '\\0', 41, 027, 00041),
	(00475, '\\0', 24, 027, 00163),
	(00476, '\\0', 36, 027, 00014),
	(00477, '\\0', 38, 027, 00058),
	(00478, '\\0', 15, 027, 00016),
	(00479, '\\0', 25, 027, 00037),
	(00480, '\\0', 47, 027, 00151),
	(00481, '\\0', 50, 027, 00107),
	(00482, '\\0', 40, 027, 00128),
	(00483, '\\0', 48, 027, 00159),
	(00484, '\\0', 40, 027, 00110),
	(00485, '\\0', 13, 027, 00052),
	(00486, '\\0', 15, 027, 00009),
	(00487, '\\0', 27, 028, 00171),
	(00488, '\\0', 42, 028, 00149),
	(00489, '\\0', 13, 028, 00143),
	(00490, '\\0', 41, 028, 00020),
	(00491, '\\0', 35, 028, 00010),
	(00492, '\\0', 27, 028, 00008),
	(00493, '\\0', 20, 028, 00137),
	(00494, '\\0', 12, 028, 00066),
	(00495, '\\0', 3, 028, 00118),
	(00496, '\\0', 11, 028, 00127),
	(00497, '\\0', 42, 028, 00003),
	(00498, '\\0', 30, 028, 00036),
	(00499, '\\0', 49, 028, 00051),
	(00500, '\\0', 34, 028, 00040),
	(00501, '\\0', 33, 028, 00167),
	(00502, '\\0', 20, 028, 00032),
	(00503, '\\0', 48, 028, 00132),
	(00504, '\\0', 7, 028, 00082),
	(00505, '\\0', 19, 029, 00159),
	(00506, '\\0', 3, 029, 00135),
	(00507, '\\0', 23, 029, 00147),
	(00508, '\\0', 31, 029, 00166),
	(00509, '\\0', 42, 029, 00004),
	(00510, '\\0', 44, 029, 00015),
	(00511, '\\0', 19, 029, 00018),
	(00512, '\\0', 33, 029, 00148),
	(00513, '\\0', 16, 029, 00032),
	(00514, '\\0', 36, 029, 00109),
	(00515, '\\0', 25, 029, 00146),
	(00516, '\\0', 12, 029, 00161),
	(00517, '\\0', 19, 029, 00011),
	(00518, '\\0', 21, 029, 00086),
	(00519, '\\0', 7, 029, 00163),
	(00520, '\\0', 14, 029, 00114),
	(00521, '\\0', 30, 029, 00113),
	(00522, '\\0', 19, 029, 00083),
	(00523, '\\0', 44, 030, 00137),
	(00524, '\\0', 12, 030, 00002),
	(00525, '\\0', 37, 030, 00057),
	(00526, '\\0', 13, 030, 00057),
	(00527, '\\0', 5, 030, 00074),
	(00528, '\\0', 24, 030, 00155),
	(00529, '\\0', 49, 030, 00003),
	(00530, '\\0', 48, 030, 00145),
	(00531, '\\0', 23, 030, 00005),
	(00532, '\\0', 39, 030, 00037),
	(00533, '\\0', 1, 030, 00075),
	(00534, '\\0', 38, 030, 00072),
	(00535, '\\0', 47, 030, 00109),
	(00536, '\\0', 41, 030, 00110),
	(00537, '\\0', 3, 030, 00033),
	(00538, '\\0', 43, 030, 00039),
	(00539, '\\0', 49, 030, 00145),
	(00540, '\\0', 40, 030, 00127),
	(00541, '\\0', 3, 031, 00104),
	(00542, '\\0', 31, 031, 00038),
	(00543, '\\0', 42, 031, 00136),
	(00544, '\\0', 27, 031, 00165),
	(00545, '\\0', 15, 031, 00026),
	(00546, '\\0', 24, 031, 00140),
	(00547, '\\0', 26, 031, 00090),
	(00548, '\\0', 25, 031, 00111),
	(00549, '\\0', 30, 031, 00017),
	(00550, '\\0', 44, 031, 00081),
	(00551, '\\0', 9, 031, 00142),
	(00552, '\\0', 22, 031, 00092),
	(00553, '\\0', 12, 031, 00071),
	(00554, '\\0', 40, 031, 00111),
	(00555, '\\0', 21, 031, 00126),
	(00556, '\\0', 26, 031, 00049),
	(00557, '\\0', 40, 031, 00059),
	(00558, '\\0', 19, 031, 00024),
	(00559, '\\0', 31, 032, 00048),
	(00560, '\\0', 19, 032, 00063),
	(00561, '\\0', 36, 032, 00163),
	(00562, '\\0', 33, 032, 00086),
	(00563, '\\0', 5, 032, 00074),
	(00564, '\\0', 33, 032, 00050),
	(00565, '\\0', 19, 032, 00107),
	(00566, '\\0', 43, 032, 00052),
	(00567, '\\0', 20, 032, 00151),
	(00568, '\\0', 22, 032, 00135),
	(00569, '\\0', 15, 032, 00026),
	(00570, '\\0', 10, 032, 00157),
	(00571, '\\0', 5, 032, 00022),
	(00572, '\\0', 29, 032, 00071),
	(00573, '\\0', 10, 032, 00008),
	(00574, '\\0', 37, 032, 00088),
	(00575, '\\0', 6, 032, 00009),
	(00576, '\\0', 29, 032, 00052),
	(00577, '\\0', 13, 033, 00091),
	(00578, '\\0', 35, 033, 00016),
	(00579, '\\0', 30, 033, 00101),
	(00580, '\\0', 13, 033, 00053),
	(00581, '\\0', 2, 033, 00083),
	(00582, '\\0', 1, 033, 00086),
	(00583, '\\0', 18, 033, 00036),
	(00584, '\\0', 5, 033, 00041),
	(00585, '\\0', 38, 033, 00096),
	(00586, '\\0', 37, 033, 00084),
	(00587, '\\0', 38, 033, 00086),
	(00588, '\\0', 30, 033, 00068),
	(00589, '\\0', 11, 033, 00153),
	(00590, '\\0', 20, 033, 00028),
	(00591, '\\0', 36, 033, 00029),
	(00592, '\\0', 32, 033, 00007),
	(00593, '\\0', 48, 033, 00099),
	(00594, '\\0', 7, 033, 00056),
	(00595, '\\0', 43, 034, 00129),
	(00596, '\\0', 5, 034, 00012),
	(00597, '\\0', 30, 034, 00094),
	(00598, '\\0', 44, 034, 00130),
	(00599, '\\0', 41, 034, 00162),
	(00600, '\\0', 44, 034, 00047),
	(00601, '\\0', 41, 034, 00131),
	(00602, '\\0', 33, 034, 00011),
	(00603, '\\0', 8, 034, 00079),
	(00604, '\\0', 15, 034, 00015),
	(00605, '\\0', 15, 034, 00142),
	(00606, '\\0', 41, 034, 00040),
	(00607, '\\0', 3, 034, 00126),
	(00608, '\\0', 23, 034, 00046),
	(00609, '\\0', 38, 034, 00098),
	(00610, '\\0', 46, 034, 00051),
	(00611, '\\0', 22, 034, 00051),
	(00612, '\\0', 47, 034, 00058),
	(00613, '\\0', 42, 035, 00132),
	(00614, '\\0', 6, 035, 00133),
	(00615, '\\0', 44, 035, 00050),
	(00616, '\\0', 40, 035, 00120),
	(00617, '\\0', 26, 035, 00145),
	(00618, '\\0', 9, 035, 00033),
	(00619, '\\0', 38, 035, 00051),
	(00620, '\\0', 25, 035, 00108),
	(00621, '\\0', 11, 035, 00033),
	(00622, '\\0', 33, 035, 00077),
	(00623, '\\0', 16, 035, 00132),
	(00624, '\\0', 48, 035, 00155),
	(00625, '\\0', 28, 035, 00068),
	(00626, '\\0', 36, 035, 00089),
	(00627, '\\0', 26, 035, 00107),
	(00628, '\\0', 38, 035, 00100),
	(00629, '\\0', 48, 035, 00118),
	(00630, '\\0', 3, 035, 00064),
	(00631, '\\0', 31, 036, 00031),
	(00632, '\\0', 20, 036, 00036),
	(00633, '\\0', 21, 036, 00130),
	(00634, '\\0', 40, 036, 00114),
	(00635, '\\0', 47, 036, 00096),
	(00636, '\\0', 7, 036, 00032),
	(00637, '\\0', 10, 036, 00144),
	(00638, '\\0', 20, 036, 00120),
	(00639, '\\0', 25, 036, 00143),
	(00640, '\\0', 38, 036, 00043),
	(00641, '\\0', 2, 036, 00015),
	(00642, '\\0', 1, 036, 00022),
	(00643, '\\0', 35, 036, 00132),
	(00644, '\\0', 14, 036, 00105),
	(00645, '\\0', 29, 036, 00138),
	(00646, '\\0', 33, 036, 00143),
	(00647, '\\0', 20, 036, 00051),
	(00648, '\\0', 18, 036, 00036),
	(00649, '\\0', 12, 037, 00118),
	(00650, '\\0', 15, 037, 00159),
	(00651, '\\0', 10, 037, 00084),
	(00652, '\\0', 11, 037, 00080),
	(00653, '\\0', 37, 037, 00065),
	(00654, '\\0', 38, 037, 00063),
	(00655, '\\0', 41, 037, 00007),
	(00656, '\\0', 13, 037, 00150),
	(00657, '\\0', 4, 037, 00130),
	(00658, '\\0', 13, 037, 00061),
	(00659, '\\0', 19, 037, 00118),
	(00660, '\\0', 1, 037, 00086),
	(00661, '\\0', 34, 037, 00085),
	(00662, '\\0', 21, 037, 00122),
	(00663, '\\0', 32, 037, 00007),
	(00664, '\\0', 48, 037, 00078),
	(00665, '\\0', 35, 037, 00012),
	(00666, '\\0', 1, 037, 00132),
	(00667, '\\0', 7, 038, 00127),
	(00668, '\\0', 30, 038, 00112),
	(00669, '\\0', 34, 038, 00122),
	(00670, '\\0', 22, 038, 00052),
	(00671, '\\0', 19, 038, 00114),
	(00672, '\\0', 20, 038, 00161),
	(00673, '\\0', 46, 038, 00022),
	(00674, '\\0', 47, 038, 00065),
	(00675, '\\0', 43, 038, 00078),
	(00676, '\\0', 30, 038, 00045),
	(00677, '\\0', 10, 038, 00024),
	(00678, '\\0', 22, 038, 00112),
	(00679, '\\0', 12, 038, 00018),
	(00680, '\\0', 38, 038, 00063),
	(00681, '\\0', 10, 038, 00137),
	(00682, '\\0', 17, 038, 00029),
	(00683, '\\0', 36, 038, 00100),
	(00684, '\\0', 47, 038, 00147),
	(00685, '\\0', 19, 039, 00027),
	(00686, '\\0', 23, 039, 00163),
	(00687, '\\0', 34, 039, 00045),
	(00688, '\\0', 17, 039, 00059),
	(00689, '\\0', 45, 039, 00134),
	(00690, '\\0', 44, 039, 00019),
	(00691, '\\0', 11, 039, 00165),
	(00692, '\\0', 43, 039, 00134),
	(00693, '\\0', 14, 039, 00022),
	(00694, '\\0', 50, 039, 00157),
	(00695, '\\0', 25, 039, 00081),
	(00696, '\\0', 23, 039, 00146),
	(00697, '\\0', 47, 039, 00020),
	(00698, '\\0', 36, 039, 00066),
	(00699, '\\0', 8, 039, 00099),
	(00700, '\\0', 5, 039, 00057),
	(00701, '\\0', 22, 039, 00059),
	(00702, '\\0', 23, 039, 00030),
	(00703, '\\0', 34, 040, 00013),
	(00704, '\\0', 23, 040, 00159),
	(00705, '\\0', 20, 040, 00169),
	(00706, '\\0', 39, 040, 00054),
	(00707, '\\0', 1, 040, 00020),
	(00708, '\\0', 48, 040, 00054),
	(00709, '\\0', 6, 040, 00085),
	(00710, '\\0', 45, 040, 00098),
	(00711, '\\0', 5, 040, 00095),
	(00712, '\\0', 29, 040, 00094),
	(00713, '\\0', 37, 040, 00088),
	(00714, '\\0', 15, 040, 00066),
	(00715, '\\0', 8, 040, 00139),
	(00716, '\\0', 5, 040, 00028),
	(00717, '\\0', 9, 040, 00157),
	(00718, '\\0', 30, 040, 00111),
	(00719, '\\0', 41, 040, 00093),
	(00720, '\\0', 18, 040, 00060),
	(00721, '\\0', 16, 041, 00116),
	(00722, '\\0', 43, 041, 00170),
	(00723, '\\0', 18, 041, 00081),
	(00724, '\\0', 7, 041, 00100),
	(00725, '\\0', 16, 041, 00065),
	(00726, '\\0', 18, 041, 00098),
	(00727, '\\0', 5, 041, 00159),
	(00728, '\\0', 22, 041, 00168),
	(00729, '\\0', 23, 041, 00098),
	(00730, '\\0', 7, 041, 00144),
	(00731, '\\0', 2, 041, 00129),
	(00732, '\\0', 24, 041, 00009),
	(00733, '\\0', 48, 041, 00067),
	(00734, '\\0', 50, 041, 00083),
	(00735, '\\0', 27, 041, 00086),
	(00736, '\\0', 20, 041, 00144),
	(00737, '\\0', 41, 041, 00084),
	(00738, '\\0', 36, 041, 00022),
	(00739, '\\0', 8, 042, 00046),
	(00740, '\\0', 11, 042, 00118),
	(00741, '\\0', 36, 042, 00047),
	(00742, '\\0', 27, 042, 00147),
	(00743, '\\0', 21, 042, 00028),
	(00744, '\\0', 14, 042, 00065),
	(00745, '\\0', 4, 042, 00081),
	(00746, '\\0', 32, 042, 00031),
	(00747, '\\0', 45, 042, 00067),
	(00748, '\\0', 47, 042, 00071),
	(00749, '\\0', 11, 042, 00115),
	(00750, '\\0', 40, 042, 00137),
	(00751, '\\0', 40, 042, 00006),
	(00752, '\\0', 27, 042, 00092),
	(00753, '\\0', 2, 042, 00148),
	(00754, '\\0', 24, 042, 00082),
	(00755, '\\0', 45, 042, 00106),
	(00756, '\\0', 14, 042, 00029),
	(00757, '\\0', 19, 043, 00042),
	(00758, '\\0', 12, 043, 00146),
	(00759, '\\0', 9, 043, 00101),
	(00760, '\\0', 1, 043, 00007),
	(00761, '\\0', 8, 043, 00005),
	(00762, '\\0', 32, 043, 00129),
	(00763, '\\0', 38, 043, 00020),
	(00764, '\\0', 25, 043, 00087),
	(00765, '\\0', 41, 043, 00135),
	(00766, '\\0', 9, 043, 00142),
	(00767, '\\0', 26, 043, 00001),
	(00768, '\\0', 40, 043, 00111),
	(00769, '\\0', 23, 043, 00047),
	(00770, '\\0', 1, 043, 00017),
	(00771, '\\0', 22, 043, 00073),
	(00772, '\\0', 20, 043, 00041),
	(00773, '\\0', 15, 043, 00142),
	(00774, '\\0', 29, 043, 00063),
	(00775, '\\0', 41, 044, 00076),
	(00776, '\\0', 22, 044, 00104),
	(00777, '\\0', 34, 044, 00011),
	(00778, '\\0', 26, 044, 00137),
	(00779, '\\0', 11, 044, 00013),
	(00780, '\\0', 24, 044, 00144),
	(00781, '\\0', 22, 044, 00140),
	(00782, '\\0', 1, 044, 00161),
	(00783, '\\0', 6, 044, 00153),
	(00784, '\\0', 16, 044, 00107),
	(00785, '\\0', 25, 044, 00085),
	(00786, '\\0', 1, 044, 00023),
	(00787, '\\0', 46, 044, 00009),
	(00788, '\\0', 19, 044, 00149),
	(00789, '\\0', 50, 044, 00048),
	(00790, '\\0', 36, 044, 00100),
	(00791, '\\0', 25, 044, 00053),
	(00792, '\\0', 20, 044, 00111),
	(00793, '\\0', 49, 045, 00073),
	(00794, '\\0', 12, 045, 00110),
	(00795, '\\0', 3, 045, 00040),
	(00796, '\\0', 33, 045, 00041),
	(00797, '\\0', 17, 045, 00170),
	(00798, '\\0', 8, 045, 00117),
	(00799, '\\0', 20, 045, 00062),
	(00800, '\\0', 27, 045, 00014),
	(00801, '\\0', 3, 045, 00165),
	(00802, '\\0', 13, 045, 00006),
	(00803, '\\0', 49, 045, 00071),
	(00804, '\\0', 46, 045, 00069),
	(00805, '\\0', 20, 045, 00116),
	(00806, '\\0', 24, 045, 00131),
	(00807, '\\0', 29, 045, 00019),
	(00808, '\\0', 26, 045, 00131),
	(00809, '\\0', 40, 045, 00079),
	(00810, '\\0', 16, 045, 00100),
	(00811, '\\0', 38, 046, 00051),
	(00812, '\\0', 1, 046, 00020),
	(00813, '\\0', 17, 046, 00069),
	(00814, '\\0', 2, 046, 00149),
	(00815, '\\0', 13, 046, 00118),
	(00816, '\\0', 50, 046, 00136),
	(00817, '\\0', 5, 046, 00061),
	(00818, '\\0', 42, 046, 00055),
	(00819, '\\0', 33, 046, 00110),
	(00820, '\\0', 25, 046, 00009),
	(00821, '\\0', 30, 046, 00115),
	(00822, '\\0', 27, 046, 00021),
	(00823, '\\0', 29, 046, 00142),
	(00824, '\\0', 42, 046, 00168),
	(00825, '\\0', 17, 046, 00011),
	(00826, '\\0', 32, 046, 00105),
	(00827, '\\0', 3, 046, 00109),
	(00828, '\\0', 10, 046, 00044),
	(00829, '\\0', 45, 047, 00076),
	(00830, '\\0', 8, 047, 00160),
	(00831, '\\0', 10, 047, 00046),
	(00832, '\\0', 40, 047, 00170),
	(00833, '\\0', 14, 047, 00133),
	(00834, '\\0', 9, 047, 00113),
	(00835, '\\0', 45, 047, 00094),
	(00836, '\\0', 21, 047, 00094),
	(00837, '\\0', 41, 047, 00150),
	(00838, '\\0', 46, 047, 00089),
	(00839, '\\0', 30, 047, 00019),
	(00840, '\\0', 16, 047, 00084),
	(00841, '\\0', 12, 047, 00040),
	(00842, '\\0', 9, 047, 00113),
	(00843, '\\0', 22, 047, 00031),
	(00844, '\\0', 40, 047, 00019),
	(00845, '\\0', 29, 047, 00011),
	(00846, '\\0', 40, 047, 00092),
	(00847, '\\0', 49, 048, 00025),
	(00848, '\\0', 14, 048, 00039),
	(00849, '\\0', 48, 048, 00056),
	(00850, '\\0', 1, 048, 00136),
	(00851, '\\0', 5, 048, 00165),
	(00852, '\\0', 22, 048, 00056),
	(00853, '\\0', 40, 048, 00140),
	(00854, '\\0', 7, 048, 00127),
	(00855, '\\0', 27, 048, 00054),
	(00856, '\\0', 29, 048, 00026),
	(00857, '\\0', 24, 048, 00027),
	(00858, '\\0', 8, 048, 00030),
	(00859, '\\0', 30, 048, 00113),
	(00860, '\\0', 38, 048, 00114),
	(00861, '\\0', 5, 048, 00076),
	(00862, '\\0', 27, 048, 00147),
	(00863, '\\0', 2, 048, 00069),
	(00864, '\\0', 2, 048, 00039),
	(00865, '\\0', 6, 049, 00031),
	(00866, '\\0', 10, 049, 00102),
	(00867, '\\0', 49, 049, 00070),
	(00868, '\\0', 21, 049, 00154),
	(00869, '\\0', 46, 049, 00140),
	(00870, '\\0', 37, 049, 00120),
	(00871, '\\0', 42, 049, 00063),
	(00872, '\\0', 46, 049, 00055),
	(00873, '\\0', 45, 049, 00057),
	(00874, '\\0', 5, 049, 00120),
	(00875, '\\0', 49, 049, 00161),
	(00876, '\\0', 28, 049, 00139),
	(00877, '\\0', 3, 049, 00066),
	(00878, '\\0', 33, 049, 00136),
	(00879, '\\0', 3, 049, 00167),
	(00880, '\\0', 31, 049, 00067),
	(00881, '\\0', 27, 049, 00080),
	(00882, '\\0', 30, 049, 00029),
	(00883, '\\0', 42, 050, 00074),
	(00884, '\\0', 4, 050, 00166),
	(00885, '\\0', 20, 050, 00001),
	(00886, '\\0', 26, 050, 00028),
	(00887, '\\0', 42, 050, 00085),
	(00888, '\\0', 10, 050, 00114),
	(00889, '\\0', 48, 050, 00156),
	(00890, '\\0', 23, 050, 00017),
	(00891, '\\0', 26, 050, 00161),
	(00892, '\\0', 2, 050, 00005),
	(00893, '\\0', 18, 050, 00100),
	(00894, '\\0', 36, 050, 00095),
	(00895, '\\0', 30, 050, 00073),
	(00896, '\\0', 33, 050, 00160),
	(00897, '\\0', 23, 050, 00171),
	(00898, '\\0', 21, 050, 00027),
	(00899, '\\0', 12, 050, 00108),
	(00900, '\\0', 23, 050, 00084),
	(00901, '\\0', 42, 051, 00113),
	(00902, '\\0', 25, 051, 00001),
	(00903, '\\0', 34, 051, 00138),
	(00904, '\\0', 9, 051, 00061),
	(00905, '\\0', 21, 051, 00091),
	(00906, '\\0', 5, 051, 00084),
	(00907, '\\0', 5, 051, 00164),
	(00908, '\\0', 30, 051, 00118),
	(00909, '\\0', 19, 051, 00044),
	(00910, '\\0', 25, 051, 00055),
	(00911, '\\0', 18, 051, 00067),
	(00912, '\\0', 35, 051, 00096),
	(00913, '\\0', 8, 051, 00037),
	(00914, '\\0', 34, 051, 00102),
	(00915, '\\0', 39, 051, 00042),
	(00916, '\\0', 11, 051, 00072),
	(00917, '\\0', 24, 051, 00091),
	(00918, '\\0', 39, 051, 00032),
	(00919, '\\0', 34, 052, 00028),
	(00920, '\\0', 33, 052, 00160),
	(00921, '\\0', 8, 052, 00146),
	(00922, '\\0', 10, 052, 00027),
	(00923, '\\0', 35, 052, 00116),
	(00924, '\\0', 34, 052, 00078),
	(00925, '\\0', 34, 052, 00054),
	(00926, '\\0', 23, 052, 00095),
	(00927, '\\0', 14, 052, 00088),
	(00928, '\\0', 9, 052, 00092),
	(00929, '\\0', 18, 052, 00030),
	(00930, '\\0', 10, 052, 00014),
	(00931, '\\0', 19, 052, 00042),
	(00932, '\\0', 36, 052, 00137),
	(00933, '\\0', 44, 052, 00153),
	(00934, '\\0', 35, 052, 00138),
	(00935, '\\0', 34, 052, 00018),
	(00936, '\\0', 30, 052, 00049),
	(00937, '\\0', 4, 053, 00004),
	(00938, '\\0', 12, 053, 00107),
	(00939, '\\0', 14, 053, 00125),
	(00940, '\\0', 25, 053, 00101),
	(00941, '\\0', 24, 053, 00147),
	(00942, '\\0', 27, 053, 00089),
	(00943, '\\0', 27, 053, 00041),
	(00944, '\\0', 10, 053, 00023),
	(00945, '\\0', 46, 053, 00113),
	(00946, '\\0', 15, 053, 00079),
	(00947, '\\0', 44, 053, 00150),
	(00948, '\\0', 34, 053, 00053),
	(00949, '\\0', 39, 053, 00037),
	(00950, '\\0', 10, 053, 00050),
	(00951, '\\0', 27, 053, 00155),
	(00952, '\\0', 15, 053, 00101),
	(00953, '\\0', 3, 053, 00025),
	(00954, '\\0', 39, 053, 00133),
	(00955, '\\0', 31, 054, 00061),
	(00956, '\\0', 38, 054, 00099),
	(00957, '\\0', 7, 054, 00104),
	(00958, '\\0', 24, 054, 00134),
	(00959, '\\0', 44, 054, 00152),
	(00960, '\\0', 14, 054, 00149),
	(00961, '\\0', 17, 054, 00056),
	(00962, '\\0', 12, 054, 00170),
	(00963, '\\0', 50, 054, 00135),
	(00964, '\\0', 15, 054, 00084),
	(00965, '\\0', 19, 054, 00053),
	(00966, '\\0', 3, 054, 00082),
	(00967, '\\0', 25, 054, 00150),
	(00968, '\\0', 44, 054, 00109),
	(00969, '\\0', 45, 054, 00041),
	(00970, '\\0', 23, 054, 00088),
	(00971, '\\0', 42, 054, 00150),
	(00972, '\\0', 4, 054, 00166),
	(00973, '\\0', 31, 055, 00062),
	(00974, '\\0', 15, 055, 00132),
	(00975, '\\0', 7, 055, 00013),
	(00976, '\\0', 1, 055, 00128),
	(00977, '\\0', 16, 055, 00131),
	(00978, '\\0', 43, 055, 00057),
	(00979, '\\0', 13, 055, 00154),
	(00980, '\\0', 7, 055, 00141),
	(00981, '\\0', 2, 055, 00050),
	(00982, '\\0', 31, 055, 00002),
	(00983, '\\0', 47, 055, 00119),
	(00984, '\\0', 25, 055, 00093),
	(00985, '\\0', 41, 055, 00077),
	(00986, '\\0', 17, 055, 00084),
	(00987, '\\0', 7, 055, 00147),
	(00988, '\\0', 16, 055, 00022),
	(00989, '\\0', 12, 055, 00127),
	(00990, '\\0', 26, 055, 00047),
	(00991, '\\0', 40, 056, 00017),
	(00992, '\\0', 16, 056, 00067),
	(00993, '\\0', 40, 056, 00029),
	(00994, '\\0', 37, 056, 00087),
	(00995, '\\0', 8, 056, 00043),
	(00996, '\\0', 7, 056, 00016),
	(00997, '\\0', 14, 056, 00125),
	(00998, '\\0', 18, 056, 00058),
	(00999, '\\0', 2, 056, 00107),
	(01000, '\\0', 14, 056, 00113),
	(01001, '\\0', 38, 056, 00165),
	(01002, '\\0', 29, 056, 00028),
	(01003, '\\0', 30, 056, 00120),
	(01004, '\\0', 49, 056, 00046),
	(01005, '\\0', 38, 056, 00117),
	(01006, '\\0', 13, 056, 00114),
	(01007, '\\0', 30, 056, 00144),
	(01008, '\\0', 37, 056, 00115),
	(01009, '\\0', 14, 057, 00138),
	(01010, '\\0', 22, 057, 00139),
	(01011, '\\0', 19, 057, 00067),
	(01012, '\\0', 24, 057, 00137),
	(01013, '\\0', 25, 057, 00126),
	(01014, '\\0', 7, 057, 00080),
	(01015, '\\0', 6, 057, 00142),
	(01016, '\\0', 48, 057, 00145),
	(01017, '\\0', 8, 057, 00103),
	(01018, '\\0', 2, 057, 00039),
	(01019, '\\0', 13, 057, 00114),
	(01020, '\\0', 41, 057, 00084),
	(01021, '\\0', 41, 057, 00140),
	(01022, '\\0', 15, 057, 00120),
	(01023, '\\0', 24, 057, 00049),
	(01024, '\\0', 46, 057, 00065),
	(01025, '\\0', 8, 057, 00034),
	(01026, '\\0', 6, 057, 00063),
	(01027, '\\0', 2, 058, 00111),
	(01028, '\\0', 48, 058, 00133),
	(01029, '\\0', 27, 058, 00088),
	(01030, '\\0', 35, 058, 00050),
	(01031, '\\0', 49, 058, 00021),
	(01032, '\\0', 50, 058, 00050),
	(01033, '\\0', 43, 058, 00089),
	(01034, '\\0', 34, 058, 00048),
	(01035, '\\0', 32, 058, 00040),
	(01036, '\\0', 16, 058, 00022),
	(01037, '\\0', 37, 058, 00063),
	(01038, '\\0', 28, 058, 00042),
	(01039, '\\0', 18, 058, 00134),
	(01040, '\\0', 12, 058, 00047),
	(01041, '\\0', 47, 058, 00059),
	(01042, '\\0', 7, 058, 00064),
	(01043, '\\0', 3, 058, 00108),
	(01044, '\\0', 1, 058, 00160),
	(01045, '\\0', 31, 059, 00131),
	(01046, '\\0', 25, 059, 00101),
	(01047, '\\0', 21, 059, 00043),
	(01048, '\\0', 18, 059, 00112),
	(01049, '\\0', 12, 059, 00089),
	(01050, '\\0', 15, 059, 00103),
	(01051, '\\0', 18, 059, 00024),
	(01052, '\\0', 4, 059, 00156),
	(01053, '\\0', 7, 059, 00100),
	(01054, '\\0', 43, 059, 00141),
	(01055, '\\0', 13, 059, 00125),
	(01056, '\\0', 45, 059, 00016),
	(01057, '\\0', 38, 059, 00023),
	(01058, '\\0', 19, 059, 00041),
	(01059, '\\0', 36, 059, 00070),
	(01060, '\\0', 23, 059, 00057),
	(01061, '\\0', 18, 059, 00131),
	(01062, '\\0', 1, 059, 00137),
	(01063, '\\0', 40, 060, 00058),
	(01064, '\\0', 14, 060, 00062),
	(01065, '\\0', 41, 060, 00102),
	(01066, '\\0', 39, 060, 00086),
	(01067, '\\0', 34, 060, 00026),
	(01068, '\\0', 40, 060, 00101),
	(01069, '\\0', 8, 060, 00057),
	(01070, '\\0', 14, 060, 00146),
	(01071, '\\0', 28, 060, 00067),
	(01072, '\\0', 14, 060, 00018),
	(01073, '\\0', 1, 060, 00024),
	(01074, '\\0', 25, 060, 00139),
	(01075, '\\0', 45, 060, 00036),
	(01076, '\\0', 45, 060, 00035),
	(01077, '\\0', 29, 060, 00037),
	(01078, '\\0', 40, 060, 00049),
	(01079, '\\0', 18, 060, 00102),
	(01080, '\\0', 50, 060, 00091),
	(01081, '\\0', 41, 061, 00047),
	(01082, '\\0', 34, 061, 00024),
	(01083, '\\0', 32, 061, 00121),
	(01084, '\\0', 42, 061, 00005),
	(01085, '\\0', 17, 061, 00171),
	(01086, '\\0', 10, 061, 00169),
	(01087, '\\0', 6, 061, 00069),
	(01088, '\\0', 16, 061, 00161),
	(01089, '\\0', 8, 061, 00078),
	(01090, '\\0', 23, 061, 00034),
	(01091, '\\0', 11, 061, 00069),
	(01092, '\\0', 1, 061, 00144),
	(01093, '\\0', 49, 061, 00132),
	(01094, '\\0', 50, 061, 00108),
	(01095, '\\0', 50, 061, 00137),
	(01096, '\\0', 46, 061, 00108),
	(01097, '\\0', 9, 061, 00111),
	(01098, '\\0', 27, 061, 00092),
	(01099, '\\0', 17, 062, 00096),
	(01100, '\\0', 6, 062, 00101),
	(01101, '\\0', 1, 062, 00092),
	(01102, '\\0', 41, 062, 00063),
	(01103, '\\0', 29, 062, 00035),
	(01104, '\\0', 45, 062, 00056),
	(01105, '\\0', 17, 062, 00120),
	(01106, '\\0', 28, 062, 00033),
	(01107, '\\0', 43, 062, 00074),
	(01108, '\\0', 33, 062, 00011),
	(01109, '\\0', 27, 062, 00154),
	(01110, '\\0', 9, 062, 00004),
	(01111, '\\0', 44, 062, 00076),
	(01112, '\\0', 1, 062, 00006),
	(01113, '\\0', 13, 062, 00013),
	(01114, '\\0', 50, 062, 00160),
	(01115, '\\0', 1, 062, 00104),
	(01116, '\\0', 24, 062, 00032),
	(01117, '\\0', 6, 063, 00111),
	(01118, '\\0', 9, 063, 00020),
	(01119, '\\0', 28, 063, 00122),
	(01120, '\\0', 27, 063, 00152),
	(01121, '\\0', 42, 063, 00169),
	(01122, '\\0', 6, 063, 00074),
	(01123, '\\0', 8, 063, 00014),
	(01124, '\\0', 50, 063, 00154),
	(01125, '\\0', 36, 063, 00023),
	(01126, '\\0', 40, 063, 00119),
	(01127, '\\0', 28, 063, 00138),
	(01128, '\\0', 26, 063, 00140),
	(01129, '\\0', 4, 063, 00169),
	(01130, '\\0', 19, 063, 00062),
	(01131, '\\0', 28, 063, 00140),
	(01132, '\\0', 7, 063, 00014),
	(01133, '\\0', 8, 063, 00076),
	(01134, '\\0', 17, 063, 00093),
	(01135, '\\0', 9, 064, 00041),
	(01136, '\\0', 34, 064, 00128),
	(01137, '\\0', 42, 064, 00060),
	(01138, '\\0', 30, 064, 00164),
	(01139, '\\0', 34, 064, 00150),
	(01140, '\\0', 17, 064, 00119),
	(01141, '\\0', 15, 064, 00129),
	(01142, '\\0', 22, 064, 00071),
	(01143, '\\0', 5, 064, 00067),
	(01144, '\\0', 38, 064, 00009),
	(01145, '\\0', 17, 064, 00038),
	(01146, '\\0', 29, 064, 00076),
	(01147, '\\0', 40, 064, 00039),
	(01148, '\\0', 37, 064, 00006),
	(01149, '\\0', 38, 064, 00048),
	(01150, '\\0', 12, 064, 00043),
	(01151, '\\0', 22, 064, 00100),
	(01152, '\\0', 14, 064, 00050),
	(01153, '\\0', 44, 065, 00141),
	(01154, '\\0', 47, 065, 00124),
	(01155, '\\0', 42, 065, 00034),
	(01156, '\\0', 37, 065, 00079),
	(01157, '\\0', 43, 065, 00040),
	(01158, '\\0', 25, 065, 00014),
	(01159, '\\0', 19, 065, 00143),
	(01160, '\\0', 27, 065, 00116),
	(01161, '\\0', 13, 065, 00002),
	(01162, '\\0', 33, 065, 00044),
	(01163, '\\0', 40, 065, 00155),
	(01164, '\\0', 41, 065, 00035),
	(01165, '\\0', 2, 065, 00134),
	(01166, '\\0', 1, 065, 00067),
	(01167, '\\0', 33, 065, 00105),
	(01168, '\\0', 39, 065, 00013),
	(01169, '\\0', 19, 065, 00107),
	(01170, '\\0', 38, 065, 00122),
	(01171, '\\0', 34, 066, 00017),
	(01172, '\\0', 2, 066, 00066),
	(01173, '\\0', 22, 066, 00153),
	(01174, '\\0', 23, 066, 00137),
	(01175, '\\0', 8, 066, 00053),
	(01176, '\\0', 7, 066, 00040),
	(01177, '\\0', 49, 066, 00159),
	(01178, '\\0', 27, 066, 00021),
	(01179, '\\0', 44, 066, 00114),
	(01180, '\\0', 22, 066, 00089),
	(01181, '\\0', 41, 066, 00022),
	(01182, '\\0', 1, 066, 00013),
	(01183, '\\0', 14, 066, 00084),
	(01184, '\\0', 5, 066, 00016),
	(01185, '\\0', 28, 066, 00095),
	(01186, '\\0', 26, 066, 00090),
	(01187, '\\0', 25, 066, 00143),
	(01188, '\\0', 7, 066, 00164),
	(01189, '\\0', 41, 067, 00023),
	(01190, '\\0', 24, 067, 00170),
	(01191, '\\0', 38, 067, 00113),
	(01192, '\\0', 36, 067, 00053),
	(01193, '\\0', 28, 067, 00035),
	(01194, '\\0', 45, 067, 00097),
	(01195, '\\0', 9, 067, 00131),
	(01196, '\\0', 37, 067, 00108),
	(01197, '\\0', 26, 067, 00129),
	(01198, '\\0', 28, 067, 00136),
	(01199, '\\0', 20, 067, 00113),
	(01200, '\\0', 39, 067, 00026),
	(01201, '\\0', 27, 067, 00023),
	(01202, '\\0', 3, 067, 00072),
	(01203, '\\0', 33, 067, 00062),
	(01204, '\\0', 50, 067, 00095),
	(01205, '\\0', 25, 067, 00106),
	(01206, '\\0', 29, 067, 00116),
	(01207, '\\0', 34, 068, 00079),
	(01208, '\\0', 9, 068, 00073),
	(01209, '\\0', 25, 068, 00141),
	(01210, '\\0', 48, 068, 00131),
	(01211, '\\0', 14, 068, 00057),
	(01212, '\\0', 6, 068, 00076),
	(01213, '\\0', 20, 068, 00162),
	(01214, '\\0', 16, 068, 00167),
	(01215, '\\0', 42, 068, 00059),
	(01216, '\\0', 42, 068, 00135),
	(01217, '\\0', 18, 068, 00084),
	(01218, '\\0', 40, 068, 00058),
	(01219, '\\0', 14, 068, 00091),
	(01220, '\\0', 15, 068, 00078),
	(01221, '\\0', 41, 068, 00040),
	(01222, '\\0', 20, 068, 00136),
	(01223, '\\0', 11, 068, 00044),
	(01224, '\\0', 22, 068, 00108),
	(01225, '\\0', 34, 069, 00155),
	(01226, '\\0', 18, 069, 00017),
	(01227, '\\0', 12, 069, 00024),
	(01228, '\\0', 15, 069, 00068),
	(01229, '\\0', 4, 069, 00075),
	(01230, '\\0', 10, 069, 00168),
	(01231, '\\0', 11, 069, 00044),
	(01232, '\\0', 12, 069, 00034),
	(01233, '\\0', 48, 069, 00090),
	(01234, '\\0', 44, 069, 00010),
	(01235, '\\0', 33, 069, 00130),
	(01236, '\\0', 13, 069, 00061),
	(01237, '\\0', 23, 069, 00066),
	(01238, '\\0', 47, 069, 00109),
	(01239, '\\0', 45, 069, 00130),
	(01240, '\\0', 28, 069, 00119),
	(01241, '\\0', 1, 069, 00089),
	(01242, '\\0', 49, 069, 00142),
	(01243, '\\0', 23, 070, 00110),
	(01244, '\\0', 21, 070, 00123),
	(01245, '\\0', 16, 070, 00012),
	(01246, '\\0', 31, 070, 00013),
	(01247, '\\0', 17, 070, 00054),
	(01248, '\\0', 13, 070, 00033),
	(01249, '\\0', 42, 070, 00130),
	(01250, '\\0', 42, 070, 00159),
	(01251, '\\0', 18, 070, 00090),
	(01252, '\\0', 14, 070, 00084),
	(01253, '\\0', 4, 070, 00167),
	(01254, '\\0', 32, 070, 00034),
	(01255, '\\0', 43, 070, 00004),
	(01256, '\\0', 24, 070, 00134),
	(01257, '\\0', 3, 070, 00057),
	(01258, '\\0', 20, 070, 00017),
	(01259, '\\0', 34, 070, 00069),
	(01260, '\\0', 24, 070, 00104),
	(01261, '\\0', 41, 071, 00068),
	(01262, '\\0', 20, 071, 00110),
	(01263, '\\0', 27, 071, 00076),
	(01264, '\\0', 34, 071, 00050),
	(01265, '\\0', 49, 071, 00038),
	(01266, '\\0', 50, 071, 00039),
	(01267, '\\0', 6, 071, 00072),
	(01268, '\\0', 29, 071, 00047),
	(01269, '\\0', 40, 071, 00029),
	(01270, '\\0', 8, 071, 00138),
	(01271, '\\0', 42, 071, 00018),
	(01272, '\\0', 48, 071, 00091),
	(01273, '\\0', 19, 071, 00003),
	(01274, '\\0', 15, 071, 00124),
	(01275, '\\0', 39, 071, 00009),
	(01276, '\\0', 6, 071, 00052),
	(01277, '\\0', 19, 071, 00092),
	(01278, '\\0', 38, 071, 00133),
	(01279, '\\0', 24, 072, 00121),
	(01280, '\\0', 13, 072, 00156),
	(01281, '\\0', 43, 072, 00058),
	(01282, '\\0', 9, 072, 00039),
	(01283, '\\0', 8, 072, 00152),
	(01284, '\\0', 13, 072, 00082),
	(01285, '\\0', 47, 072, 00151),
	(01286, '\\0', 17, 072, 00081),
	(01287, '\\0', 33, 072, 00143),
	(01288, '\\0', 37, 072, 00009),
	(01289, '\\0', 2, 072, 00073),
	(01290, '\\0', 17, 072, 00151),
	(01291, '\\0', 14, 072, 00007),
	(01292, '\\0', 30, 072, 00112),
	(01293, '\\0', 22, 072, 00145),
	(01294, '\\0', 1, 072, 00024),
	(01295, '\\0', 8, 072, 00038),
	(01296, '\\0', 21, 072, 00052),
	(01297, '\\0', 2, 073, 00042),
	(01298, '\\0', 46, 073, 00130),
	(01299, '\\0', 47, 073, 00106),
	(01300, '\\0', 41, 073, 00093),
	(01301, '\\0', 34, 073, 00081),
	(01302, '\\0', 35, 073, 00162),
	(01303, '\\0', 43, 073, 00120),
	(01304, '\\0', 50, 073, 00171),
	(01305, '\\0', 10, 073, 00028),
	(01306, '\\0', 22, 073, 00045),
	(01307, '\\0', 39, 073, 00103),
	(01308, '\\0', 1, 073, 00012),
	(01309, '\\0', 9, 073, 00011),
	(01310, '\\0', 2, 073, 00147),
	(01311, '\\0', 22, 073, 00013),
	(01312, '\\0', 46, 073, 00144),
	(01313, '\\0', 36, 073, 00023),
	(01314, '\\0', 22, 073, 00041),
	(01315, '\\0', 14, 074, 00151),
	(01316, '\\0', 25, 074, 00104),
	(01317, '\\0', 34, 074, 00164),
	(01318, '\\0', 24, 074, 00073),
	(01319, '\\0', 37, 074, 00102),
	(01320, '\\0', 11, 074, 00154),
	(01321, '\\0', 33, 074, 00075),
	(01322, '\\0', 50, 074, 00114),
	(01323, '\\0', 25, 074, 00163),
	(01324, '\\0', 48, 074, 00148),
	(01325, '\\0', 14, 074, 00102),
	(01326, '\\0', 45, 074, 00041),
	(01327, '\\0', 42, 074, 00101),
	(01328, '\\0', 2, 074, 00093),
	(01329, '\\0', 28, 074, 00080),
	(01330, '\\0', 22, 074, 00052),
	(01331, '\\0', 27, 074, 00052),
	(01332, '\\0', 24, 074, 00071),
	(01333, '\\0', 14, 075, 00043),
	(01334, '\\0', 45, 075, 00004),
	(01335, '\\0', 48, 075, 00121),
	(01336, '\\0', 47, 075, 00152),
	(01337, '\\0', 39, 075, 00106),
	(01338, '\\0', 48, 075, 00120),
	(01339, '\\0', 39, 075, 00001),
	(01340, '\\0', 28, 075, 00091),
	(01341, '\\0', 29, 075, 00063),
	(01342, '\\0', 9, 075, 00008),
	(01343, '\\0', 12, 075, 00133),
	(01344, '\\0', 18, 075, 00165),
	(01345, '\\0', 28, 075, 00134),
	(01346, '\\0', 38, 075, 00022),
	(01347, '\\0', 30, 075, 00148),
	(01348, '\\0', 46, 075, 00038),
	(01349, '\\0', 30, 075, 00059),
	(01350, '\\0', 32, 075, 00043),
	(01351, '\\0', 14, 076, 00009),
	(01352, '\\0', 45, 076, 00020),
	(01353, '\\0', 17, 076, 00079),
	(01354, '\\0', 6, 076, 00013),
	(01355, '\\0', 44, 076, 00155),
	(01356, '\\0', 11, 076, 00119),
	(01357, '\\0', 38, 076, 00079),
	(01358, '\\0', 30, 076, 00062),
	(01359, '\\0', 17, 076, 00100),
	(01360, '\\0', 42, 076, 00087),
	(01361, '\\0', 40, 076, 00077),
	(01362, '\\0', 1, 076, 00123),
	(01363, '\\0', 45, 076, 00060),
	(01364, '\\0', 37, 076, 00006),
	(01365, '\\0', 7, 076, 00033),
	(01366, '\\0', 2, 076, 00009),
	(01367, '\\0', 8, 076, 00066),
	(01368, '\\0', 50, 076, 00021),
	(01369, '\\0', 10, 077, 00145),
	(01370, '\\0', 32, 077, 00154),
	(01371, '\\0', 14, 077, 00011),
	(01372, '\\0', 39, 077, 00111),
	(01373, '\\0', 13, 077, 00088),
	(01374, '\\0', 25, 077, 00077),
	(01375, '\\0', 49, 077, 00167),
	(01376, '\\0', 4, 077, 00056),
	(01377, '\\0', 29, 077, 00115),
	(01378, '\\0', 30, 077, 00163),
	(01379, '\\0', 35, 077, 00117),
	(01380, '\\0', 19, 077, 00116),
	(01381, '\\0', 23, 077, 00161),
	(01382, '\\0', 42, 077, 00095),
	(01383, '\\0', 13, 077, 00140),
	(01384, '\\0', 44, 077, 00135),
	(01385, '\\0', 41, 077, 00033),
	(01386, '\\0', 7, 077, 00083),
	(01387, '\\0', 29, 078, 00152),
	(01388, '\\0', 39, 078, 00081),
	(01389, '\\0', 15, 078, 00129),
	(01390, '\\0', 35, 078, 00017),
	(01391, '\\0', 28, 078, 00168),
	(01392, '\\0', 11, 078, 00083),
	(01393, '\\0', 18, 078, 00164),
	(01394, '\\0', 9, 078, 00145),
	(01395, '\\0', 44, 078, 00039),
	(01396, '\\0', 11, 078, 00026),
	(01397, '\\0', 13, 078, 00099),
	(01398, '\\0', 21, 078, 00067),
	(01399, '\\0', 24, 078, 00061),
	(01400, '\\0', 40, 078, 00159),
	(01401, '\\0', 8, 078, 00013),
	(01402, '\\0', 50, 078, 00130),
	(01403, '\\0', 21, 078, 00061),
	(01404, '\\0', 32, 078, 00152),
	(01405, '\\0', 34, 079, 00169),
	(01406, '\\0', 34, 079, 00054),
	(01407, '\\0', 50, 079, 00164),
	(01408, '\\0', 3, 079, 00093),
	(01409, '\\0', 13, 079, 00077),
	(01410, '\\0', 16, 079, 00035),
	(01411, '\\0', 24, 079, 00124),
	(01412, '\\0', 12, 079, 00105),
	(01413, '\\0', 26, 079, 00170),
	(01414, '\\0', 25, 079, 00108),
	(01415, '\\0', 28, 079, 00055),
	(01416, '\\0', 38, 079, 00073),
	(01417, '\\0', 41, 079, 00103),
	(01418, '\\0', 17, 079, 00089),
	(01419, '\\0', 4, 079, 00138),
	(01420, '\\0', 24, 079, 00152),
	(01421, '\\0', 6, 079, 00035),
	(01422, '\\0', 17, 079, 00025),
	(01423, '\\0', 7, 080, 00105),
	(01424, '\\0', 31, 080, 00084),
	(01425, '\\0', 33, 080, 00087),
	(01426, '\\0', 22, 080, 00108),
	(01427, '\\0', 34, 080, 00046),
	(01428, '\\0', 18, 080, 00124),
	(01429, '\\0', 16, 080, 00035),
	(01430, '\\0', 31, 080, 00027),
	(01431, '\\0', 33, 080, 00160),
	(01432, '\\0', 26, 080, 00016),
	(01433, '\\0', 37, 080, 00131),
	(01434, '\\0', 7, 080, 00142),
	(01435, '\\0', 11, 080, 00082),
	(01436, '\\0', 29, 080, 00081),
	(01437, '\\0', 34, 080, 00129),
	(01438, '\\0', 50, 080, 00053),
	(01439, '\\0', 4, 080, 00149),
	(01440, '\\0', 27, 080, 00016),
	(01441, '\\0', 25, 081, 00035),
	(01442, '\\0', 45, 081, 00021),
	(01443, '\\0', 47, 081, 00153),
	(01444, '\\0', 7, 081, 00119),
	(01445, '\\0', 26, 081, 00081),
	(01446, '\\0', 50, 081, 00089),
	(01447, '\\0', 31, 081, 00022),
	(01448, '\\0', 14, 081, 00092),
	(01449, '\\0', 6, 081, 00071),
	(01450, '\\0', 21, 081, 00135),
	(01451, '\\0', 40, 081, 00148),
	(01452, '\\0', 24, 081, 00136),
	(01453, '\\0', 13, 081, 00067),
	(01454, '\\0', 42, 081, 00053),
	(01455, '\\0', 22, 081, 00116),
	(01456, '\\0', 45, 081, 00048),
	(01457, '\\0', 23, 081, 00153),
	(01458, '\\0', 7, 081, 00135),
	(01459, '\\0', 50, 082, 00163),
	(01460, '\\0', 32, 082, 00047),
	(01461, '\\0', 41, 082, 00122),
	(01462, '\\0', 50, 082, 00115),
	(01463, '\\0', 27, 082, 00095),
	(01464, '\\0', 22, 082, 00092),
	(01465, '\\0', 21, 082, 00012),
	(01466, '\\0', 41, 082, 00033),
	(01467, '\\0', 8, 082, 00067),
	(01468, '\\0', 9, 082, 00058),
	(01469, '\\0', 35, 082, 00030),
	(01470, '\\0', 13, 082, 00044),
	(01471, '\\0', 22, 082, 00098),
	(01472, '\\0', 33, 082, 00055),
	(01473, '\\0', 40, 082, 00078),
	(01474, '\\0', 10, 082, 00037),
	(01475, '\\0', 8, 082, 00034),
	(01476, '\\0', 10, 082, 00113),
	(01477, '\\0', 28, 083, 00022),
	(01478, '\\0', 11, 083, 00028),
	(01479, '\\0', 11, 083, 00049),
	(01480, '\\0', 45, 083, 00155),
	(01481, '\\0', 44, 083, 00097),
	(01482, '\\0', 37, 083, 00059),
	(01483, '\\0', 39, 083, 00130),
	(01484, '\\0', 29, 083, 00007),
	(01485, '\\0', 5, 083, 00004),
	(01486, '\\0', 40, 083, 00125),
	(01487, '\\0', 19, 083, 00155),
	(01488, '\\0', 46, 083, 00167),
	(01489, '\\0', 22, 083, 00143),
	(01490, '\\0', 38, 083, 00067),
	(01491, '\\0', 9, 083, 00036),
	(01492, '\\0', 26, 083, 00063),
	(01493, '\\0', 39, 083, 00013),
	(01494, '\\0', 10, 083, 00118),
	(01495, '\\0', 50, 084, 00034),
	(01496, '\\0', 35, 084, 00080),
	(01497, '\\0', 16, 084, 00113),
	(01498, '\\0', 31, 084, 00137),
	(01499, '\\0', 47, 084, 00025),
	(01500, '\\0', 11, 084, 00068),
	(01501, '\\0', 8, 084, 00051),
	(01502, '\\0', 6, 084, 00088),
	(01503, '\\0', 15, 084, 00165),
	(01504, '\\0', 50, 084, 00171),
	(01505, '\\0', 13, 084, 00045),
	(01506, '\\0', 44, 084, 00015),
	(01507, '\\0', 7, 084, 00103),
	(01508, '\\0', 19, 084, 00025),
	(01509, '\\0', 3, 084, 00008),
	(01510, '\\0', 34, 084, 00140),
	(01511, '\\0', 12, 084, 00001),
	(01512, '\\0', 14, 084, 00007),
	(01513, '\\0', 15, 085, 00004),
	(01514, '\\0', 33, 085, 00041),
	(01515, '\\0', 18, 085, 00167),
	(01516, '\\0', 23, 085, 00076),
	(01517, '\\0', 5, 085, 00047),
	(01518, '\\0', 14, 085, 00070),
	(01519, '\\0', 13, 085, 00137),
	(01520, '\\0', 9, 085, 00079),
	(01521, '\\0', 28, 085, 00039),
	(01522, '\\0', 14, 085, 00139),
	(01523, '\\0', 40, 085, 00129),
	(01524, '\\0', 44, 085, 00014),
	(01525, '\\0', 21, 085, 00150),
	(01526, '\\0', 2, 085, 00101),
	(01527, '\\0', 16, 085, 00139),
	(01528, '\\0', 4, 085, 00023),
	(01529, '\\0', 37, 085, 00042),
	(01530, '\\0', 42, 085, 00118),
	(01531, '\\0', 50, 086, 00049),
	(01532, '\\0', 26, 086, 00074),
	(01533, '\\0', 30, 086, 00091),
	(01534, '\\0', 37, 086, 00143),
	(01535, '\\0', 1, 086, 00159),
	(01536, '\\0', 31, 086, 00015),
	(01537, '\\0', 38, 086, 00020),
	(01538, '\\0', 44, 086, 00119),
	(01539, '\\0', 9, 086, 00094),
	(01540, '\\0', 26, 086, 00051),
	(01541, '\\0', 15, 086, 00108),
	(01542, '\\0', 30, 086, 00096),
	(01543, '\\0', 46, 086, 00092),
	(01544, '\\0', 1, 086, 00096),
	(01545, '\\0', 47, 086, 00016),
	(01546, '\\0', 3, 086, 00024),
	(01547, '\\0', 22, 086, 00140),
	(01548, '\\0', 16, 086, 00042),
	(01549, '\\0', 37, 087, 00001),
	(01550, '\\0', 3, 087, 00140),
	(01551, '\\0', 6, 087, 00104),
	(01552, '\\0', 39, 087, 00044),
	(01553, '\\0', 41, 087, 00004),
	(01554, '\\0', 26, 087, 00097),
	(01555, '\\0', 30, 087, 00016),
	(01556, '\\0', 39, 087, 00108),
	(01557, '\\0', 3, 087, 00169),
	(01558, '\\0', 13, 087, 00127),
	(01559, '\\0', 11, 087, 00062),
	(01560, '\\0', 18, 087, 00049),
	(01561, '\\0', 20, 087, 00011),
	(01562, '\\0', 38, 087, 00007),
	(01563, '\\0', 39, 087, 00143),
	(01564, '\\0', 38, 087, 00012),
	(01565, '\\0', 6, 087, 00102),
	(01566, '\\0', 7, 087, 00034),
	(01567, '\\0', 46, 088, 00043),
	(01568, '\\0', 47, 088, 00069),
	(01569, '\\0', 47, 088, 00021),
	(01570, '\\0', 30, 088, 00137),
	(01571, '\\0', 41, 088, 00021),
	(01572, '\\0', 41, 088, 00136),
	(01573, '\\0', 21, 088, 00108),
	(01574, '\\0', 38, 088, 00103),
	(01575, '\\0', 7, 088, 00038),
	(01576, '\\0', 35, 088, 00138),
	(01577, '\\0', 14, 088, 00002),
	(01578, '\\0', 28, 088, 00156),
	(01579, '\\0', 41, 088, 00170),
	(01580, '\\0', 35, 088, 00083),
	(01581, '\\0', 40, 088, 00144),
	(01582, '\\0', 43, 088, 00030),
	(01583, '\\0', 29, 088, 00059),
	(01584, '\\0', 36, 088, 00102),
	(01585, '\\0', 11, 089, 00128),
	(01586, '\\0', 25, 089, 00056),
	(01587, '\\0', 33, 089, 00103),
	(01588, '\\0', 21, 089, 00143),
	(01589, '\\0', 12, 089, 00090),
	(01590, '\\0', 15, 089, 00010),
	(01591, '\\0', 46, 089, 00008),
	(01592, '\\0', 1, 089, 00082),
	(01593, '\\0', 49, 089, 00167),
	(01594, '\\0', 43, 089, 00006),
	(01595, '\\0', 43, 089, 00070),
	(01596, '\\0', 6, 089, 00099),
	(01597, '\\0', 37, 089, 00080),
	(01598, '\\0', 35, 089, 00120),
	(01599, '\\0', 30, 089, 00149),
	(01600, '\\0', 3, 089, 00034),
	(01601, '\\0', 27, 089, 00098),
	(01602, '\\0', 39, 089, 00081),
	(01603, '\\0', 38, 090, 00169),
	(01604, '\\0', 13, 090, 00125),
	(01605, '\\0', 43, 090, 00049),
	(01606, '\\0', 38, 090, 00020),
	(01607, '\\0', 42, 090, 00008),
	(01608, '\\0', 49, 090, 00157),
	(01609, '\\0', 11, 090, 00075),
	(01610, '\\0', 20, 090, 00054),
	(01611, '\\0', 28, 090, 00022),
	(01612, '\\0', 35, 090, 00060),
	(01613, '\\0', 22, 090, 00067),
	(01614, '\\0', 10, 090, 00049),
	(01615, '\\0', 43, 090, 00052),
	(01616, '\\0', 50, 090, 00113),
	(01617, '\\0', 37, 090, 00102),
	(01618, '\\0', 29, 090, 00096),
	(01619, '\\0', 1, 090, 00087),
	(01620, '\\0', 27, 090, 00069),
	(01621, '\\0', 22, 091, 00089),
	(01622, '\\0', 15, 091, 00144),
	(01623, '\\0', 28, 091, 00096),
	(01624, '\\0', 15, 091, 00004),
	(01625, '\\0', 32, 091, 00139),
	(01626, '\\0', 22, 091, 00113),
	(01627, '\\0', 25, 091, 00022),
	(01628, '\\0', 32, 091, 00047),
	(01629, '\\0', 32, 091, 00137),
	(01630, '\\0', 5, 091, 00049),
	(01631, '\\0', 44, 091, 00068),
	(01632, '\\0', 42, 091, 00003),
	(01633, '\\0', 42, 091, 00008),
	(01634, '\\0', 25, 091, 00125),
	(01635, '\\0', 21, 091, 00161),
	(01636, '\\0', 47, 091, 00110),
	(01637, '\\0', 8, 091, 00148),
	(01638, '\\0', 26, 091, 00121),
	(01639, '\\0', 29, 092, 00065),
	(01640, '\\0', 43, 092, 00060),
	(01641, '\\0', 33, 092, 00081),
	(01642, '\\0', 25, 092, 00009),
	(01643, '\\0', 39, 092, 00078),
	(01644, '\\0', 42, 092, 00152),
	(01645, '\\0', 3, 092, 00135),
	(01646, '\\0', 37, 092, 00075),
	(01647, '\\0', 3, 092, 00038),
	(01648, '\\0', 35, 092, 00070),
	(01649, '\\0', 4, 092, 00080),
	(01650, '\\0', 20, 092, 00055),
	(01651, '\\0', 35, 092, 00082),
	(01652, '\\0', 38, 092, 00113),
	(01653, '\\0', 39, 092, 00059),
	(01654, '\\0', 32, 092, 00069),
	(01655, '\\0', 37, 092, 00111),
	(01656, '\\0', 31, 092, 00122),
	(01657, '\\0', 17, 093, 00094),
	(01658, '\\0', 9, 093, 00121),
	(01659, '\\0', 36, 093, 00007),
	(01660, '\\0', 22, 093, 00140),
	(01661, '\\0', 44, 093, 00080),
	(01662, '\\0', 50, 093, 00041),
	(01663, '\\0', 32, 093, 00047),
	(01664, '\\0', 12, 093, 00021),
	(01665, '\\0', 23, 093, 00068),
	(01666, '\\0', 45, 093, 00088),
	(01667, '\\0', 44, 093, 00162),
	(01668, '\\0', 21, 093, 00083),
	(01669, '\\0', 48, 093, 00144),
	(01670, '\\0', 40, 093, 00125),
	(01671, '\\0', 3, 093, 00055),
	(01672, '\\0', 34, 093, 00039),
	(01673, '\\0', 21, 093, 00051),
	(01674, '\\0', 23, 093, 00144),
	(01675, '\\0', 42, 094, 00160),
	(01676, '\\0', 44, 094, 00091),
	(01677, '\\0', 28, 094, 00001),
	(01678, '\\0', 15, 094, 00152),
	(01679, '\\0', 21, 094, 00156),
	(01680, '\\0', 9, 094, 00051),
	(01681, '\\0', 33, 094, 00018),
	(01682, '\\0', 1, 094, 00149),
	(01683, '\\0', 28, 094, 00139),
	(01684, '\\0', 24, 094, 00132),
	(01685, '\\0', 37, 094, 00167),
	(01686, '\\0', 19, 094, 00124),
	(01687, '\\0', 34, 094, 00085),
	(01688, '\\0', 40, 094, 00012),
	(01689, '\\0', 3, 094, 00142),
	(01690, '\\0', 44, 094, 00168),
	(01691, '\\0', 23, 094, 00171),
	(01692, '\\0', 48, 094, 00070),
	(01693, '\\0', 48, 095, 00056),
	(01694, '\\0', 32, 095, 00030),
	(01695, '\\0', 13, 095, 00151),
	(01696, '\\0', 6, 095, 00015),
	(01697, '\\0', 32, 095, 00004),
	(01698, '\\0', 6, 095, 00100),
	(01699, '\\0', 22, 095, 00025),
	(01700, '\\0', 35, 095, 00146),
	(01701, '\\0', 21, 095, 00168),
	(01702, '\\0', 22, 095, 00153),
	(01703, '\\0', 38, 095, 00036),
	(01704, '\\0', 23, 095, 00081),
	(01705, '\\0', 38, 095, 00017),
	(01706, '\\0', 34, 095, 00138),
	(01707, '\\0', 4, 095, 00169),
	(01708, '\\0', 5, 095, 00093),
	(01709, '\\0', 28, 095, 00045),
	(01710, '\\0', 38, 095, 00131),
	(01711, '\\0', 5, 096, 00155),
	(01712, '\\0', 33, 096, 00121),
	(01713, '\\0', 5, 096, 00056),
	(01714, '\\0', 2, 096, 00102),
	(01715, '\\0', 24, 096, 00031),
	(01716, '\\0', 8, 096, 00024),
	(01717, '\\0', 15, 096, 00165),
	(01718, '\\0', 16, 096, 00165),
	(01719, '\\0', 22, 096, 00012),
	(01720, '\\0', 24, 096, 00118),
	(01721, '\\0', 30, 096, 00012),
	(01722, '\\0', 4, 096, 00030),
	(01723, '\\0', 45, 096, 00058),
	(01724, '\\0', 33, 096, 00081),
	(01725, '\\0', 22, 096, 00127),
	(01726, '\\0', 8, 096, 00066),
	(01727, '\\0', 2, 096, 00127),
	(01728, '\\0', 21, 096, 00012),
	(01729, '\\0', 20, 097, 00118),
	(01730, '\\0', 26, 097, 00168),
	(01731, '\\0', 42, 097, 00029),
	(01732, '\\0', 29, 097, 00140),
	(01733, '\\0', 6, 097, 00143),
	(01734, '\\0', 36, 097, 00142),
	(01735, '\\0', 46, 097, 00094),
	(01736, '\\0', 19, 097, 00010),
	(01737, '\\0', 24, 097, 00075),
	(01738, '\\0', 9, 097, 00095),
	(01739, '\\0', 16, 097, 00027),
	(01740, '\\0', 15, 097, 00121),
	(01741, '\\0', 23, 097, 00070),
	(01742, '\\0', 45, 097, 00087),
	(01743, '\\0', 34, 097, 00051),
	(01744, '\\0', 10, 097, 00148),
	(01745, '\\0', 45, 097, 00059),
	(01746, '\\0', 5, 097, 00059),
	(01747, '\\0', 23, 098, 00078),
	(01748, '\\0', 2, 098, 00156),
	(01749, '\\0', 42, 098, 00116),
	(01750, '\\0', 9, 098, 00128),
	(01751, '\\0', 18, 098, 00053),
	(01752, '\\0', 15, 098, 00059),
	(01753, '\\0', 45, 098, 00091),
	(01754, '\\0', 40, 098, 00139),
	(01755, '\\0', 3, 098, 00163),
	(01756, '\\0', 10, 098, 00047),
	(01757, '\\0', 32, 098, 00089),
	(01758, '\\0', 48, 098, 00122),
	(01759, '\\0', 29, 098, 00052),
	(01760, '\\0', 22, 098, 00082),
	(01761, '\\0', 43, 098, 00103),
	(01762, '\\0', 13, 098, 00067),
	(01763, '\\0', 26, 098, 00065),
	(01764, '\\0', 9, 098, 00107),
	(01765, '\\0', 21, 099, 00031),
	(01766, '\\0', 5, 099, 00164),
	(01767, '\\0', 45, 099, 00120),
	(01768, '\\0', 25, 099, 00050),
	(01769, '\\0', 37, 099, 00158),
	(01770, '\\0', 30, 099, 00034),
	(01771, '\\0', 49, 099, 00129),
	(01772, '\\0', 44, 099, 00105),
	(01773, '\\0', 16, 099, 00066),
	(01774, '\\0', 40, 099, 00069),
	(01775, '\\0', 28, 099, 00104),
	(01776, '\\0', 24, 099, 00151),
	(01777, '\\0', 24, 099, 00040),
	(01778, '\\0', 4, 099, 00069),
	(01779, '\\0', 27, 099, 00029),
	(01780, '\\0', 12, 099, 00141),
	(01781, '\\0', 33, 099, 00057),
	(01782, '\\0', 23, 099, 00161),
	(01783, '\\0', 33, 100, 00170),
	(01784, '\\0', 44, 100, 00102),
	(01785, '\\0', 48, 100, 00090),
	(01786, '\\0', 37, 100, 00145),
	(01787, '\\0', 49, 100, 00053),
	(01788, '\\0', 18, 100, 00108),
	(01789, '\\0', 2, 100, 00101),
	(01790, '\\0', 10, 100, 00043),
	(01791, '\\0', 27, 100, 00028),
	(01792, '\\0', 1, 100, 00034),
	(01793, '\\0', 16, 100, 00134),
	(01794, '\\0', 8, 100, 00165),
	(01795, '\\0', 49, 100, 00061),
	(01796, '\\0', 22, 100, 00046),
	(01797, '\\0', 23, 100, 00100),
	(01798, '\\0', 1, 100, 00109),
	(01799, '\\0', 30, 100, 00059),
	(01800, '\\0', 9, 100, 00031),
	(01801, '\\0', 43, 101, 00131),
	(01802, '\\0', 46, 101, 00151),
	(01803, '\\0', 1, 101, 00008),
	(01804, '\\0', 2, 101, 00017),
	(01805, '\\0', 2, 101, 00128),
	(01806, '\\0', 44, 101, 00068),
	(01807, '\\0', 36, 101, 00076),
	(01808, '\\0', 26, 101, 00082),
	(01809, '\\0', 31, 101, 00122),
	(01810, '\\0', 16, 101, 00075),
	(01811, '\\0', 9, 101, 00153),
	(01812, '\\0', 48, 101, 00120),
	(01813, '\\0', 14, 101, 00072),
	(01814, '\\0', 38, 101, 00079),
	(01815, '\\0', 30, 101, 00052),
	(01816, '\\0', 47, 101, 00127),
	(01817, '\\0', 27, 101, 00137),
	(01818, '\\0', 35, 101, 00163),
	(01819, '\\0', 43, 102, 00079),
	(01820, '\\0', 14, 102, 00090),
	(01821, '\\0', 7, 102, 00152),
	(01822, '\\0', 28, 102, 00030),
	(01823, '\\0', 15, 102, 00065),
	(01824, '\\0', 31, 102, 00045),
	(01825, '\\0', 40, 102, 00094),
	(01826, '\\0', 4, 102, 00081),
	(01827, '\\0', 10, 102, 00106),
	(01828, '\\0', 16, 102, 00150),
	(01829, '\\0', 26, 102, 00112),
	(01830, '\\0', 22, 102, 00155),
	(01831, '\\0', 7, 102, 00045),
	(01832, '\\0', 17, 102, 00066),
	(01833, '\\0', 41, 102, 00149),
	(01834, '\\0', 2, 102, 00085),
	(01835, '\\0', 18, 102, 00162),
	(01836, '\\0', 33, 102, 00081),
	(01837, '\\0', 43, 103, 00164),
	(01838, '\\0', 31, 103, 00106),
	(01839, '\\0', 6, 103, 00118),
	(01840, '\\0', 40, 103, 00044),
	(01841, '\\0', 12, 103, 00102),
	(01842, '\\0', 30, 103, 00075),
	(01843, '\\0', 15, 103, 00048),
	(01844, '\\0', 5, 103, 00003),
	(01845, '\\0', 44, 103, 00015),
	(01846, '\\0', 43, 103, 00098),
	(01847, '\\0', 16, 103, 00011),
	(01848, '\\0', 48, 103, 00019),
	(01849, '\\0', 45, 103, 00133),
	(01850, '\\0', 7, 103, 00042),
	(01851, '\\0', 20, 103, 00008),
	(01852, '\\0', 22, 103, 00116),
	(01853, '\\0', 16, 103, 00169),
	(01854, '\\0', 17, 103, 00075),
	(01855, '\\0', 31, 104, 00165),
	(01856, '\\0', 35, 104, 00169),
	(01857, '\\0', 6, 104, 00071),
	(01858, '\\0', 16, 104, 00158),
	(01859, '\\0', 43, 104, 00008),
	(01860, '\\0', 22, 104, 00134),
	(01861, '\\0', 28, 104, 00140),
	(01862, '\\0', 50, 104, 00069),
	(01863, '\\0', 44, 104, 00033),
	(01864, '\\0', 36, 104, 00061),
	(01865, '\\0', 3, 104, 00136),
	(01866, '\\0', 14, 104, 00138),
	(01867, '\\0', 13, 104, 00167),
	(01868, '\\0', 43, 104, 00066),
	(01869, '\\0', 28, 104, 00163),
	(01870, '\\0', 36, 104, 00099),
	(01871, '\\0', 46, 104, 00042),
	(01872, '\\0', 3, 104, 00165),
	(01873, '\\0', 32, 105, 00086),
	(01874, '\\0', 12, 105, 00161),
	(01875, '\\0', 28, 105, 00150),
	(01876, '\\0', 1, 105, 00102),
	(01877, '\\0', 24, 105, 00085),
	(01878, '\\0', 35, 105, 00141),
	(01879, '\\0', 29, 105, 00040),
	(01880, '\\0', 43, 105, 00124),
	(01881, '\\0', 23, 105, 00168),
	(01882, '\\0', 15, 105, 00114),
	(01883, '\\0', 14, 105, 00072),
	(01884, '\\0', 18, 105, 00076),
	(01885, '\\0', 3, 105, 00144),
	(01886, '\\0', 45, 105, 00102),
	(01887, '\\0', 14, 105, 00157),
	(01888, '\\0', 36, 105, 00078),
	(01889, '\\0', 4, 105, 00125),
	(01890, '\\0', 47, 105, 00115),
	(01891, '\\0', 12, 106, 00095),
	(01892, '\\0', 37, 106, 00057),
	(01893, '\\0', 22, 106, 00017),
	(01894, '\\0', 6, 106, 00036),
	(01895, '\\0', 49, 106, 00020),
	(01896, '\\0', 34, 106, 00001),
	(01897, '\\0', 40, 106, 00085),
	(01898, '\\0', 6, 106, 00149),
	(01899, '\\0', 11, 106, 00043),
	(01900, '\\0', 13, 106, 00091),
	(01901, '\\0', 39, 106, 00050),
	(01902, '\\0', 15, 106, 00144),
	(01903, '\\0', 6, 106, 00162),
	(01904, '\\0', 45, 106, 00076),
	(01905, '\\0', 13, 106, 00104),
	(01906, '\\0', 27, 106, 00082),
	(01907, '\\0', 14, 106, 00168),
	(01908, '\\0', 16, 106, 00135),
	(01909, '\\0', 46, 107, 00159),
	(01910, '\\0', 42, 107, 00100),
	(01911, '\\0', 49, 107, 00132),
	(01912, '\\0', 13, 107, 00153),
	(01913, '\\0', 28, 107, 00069),
	(01914, '\\0', 8, 107, 00127),
	(01915, '\\0', 15, 107, 00152),
	(01916, '\\0', 27, 107, 00126),
	(01917, '\\0', 30, 107, 00138),
	(01918, '\\0', 25, 107, 00154),
	(01919, '\\0', 17, 107, 00014),
	(01920, '\\0', 25, 107, 00171),
	(01921, '\\0', 29, 107, 00103),
	(01922, '\\0', 28, 107, 00067),
	(01923, '\\0', 46, 107, 00115),
	(01924, '\\0', 26, 107, 00109),
	(01925, '\\0', 28, 107, 00024),
	(01926, '\\0', 5, 107, 00111),
	(01927, '\\0', 30, 108, 00041),
	(01928, '\\0', 4, 108, 00122),
	(01929, '\\0', 48, 108, 00136),
	(01930, '\\0', 14, 108, 00105),
	(01931, '\\0', 33, 108, 00145),
	(01932, '\\0', 23, 108, 00134),
	(01933, '\\0', 20, 108, 00121),
	(01934, '\\0', 20, 108, 00048),
	(01935, '\\0', 22, 108, 00108),
	(01936, '\\0', 27, 108, 00171),
	(01937, '\\0', 46, 108, 00130),
	(01938, '\\0', 37, 108, 00018),
	(01939, '\\0', 11, 108, 00047),
	(01940, '\\0', 4, 108, 00071),
	(01941, '\\0', 6, 108, 00019),
	(01942, '\\0', 35, 108, 00099),
	(01943, '\\0', 39, 108, 00168),
	(01944, '\\0', 43, 108, 00024),
	(01945, '\\0', 36, 109, 00020),
	(01946, '\\0', 27, 109, 00048),
	(01947, '\\0', 4, 109, 00170),
	(01948, '\\0', 40, 109, 00125),
	(01949, '\\0', 17, 109, 00103),
	(01950, '\\0', 29, 109, 00147),
	(01951, '\\0', 6, 109, 00122),
	(01952, '\\0', 47, 109, 00083),
	(01953, '\\0', 37, 109, 00059),
	(01954, '\\0', 6, 109, 00113),
	(01955, '\\0', 43, 109, 00154),
	(01956, '\\0', 48, 109, 00102),
	(01957, '\\0', 7, 109, 00115),
	(01958, '\\0', 38, 109, 00130),
	(01959, '\\0', 24, 109, 00067),
	(01960, '\\0', 9, 109, 00113),
	(01961, '\\0', 46, 109, 00029),
	(01962, '\\0', 9, 109, 00063),
	(01963, '\\0', 16, 110, 00020),
	(01964, '\\0', 21, 110, 00123),
	(01965, '\\0', 41, 110, 00085),
	(01966, '\\0', 16, 110, 00106),
	(01967, '\\0', 17, 110, 00129),
	(01968, '\\0', 33, 110, 00046),
	(01969, '\\0', 11, 110, 00068),
	(01970, '\\0', 36, 110, 00037),
	(01971, '\\0', 11, 110, 00126),
	(01972, '\\0', 50, 110, 00009),
	(01973, '\\0', 3, 110, 00133),
	(01974, '\\0', 44, 110, 00082),
	(01975, '\\0', 24, 110, 00038),
	(01976, '\\0', 47, 110, 00012),
	(01977, '\\0', 48, 110, 00094),
	(01978, '\\0', 47, 110, 00065),
	(01979, '\\0', 14, 110, 00111),
	(01980, '\\0', 11, 110, 00010),
	(01981, '\\0', 42, 111, 00017),
	(01982, '\\0', 43, 111, 00083),
	(01983, '\\0', 22, 111, 00157),
	(01984, '\\0', 36, 111, 00005),
	(01985, '\\0', 21, 111, 00088),
	(01986, '\\0', 9, 111, 00077),
	(01987, '\\0', 35, 111, 00111),
	(01988, '\\0', 18, 111, 00020),
	(01989, '\\0', 14, 111, 00146),
	(01990, '\\0', 14, 111, 00084),
	(01991, '\\0', 8, 111, 00047),
	(01992, '\\0', 25, 111, 00066),
	(01993, '\\0', 40, 111, 00078),
	(01994, '\\0', 37, 111, 00150),
	(01995, '\\0', 17, 111, 00099),
	(01996, '\\0', 1, 111, 00129),
	(01997, '\\0', 5, 111, 00119),
	(01998, '\\0', 12, 111, 00040),
	(01999, '\\0', 21, 112, 00138),
	(02000, '\\0', 25, 112, 00060),
	(02001, '\\0', 12, 112, 00165),
	(02002, '\\0', 27, 112, 00133),
	(02003, '\\0', 8, 112, 00168),
	(02004, '\\0', 12, 112, 00100),
	(02005, '\\0', 41, 112, 00169),
	(02006, '\\0', 11, 112, 00166),
	(02007, '\\0', 49, 112, 00116),
	(02008, '\\0', 25, 112, 00167),
	(02009, '\\0', 8, 112, 00145),
	(02010, '\\0', 21, 112, 00108),
	(02011, '\\0', 20, 112, 00146),
	(02012, '\\0', 25, 112, 00153),
	(02013, '\\0', 50, 112, 00009),
	(02014, '\\0', 50, 112, 00027),
	(02015, '\\0', 26, 112, 00059),
	(02016, '\\0', 15, 112, 00082),
	(02017, '\\0', 5, 113, 00058),
	(02018, '\\0', 4, 113, 00166),
	(02019, '\\0', 33, 113, 00121),
	(02020, '\\0', 3, 113, 00078),
	(02021, '\\0', 41, 113, 00004),
	(02022, '\\0', 2, 113, 00038),
	(02023, '\\0', 15, 113, 00120),
	(02024, '\\0', 18, 113, 00059),
	(02025, '\\0', 28, 113, 00118),
	(02026, '\\0', 8, 113, 00110),
	(02027, '\\0', 14, 113, 00144),
	(02028, '\\0', 1, 113, 00097),
	(02029, '\\0', 16, 113, 00076),
	(02030, '\\0', 3, 113, 00109),
	(02031, '\\0', 3, 113, 00169),
	(02032, '\\0', 26, 113, 00127),
	(02033, '\\0', 49, 113, 00138),
	(02034, '\\0', 48, 113, 00076),
	(02035, '\\0', 33, 114, 00046),
	(02036, '\\0', 30, 114, 00058),
	(02037, '\\0', 9, 114, 00023),
	(02038, '\\0', 14, 114, 00141),
	(02039, '\\0', 49, 114, 00019),
	(02040, '\\0', 21, 114, 00048),
	(02041, '\\0', 21, 114, 00146),
	(02042, '\\0', 33, 114, 00028),
	(02043, '\\0', 18, 114, 00027),
	(02044, '\\0', 38, 114, 00004),
	(02045, '\\0', 5, 114, 00162),
	(02046, '\\0', 8, 114, 00131),
	(02047, '\\0', 37, 114, 00060),
	(02048, '\\0', 28, 114, 00166),
	(02049, '\\0', 47, 114, 00154),
	(02050, '\\0', 9, 114, 00115),
	(02051, '\\0', 16, 114, 00055),
	(02052, '\\0', 24, 114, 00153),
	(02053, '\\0', 34, 115, 00049),
	(02054, '\\0', 10, 115, 00151),
	(02055, '\\0', 38, 115, 00006),
	(02056, '\\0', 23, 115, 00090),
	(02057, '\\0', 25, 115, 00013),
	(02058, '\\0', 31, 115, 00029),
	(02059, '\\0', 49, 115, 00142),
	(02060, '\\0', 42, 115, 00141),
	(02061, '\\0', 49, 115, 00104),
	(02062, '\\0', 50, 115, 00010),
	(02063, '\\0', 22, 115, 00163),
	(02064, '\\0', 37, 115, 00162),
	(02065, '\\0', 46, 115, 00105),
	(02066, '\\0', 23, 115, 00032),
	(02067, '\\0', 8, 115, 00133),
	(02068, '\\0', 16, 115, 00130),
	(02069, '\\0', 6, 115, 00142),
	(02070, '\\0', 25, 115, 00107),
	(02071, '\\0', 34, 116, 00103),
	(02072, '\\0', 44, 116, 00035),
	(02073, '\\0', 50, 116, 00041),
	(02074, '\\0', 28, 116, 00022),
	(02075, '\\0', 39, 116, 00066),
	(02076, '\\0', 18, 116, 00152),
	(02077, '\\0', 14, 116, 00096),
	(02078, '\\0', 40, 116, 00096),
	(02079, '\\0', 47, 116, 00103),
	(02080, '\\0', 8, 116, 00151),
	(02081, '\\0', 10, 116, 00094),
	(02082, '\\0', 18, 116, 00044),
	(02083, '\\0', 15, 116, 00153),
	(02084, '\\0', 3, 116, 00159),
	(02085, '\\0', 45, 116, 00066),
	(02086, '\\0', 35, 116, 00006),
	(02087, '\\0', 21, 116, 00138),
	(02088, '\\0', 42, 116, 00044),
	(02089, '\\0', 38, 117, 00166),
	(02090, '\\0', 6, 117, 00084),
	(02091, '\\0', 38, 117, 00114),
	(02092, '\\0', 50, 117, 00036),
	(02093, '\\0', 4, 117, 00119),
	(02094, '\\0', 3, 117, 00138),
	(02095, '\\0', 31, 117, 00133),
	(02096, '\\0', 31, 117, 00082),
	(02097, '\\0', 17, 117, 00118),
	(02098, '\\0', 8, 117, 00078),
	(02099, '\\0', 4, 117, 00054),
	(02100, '\\0', 8, 117, 00027),
	(02101, '\\0', 6, 117, 00104),
	(02102, '\\0', 10, 117, 00051),
	(02103, '\\0', 46, 117, 00139),
	(02104, '\\0', 30, 117, 00094),
	(02105, '\\0', 34, 117, 00017),
	(02106, '\\0', 1, 117, 00011),
	(02107, '\\0', 44, 118, 00160),
	(02108, '\\0', 33, 118, 00167),
	(02109, '\\0', 14, 118, 00074),
	(02110, '\\0', 1, 118, 00108),
	(02111, '\\0', 49, 118, 00048),
	(02112, '\\0', 40, 118, 00064),
	(02113, '\\0', 32, 118, 00091),
	(02114, '\\0', 32, 118, 00129),
	(02115, '\\0', 20, 118, 00099),
	(02116, '\\0', 12, 118, 00103),
	(02117, '\\0', 49, 118, 00149),
	(02118, '\\0', 19, 118, 00040),
	(02119, '\\0', 28, 118, 00143),
	(02120, '\\0', 27, 118, 00110),
	(02121, '\\0', 10, 118, 00038),
	(02122, '\\0', 22, 118, 00130),
	(02123, '\\0', 14, 118, 00153),
	(02124, '\\0', 35, 118, 00134),
	(02125, '\\0', 11, 119, 00027),
	(02126, '\\0', 39, 119, 00036),
	(02127, '\\0', 49, 119, 00010),
	(02128, '\\0', 20, 119, 00003),
	(02129, '\\0', 44, 119, 00084),
	(02130, '\\0', 19, 119, 00122),
	(02131, '\\0', 48, 119, 00137),
	(02132, '\\0', 22, 119, 00006),
	(02133, '\\0', 44, 119, 00014),
	(02134, '\\0', 1, 119, 00071),
	(02135, '\\0', 6, 119, 00139),
	(02136, '\\0', 22, 119, 00029),
	(02137, '\\0', 14, 119, 00141),
	(02138, '\\0', 20, 119, 00103),
	(02139, '\\0', 35, 119, 00061),
	(02140, '\\0', 39, 119, 00014),
	(02141, '\\0', 21, 119, 00021),
	(02142, '\\0', 8, 119, 00083),
	(02143, '\\0', 39, 120, 00051),
	(02144, '\\0', 42, 120, 00128),
	(02145, '\\0', 14, 120, 00126),
	(02146, '\\0', 48, 120, 00096),
	(02147, '\\0', 1, 120, 00144),
	(02148, '\\0', 41, 120, 00025),
	(02149, '\\0', 39, 120, 00038),
	(02150, '\\0', 32, 120, 00128),
	(02151, '\\0', 18, 120, 00120),
	(02152, '\\0', 12, 120, 00115),
	(02153, '\\0', 11, 120, 00025),
	(02154, '\\0', 6, 120, 00069),
	(02155, '\\0', 22, 120, 00123),
	(02156, '\\0', 23, 120, 00049),
	(02157, '\\0', 31, 120, 00079),
	(02158, '\\0', 48, 120, 00097),
	(02159, '\\0', 9, 120, 00057),
	(02160, '\\0', 5, 120, 00072),
	(02161, '\\0', 16, 121, 00094),
	(02162, '\\0', 9, 121, 00018),
	(02163, '\\0', 22, 121, 00025),
	(02164, '\\0', 18, 121, 00065),
	(02165, '\\0', 48, 121, 00103),
	(02166, '\\0', 4, 121, 00043),
	(02167, '\\0', 24, 121, 00026),
	(02168, '\\0', 10, 121, 00123),
	(02169, '\\0', 46, 121, 00087),
	(02170, '\\0', 1, 121, 00156),
	(02171, '\\0', 11, 121, 00131),
	(02172, '\\0', 11, 121, 00106),
	(02173, '\\0', 24, 121, 00092),
	(02174, '\\0', 48, 121, 00039),
	(02175, '\\0', 21, 121, 00064),
	(02176, '\\0', 50, 121, 00111),
	(02177, '\\0', 9, 121, 00149),
	(02178, '\\0', 2, 121, 00099),
	(02179, '\\0', 13, 122, 00071),
	(02180, '\\0', 19, 122, 00109),
	(02181, '\\0', 25, 122, 00140),
	(02182, '\\0', 3, 122, 00159),
	(02183, '\\0', 30, 122, 00065),
	(02184, '\\0', 2, 122, 00102),
	(02185, '\\0', 44, 122, 00124),
	(02186, '\\0', 22, 122, 00052),
	(02187, '\\0', 44, 122, 00044),
	(02188, '\\0', 16, 122, 00142),
	(02189, '\\0', 25, 122, 00019),
	(02190, '\\0', 17, 122, 00123),
	(02191, '\\0', 40, 122, 00016),
	(02192, '\\0', 2, 122, 00088),
	(02193, '\\0', 23, 122, 00125),
	(02194, '\\0', 5, 122, 00034),
	(02195, '\\0', 10, 122, 00151),
	(02196, '\\0', 39, 122, 00165),
	(02197, '\\0', 1, 123, 00169),
	(02198, '\\0', 31, 123, 00163),
	(02199, '\\0', 25, 123, 00168),
	(02200, '\\0', 33, 123, 00027),
	(02201, '\\0', 3, 123, 00104),
	(02202, '\\0', 28, 123, 00006),
	(02203, '\\0', 31, 123, 00044),
	(02204, '\\0', 1, 123, 00088),
	(02205, '\\0', 14, 123, 00081),
	(02206, '\\0', 13, 123, 00136),
	(02207, '\\0', 13, 123, 00071),
	(02208, '\\0', 40, 123, 00095),
	(02209, '\\0', 24, 123, 00114),
	(02210, '\\0', 39, 123, 00091),
	(02211, '\\0', 5, 123, 00149),
	(02212, '\\0', 23, 123, 00098),
	(02213, '\\0', 21, 123, 00142),
	(02214, '\\0', 45, 123, 00047),
	(02215, '\\0', 12, 124, 00123),
	(02216, '\\0', 28, 124, 00164),
	(02217, '\\0', 33, 124, 00153),
	(02218, '\\0', 27, 124, 00159),
	(02219, '\\0', 36, 124, 00074),
	(02220, '\\0', 28, 124, 00062),
	(02221, '\\0', 38, 124, 00090),
	(02222, '\\0', 28, 124, 00120),
	(02223, '\\0', 30, 124, 00033),
	(02224, '\\0', 23, 124, 00052),
	(02225, '\\0', 21, 124, 00053),
	(02226, '\\0', 29, 124, 00001),
	(02227, '\\0', 34, 124, 00014),
	(02228, '\\0', 24, 124, 00044),
	(02229, '\\0', 40, 124, 00129),
	(02230, '\\0', 3, 124, 00026),
	(02231, '\\0', 39, 124, 00055),
	(02232, '\\0', 34, 124, 00064),
	(02233, '\\0', 44, 125, 00094),
	(02234, '\\0', 20, 125, 00083),
	(02235, '\\0', 49, 125, 00025),
	(02236, '\\0', 13, 125, 00092),
	(02237, '\\0', 27, 125, 00084),
	(02238, '\\0', 19, 125, 00002),
	(02239, '\\0', 22, 125, 00061),
	(02240, '\\0', 23, 125, 00013),
	(02241, '\\0', 16, 125, 00121),
	(02242, '\\0', 47, 125, 00121),
	(02243, '\\0', 22, 125, 00124),
	(02244, '\\0', 29, 125, 00164),
	(02245, '\\0', 19, 125, 00099),
	(02246, '\\0', 32, 125, 00065),
	(02247, '\\0', 3, 125, 00065),
	(02248, '\\0', 40, 125, 00152),
	(02249, '\\0', 29, 125, 00073),
	(02250, '\\0', 3, 125, 00035),
	(02251, '\\0', 24, 126, 00159),
	(02252, '\\0', 25, 126, 00128),
	(02253, '\\0', 30, 126, 00118),
	(02254, '\\0', 23, 126, 00125),
	(02255, '\\0', 29, 126, 00147),
	(02256, '\\0', 15, 126, 00110),
	(02257, '\\0', 8, 126, 00072),
	(02258, '\\0', 27, 126, 00134),
	(02259, '\\0', 9, 126, 00089),
	(02260, '\\0', 4, 126, 00150),
	(02261, '\\0', 39, 126, 00168),
	(02262, '\\0', 3, 126, 00030),
	(02263, '\\0', 38, 126, 00145),
	(02264, '\\0', 31, 126, 00147),
	(02265, '\\0', 43, 126, 00120),
	(02266, '\\0', 10, 126, 00111),
	(02267, '\\0', 13, 126, 00095),
	(02268, '\\0', 47, 126, 00057),
	(02269, '\\0', 28, 127, 00085),
	(02270, '\\0', 30, 127, 00043),
	(02271, '\\0', 2, 127, 00059),
	(02272, '\\0', 32, 127, 00058),
	(02273, '\\0', 13, 127, 00047),
	(02274, '\\0', 47, 127, 00121),
	(02275, '\\0', 3, 127, 00132),
	(02276, '\\0', 33, 127, 00126),
	(02277, '\\0', 3, 127, 00003),
	(02278, '\\0', 45, 127, 00034),
	(02279, '\\0', 14, 127, 00159),
	(02280, '\\0', 3, 127, 00165),
	(02281, '\\0', 5, 127, 00101),
	(02282, '\\0', 7, 127, 00052),
	(02283, '\\0', 10, 127, 00033),
	(02284, '\\0', 24, 127, 00111),
	(02285, '\\0', 32, 127, 00130),
	(02286, '\\0', 44, 127, 00026),
	(02287, '\\0', 8, 128, 00144),
	(02288, '\\0', 39, 128, 00130),
	(02289, '\\0', 47, 128, 00014),
	(02290, '\\0', 11, 128, 00111),
	(02291, '\\0', 42, 128, 00110),
	(02292, '\\0', 19, 128, 00101),
	(02293, '\\0', 16, 128, 00087),
	(02294, '\\0', 18, 128, 00005),
	(02295, '\\0', 28, 128, 00039),
	(02296, '\\0', 29, 128, 00156),
	(02297, '\\0', 49, 128, 00158),
	(02298, '\\0', 43, 128, 00154),
	(02299, '\\0', 44, 128, 00002),
	(02300, '\\0', 4, 128, 00138),
	(02301, '\\0', 30, 128, 00025),
	(02302, '\\0', 17, 128, 00123),
	(02303, '\\0', 9, 128, 00062),
	(02304, '\\0', 49, 128, 00060),
	(02305, '\\0', 19, 129, 00117),
	(02306, '\\0', 16, 129, 00075),
	(02307, '\\0', 12, 129, 00034),
	(02308, '\\0', 37, 129, 00111),
	(02309, '\\0', 5, 129, 00167),
	(02310, '\\0', 8, 129, 00058),
	(02311, '\\0', 22, 129, 00094),
	(02312, '\\0', 31, 129, 00125),
	(02313, '\\0', 11, 129, 00030),
	(02314, '\\0', 4, 129, 00084),
	(02315, '\\0', 49, 129, 00054),
	(02316, '\\0', 23, 129, 00138),
	(02317, '\\0', 34, 129, 00033),
	(02318, '\\0', 37, 129, 00079),
	(02319, '\\0', 39, 129, 00125),
	(02320, '\\0', 50, 129, 00112),
	(02321, '\\0', 1, 129, 00040),
	(02322, '\\0', 49, 129, 00007),
	(02323, '\\0', 50, 130, 00075),
	(02324, '\\0', 36, 130, 00111),
	(02325, '\\0', 16, 130, 00161),
	(02326, '\\0', 36, 130, 00007),
	(02327, '\\0', 30, 130, 00093),
	(02328, '\\0', 3, 130, 00138),
	(02329, '\\0', 35, 130, 00099),
	(02330, '\\0', 28, 130, 00102),
	(02331, '\\0', 23, 130, 00152),
	(02332, '\\0', 4, 130, 00150),
	(02333, '\\0', 21, 130, 00040),
	(02334, '\\0', 3, 130, 00103),
	(02335, '\\0', 45, 130, 00143),
	(02336, '\\0', 15, 130, 00019),
	(02337, '\\0', 35, 130, 00025),
	(02338, '\\0', 30, 130, 00032),
	(02339, '\\0', 46, 130, 00089),
	(02340, '\\0', 17, 130, 00006),
	(02341, '\\0', 25, 131, 00125),
	(02342, '\\0', 48, 131, 00161),
	(02343, '\\0', 12, 131, 00163),
	(02344, '\\0', 19, 131, 00080),
	(02345, '\\0', 1, 131, 00167),
	(02346, '\\0', 29, 131, 00162),
	(02347, '\\0', 20, 131, 00073),
	(02348, '\\0', 40, 131, 00034),
	(02349, '\\0', 45, 131, 00097),
	(02350, '\\0', 11, 131, 00170),
	(02351, '\\0', 34, 131, 00114),
	(02352, '\\0', 45, 131, 00060),
	(02353, '\\0', 13, 131, 00116),
	(02354, '\\0', 17, 131, 00158),
	(02355, '\\0', 15, 131, 00037),
	(02356, '\\0', 13, 131, 00148),
	(02357, '\\0', 16, 131, 00133),
	(02358, '\\0', 5, 131, 00054),
	(02359, '\\0', 31, 132, 00066),
	(02360, '\\0', 28, 132, 00150),
	(02361, '\\0', 26, 132, 00014),
	(02362, '\\0', 21, 132, 00024),
	(02363, '\\0', 5, 132, 00055),
	(02364, '\\0', 34, 132, 00012),
	(02365, '\\0', 36, 132, 00164),
	(02366, '\\0', 16, 132, 00108),
	(02367, '\\0', 27, 132, 00159),
	(02368, '\\0', 41, 132, 00058),
	(02369, '\\0', 2, 132, 00074),
	(02370, '\\0', 6, 132, 00039),
	(02371, '\\0', 27, 132, 00068),
	(02372, '\\0', 30, 132, 00061),
	(02373, '\\0', 26, 132, 00099),
	(02374, '\\0', 45, 132, 00066),
	(02375, '\\0', 46, 132, 00053),
	(02376, '\\0', 35, 132, 00157),
	(02377, '\\0', 35, 133, 00119),
	(02378, '\\0', 11, 133, 00120),
	(02379, '\\0', 14, 133, 00067),
	(02380, '\\0', 48, 133, 00168),
	(02381, '\\0', 32, 133, 00161),
	(02382, '\\0', 37, 133, 00143),
	(02383, '\\0', 48, 133, 00044),
	(02384, '\\0', 21, 133, 00009),
	(02385, '\\0', 25, 133, 00030),
	(02386, '\\0', 19, 133, 00127),
	(02387, '\\0', 15, 133, 00139),
	(02388, '\\0', 6, 133, 00156),
	(02389, '\\0', 5, 133, 00058),
	(02390, '\\0', 23, 133, 00060),
	(02391, '\\0', 40, 133, 00004),
	(02392, '\\0', 44, 133, 00161),
	(02393, '\\0', 17, 133, 00090),
	(02394, '\\0', 40, 133, 00057),
	(02395, '\\0', 23, 134, 00014),
	(02396, '\\0', 9, 134, 00098),
	(02397, '\\0', 47, 134, 00001),
	(02398, '\\0', 35, 134, 00155),
	(02399, '\\0', 30, 134, 00045),
	(02400, '\\0', 4, 134, 00034),
	(02401, '\\0', 18, 134, 00019),
	(02402, '\\0', 10, 134, 00111),
	(02403, '\\0', 5, 134, 00142),
	(02404, '\\0', 2, 134, 00029),
	(02405, '\\0', 47, 134, 00124),
	(02406, '\\0', 29, 134, 00068),
	(02407, '\\0', 20, 134, 00003),
	(02408, '\\0', 11, 134, 00151),
	(02409, '\\0', 6, 134, 00114),
	(02410, '\\0', 39, 134, 00007),
	(02411, '\\0', 1, 134, 00144),
	(02412, '\\0', 48, 134, 00048),
	(02413, '\\0', 9, 135, 00117),
	(02414, '\\0', 25, 135, 00003),
	(02415, '\\0', 44, 135, 00010),
	(02416, '\\0', 34, 135, 00014),
	(02417, '\\0', 24, 135, 00063),
	(02418, '\\0', 9, 135, 00138),
	(02419, '\\0', 9, 135, 00065),
	(02420, '\\0', 30, 135, 00143),
	(02421, '\\0', 48, 135, 00131),
	(02422, '\\0', 20, 135, 00017),
	(02423, '\\0', 34, 135, 00131),
	(02424, '\\0', 11, 135, 00119),
	(02425, '\\0', 43, 135, 00152),
	(02426, '\\0', 49, 135, 00035),
	(02427, '\\0', 31, 135, 00100),
	(02428, '\\0', 11, 135, 00078),
	(02429, '\\0', 10, 135, 00107),
	(02430, '\\0', 19, 135, 00083),
	(02431, '\\0', 24, 136, 00062),
	(02432, '\\0', 48, 136, 00117),
	(02433, '\\0', 46, 136, 00126),
	(02434, '\\0', 50, 136, 00087),
	(02435, '\\0', 44, 136, 00020),
	(02436, '\\0', 37, 136, 00039),
	(02437, '\\0', 8, 136, 00012),
	(02438, '\\0', 3, 136, 00062),
	(02439, '\\0', 33, 136, 00007),
	(02440, '\\0', 34, 136, 00108),
	(02441, '\\0', 48, 136, 00006),
	(02442, '\\0', 43, 136, 00010),
	(02443, '\\0', 27, 136, 00041),
	(02444, '\\0', 30, 136, 00084),
	(02445, '\\0', 4, 136, 00100),
	(02446, '\\0', 15, 136, 00034),
	(02447, '\\0', 13, 136, 00100),
	(02448, '\\0', 4, 136, 00127),
	(02449, '\\0', 42, 137, 00171),
	(02450, '\\0', 46, 137, 00105),
	(02451, '\\0', 22, 137, 00099),
	(02452, '\\0', 40, 137, 00056),
	(02453, '\\0', 43, 137, 00059),
	(02454, '\\0', 24, 137, 00015),
	(02455, '\\0', 17, 137, 00121),
	(02456, '\\0', 38, 137, 00090),
	(02457, '\\0', 34, 137, 00030),
	(02458, '\\0', 34, 137, 00078),
	(02459, '\\0', 48, 137, 00025),
	(02460, '\\0', 30, 137, 00097),
	(02461, '\\0', 15, 137, 00005),
	(02462, '\\0', 16, 137, 00040),
	(02463, '\\0', 50, 137, 00102),
	(02464, '\\0', 40, 137, 00128),
	(02465, '\\0', 6, 137, 00040),
	(02466, '\\0', 49, 137, 00089),
	(02467, '\\0', 14, 138, 00145),
	(02468, '\\0', 15, 138, 00043),
	(02469, '\\0', 32, 138, 00025),
	(02470, '\\0', 50, 138, 00043),
	(02471, '\\0', 19, 138, 00032),
	(02472, '\\0', 13, 138, 00159),
	(02473, '\\0', 26, 138, 00008),
	(02474, '\\0', 43, 138, 00085),
	(02475, '\\0', 50, 138, 00132),
	(02476, '\\0', 14, 138, 00148),
	(02477, '\\0', 42, 138, 00066),
	(02478, '\\0', 4, 138, 00109),
	(02479, '\\0', 50, 138, 00169),
	(02480, '\\0', 24, 138, 00089),
	(02481, '\\0', 22, 138, 00077),
	(02482, '\\0', 47, 138, 00036),
	(02483, '\\0', 35, 138, 00069),
	(02484, '\\0', 31, 138, 00035),
	(02485, '\\0', 2, 139, 00012),
	(02486, '\\0', 2, 139, 00150),
	(02487, '\\0', 25, 139, 00035),
	(02488, '\\0', 41, 139, 00112),
	(02489, '\\0', 5, 139, 00138),
	(02490, '\\0', 28, 139, 00039),
	(02491, '\\0', 19, 139, 00026),
	(02492, '\\0', 38, 139, 00139),
	(02493, '\\0', 38, 139, 00150),
	(02494, '\\0', 43, 139, 00053),
	(02495, '\\0', 18, 139, 00032),
	(02496, '\\0', 41, 139, 00147),
	(02497, '\\0', 34, 139, 00013),
	(02498, '\\0', 24, 139, 00140),
	(02499, '\\0', 34, 139, 00168),
	(02500, '\\0', 37, 139, 00121),
	(02501, '\\0', 4, 139, 00093),
	(02502, '\\0', 26, 139, 00008),
	(02503, '\\0', 3, 140, 00150),
	(02504, '\\0', 27, 140, 00051),
	(02505, '\\0', 27, 140, 00171),
	(02506, '\\0', 20, 140, 00026),
	(02507, '\\0', 8, 140, 00023),
	(02508, '\\0', 19, 140, 00135),
	(02509, '\\0', 36, 140, 00107),
	(02510, '\\0', 41, 140, 00040),
	(02511, '\\0', 32, 140, 00165),
	(02512, '\\0', 44, 140, 00126),
	(02513, '\\0', 22, 140, 00147),
	(02514, '\\0', 14, 140, 00040),
	(02515, '\\0', 48, 140, 00033),
	(02516, '\\0', 26, 140, 00024),
	(02517, '\\0', 29, 140, 00021),
	(02518, '\\0', 3, 140, 00168),
	(02519, '\\0', 48, 140, 00066),
	(02520, '\\0', 28, 140, 00068),
	(02521, '\\0', 27, 141, 00131),
	(02522, '\\0', 13, 141, 00047),
	(02523, '\\0', 40, 141, 00119),
	(02524, '\\0', 38, 141, 00053),
	(02525, '\\0', 38, 141, 00162),
	(02526, '\\0', 44, 141, 00046),
	(02527, '\\0', 47, 141, 00016),
	(02528, '\\0', 5, 141, 00094),
	(02529, '\\0', 50, 141, 00094),
	(02530, '\\0', 26, 141, 00119),
	(02531, '\\0', 26, 141, 00125),
	(02532, '\\0', 1, 141, 00171),
	(02533, '\\0', 20, 141, 00138),
	(02534, '\\0', 35, 141, 00078),
	(02535, '\\0', 43, 141, 00126),
	(02536, '\\0', 48, 141, 00128),
	(02537, '\\0', 47, 141, 00154),
	(02538, '\\0', 33, 141, 00076),
	(02539, '\\0', 21, 142, 00140),
	(02540, '\\0', 34, 142, 00077),
	(02541, '\\0', 40, 142, 00137),
	(02542, '\\0', 28, 142, 00094),
	(02543, '\\0', 34, 142, 00081),
	(02544, '\\0', 15, 142, 00110),
	(02545, '\\0', 12, 142, 00164),
	(02546, '\\0', 42, 142, 00136),
	(02547, '\\0', 7, 142, 00167),
	(02548, '\\0', 45, 142, 00076),
	(02549, '\\0', 14, 142, 00155),
	(02550, '\\0', 49, 142, 00003),
	(02551, '\\0', 19, 142, 00135),
	(02552, '\\0', 2, 142, 00059),
	(02553, '\\0', 20, 142, 00120),
	(02554, '\\0', 47, 142, 00106),
	(02555, '\\0', 50, 142, 00070),
	(02556, '\\0', 8, 142, 00062),
	(02557, '\\0', 50, 143, 00118),
	(02558, '\\0', 25, 143, 00027),
	(02559, '\\0', 1, 143, 00104),
	(02560, '\\0', 47, 143, 00129),
	(02561, '\\0', 37, 143, 00029),
	(02562, '\\0', 27, 143, 00056),
	(02563, '\\0', 30, 143, 00052),
	(02564, '\\0', 5, 143, 00042),
	(02565, '\\0', 23, 143, 00161),
	(02566, '\\0', 32, 143, 00130),
	(02567, '\\0', 27, 143, 00098),
	(02568, '\\0', 1, 143, 00028),
	(02569, '\\0', 7, 143, 00056),
	(02570, '\\0', 10, 143, 00100),
	(02571, '\\0', 2, 143, 00116),
	(02572, '\\0', 35, 143, 00053),
	(02573, '\\0', 46, 143, 00077),
	(02574, '\\0', 21, 143, 00055),
	(02575, '\\0', 20, 144, 00016),
	(02576, '\\0', 20, 144, 00003),
	(02577, '\\0', 16, 144, 00060),
	(02578, '\\0', 43, 144, 00106),
	(02579, '\\0', 8, 144, 00100),
	(02580, '\\0', 3, 144, 00017),
	(02581, '\\0', 45, 144, 00100),
	(02582, '\\0', 15, 144, 00117),
	(02583, '\\0', 50, 144, 00119),
	(02584, '\\0', 29, 144, 00166),
	(02585, '\\0', 49, 144, 00063),
	(02586, '\\0', 23, 144, 00159),
	(02587, '\\0', 50, 144, 00009),
	(02588, '\\0', 42, 144, 00075),
	(02589, '\\0', 40, 144, 00050),
	(02590, '\\0', 12, 144, 00044),
	(02591, '\\0', 38, 144, 00108),
	(02592, '\\0', 34, 144, 00081),
	(02593, '\\0', 45, 145, 00106),
	(02594, '\\0', 5, 145, 00059),
	(02595, '\\0', 37, 145, 00042),
	(02596, '\\0', 3, 145, 00074),
	(02597, '\\0', 47, 145, 00054),
	(02598, '\\0', 40, 145, 00038),
	(02599, '\\0', 48, 145, 00162),
	(02600, '\\0', 18, 145, 00068),
	(02601, '\\0', 44, 145, 00063),
	(02602, '\\0', 46, 145, 00065),
	(02603, '\\0', 23, 145, 00059),
	(02604, '\\0', 14, 145, 00091),
	(02605, '\\0', 36, 145, 00084),
	(02606, '\\0', 42, 145, 00164),
	(02607, '\\0', 39, 145, 00052),
	(02608, '\\0', 45, 145, 00005),
	(02609, '\\0', 20, 145, 00065),
	(02610, '\\0', 3, 145, 00026),
	(02611, '\\0', 24, 146, 00126),
	(02612, '\\0', 29, 146, 00064),
	(02613, '\\0', 29, 146, 00068),
	(02614, '\\0', 38, 146, 00002),
	(02615, '\\0', 12, 146, 00026),
	(02616, '\\0', 9, 146, 00133),
	(02617, '\\0', 23, 146, 00080),
	(02618, '\\0', 46, 146, 00041),
	(02619, '\\0', 49, 146, 00087),
	(02620, '\\0', 4, 146, 00139),
	(02621, '\\0', 36, 146, 00154),
	(02622, '\\0', 22, 146, 00154),
	(02623, '\\0', 49, 146, 00030),
	(02624, '\\0', 16, 146, 00040),
	(02625, '\\0', 23, 146, 00147),
	(02626, '\\0', 18, 146, 00073),
	(02627, '\\0', 24, 146, 00120),
	(02628, '\\0', 39, 146, 00134),
	(02629, '\\0', 3, 147, 00166),
	(02630, '\\0', 15, 147, 00045),
	(02631, '\\0', 41, 147, 00136),
	(02632, '\\0', 35, 147, 00030),
	(02633, '\\0', 49, 147, 00156),
	(02634, '\\0', 46, 147, 00154),
	(02635, '\\0', 32, 147, 00055),
	(02636, '\\0', 33, 147, 00093),
	(02637, '\\0', 29, 147, 00096),
	(02638, '\\0', 47, 147, 00134),
	(02639, '\\0', 8, 147, 00075),
	(02640, '\\0', 42, 147, 00026),
	(02641, '\\0', 36, 147, 00054),
	(02642, '\\0', 49, 147, 00148),
	(02643, '\\0', 26, 147, 00164),
	(02644, '\\0', 26, 147, 00072),
	(02645, '\\0', 45, 147, 00096),
	(02646, '\\0', 11, 147, 00077),
	(02647, '\\0', 41, 148, 00097),
	(02648, '\\0', 22, 148, 00161),
	(02649, '\\0', 29, 148, 00075),
	(02650, '\\0', 47, 148, 00076),
	(02651, '\\0', 8, 148, 00096),
	(02652, '\\0', 21, 148, 00123),
	(02653, '\\0', 45, 148, 00032),
	(02654, '\\0', 24, 148, 00151),
	(02655, '\\0', 14, 148, 00167),
	(02656, '\\0', 35, 148, 00039),
	(02657, '\\0', 21, 148, 00074),
	(02658, '\\0', 7, 148, 00048),
	(02659, '\\0', 25, 148, 00163),
	(02660, '\\0', 14, 148, 00062),
	(02661, '\\0', 31, 148, 00075),
	(02662, '\\0', 36, 148, 00045),
	(02663, '\\0', 35, 148, 00002),
	(02664, '\\0', 15, 148, 00171),
	(02665, '\\0', 30, 149, 00154),
	(02666, '\\0', 44, 149, 00001),
	(02667, '\\0', 12, 149, 00068),
	(02668, '\\0', 18, 149, 00065),
	(02669, '\\0', 45, 149, 00129),
	(02670, '\\0', 49, 149, 00092),
	(02671, '\\0', 2, 149, 00115),
	(02672, '\\0', 9, 149, 00098),
	(02673, '\\0', 25, 149, 00050),
	(02674, '\\0', 2, 149, 00070),
	(02675, '\\0', 36, 149, 00065),
	(02676, '\\0', 6, 149, 00067),
	(02677, '\\0', 33, 149, 00072),
	(02678, '\\0', 3, 149, 00102),
	(02679, '\\0', 32, 149, 00166),
	(02680, '\\0', 25, 149, 00155),
	(02681, '\\0', 35, 149, 00049),
	(02682, '\\0', 31, 149, 00075),
	(02683, '\\0', 3, 150, 00118),
	(02684, '\\0', 6, 150, 00049),
	(02685, '\\0', 40, 150, 00062),
	(02686, '\\0', 18, 150, 00094),
	(02687, '\\0', 21, 150, 00075),
	(02688, '\\0', 23, 150, 00024),
	(02689, '\\0', 36, 150, 00150),
	(02690, '\\0', 44, 150, 00002),
	(02691, '\\0', 17, 150, 00080),
	(02692, '\\0', 1, 150, 00150),
	(02693, '\\0', 12, 150, 00107),
	(02694, '\\0', 18, 150, 00102),
	(02695, '\\0', 13, 150, 00055),
	(02696, '\\0', 47, 150, 00124),
	(02697, '\\0', 4, 150, 00109),
	(02698, '\\0', 26, 150, 00015),
	(02699, '\\0', 14, 150, 00013),
	(02700, '\\0', 36, 150, 00072),
	(02701, '\\0', 23, 151, 00088),
	(02702, '\\0', 18, 151, 00095),
	(02703, '\\0', 22, 151, 00115),
	(02704, '\\0', 40, 151, 00149),
	(02705, '\\0', 45, 151, 00120),
	(02706, '\\0', 43, 151, 00039),
	(02707, '\\0', 43, 151, 00009),
	(02708, '\\0', 7, 151, 00126),
	(02709, '\\0', 44, 151, 00169),
	(02710, '\\0', 29, 151, 00007),
	(02711, '\\0', 35, 151, 00066),
	(02712, '\\0', 20, 151, 00041),
	(02713, '\\0', 19, 151, 00013),
	(02714, '\\0', 14, 151, 00159),
	(02715, '\\0', 18, 151, 00020),
	(02716, '\\0', 14, 151, 00113),
	(02717, '\\0', 37, 151, 00082),
	(02718, '\\0', 27, 151, 00073),
	(02719, '\\0', 50, 152, 00066),
	(02720, '\\0', 13, 152, 00059),
	(02721, '\\0', 39, 152, 00148),
	(02722, '\\0', 43, 152, 00138),
	(02723, '\\0', 30, 152, 00151),
	(02724, '\\0', 4, 152, 00042),
	(02725, '\\0', 19, 152, 00111),
	(02726, '\\0', 45, 152, 00030),
	(02727, '\\0', 27, 152, 00034),
	(02728, '\\0', 12, 152, 00040),
	(02729, '\\0', 9, 152, 00101),
	(02730, '\\0', 32, 152, 00054),
	(02731, '\\0', 7, 152, 00042),
	(02732, '\\0', 23, 152, 00165),
	(02733, '\\0', 7, 152, 00005),
	(02734, '\\0', 40, 152, 00055),
	(02735, '\\0', 11, 152, 00009),
	(02736, '\\0', 12, 152, 00165),
	(02737, '\\0', 41, 153, 00099),
	(02738, '\\0', 50, 153, 00135),
	(02739, '\\0', 25, 153, 00153),
	(02740, '\\0', 30, 153, 00080),
	(02741, '\\0', 31, 153, 00013),
	(02742, '\\0', 29, 153, 00116),
	(02743, '\\0', 44, 153, 00154),
	(02744, '\\0', 14, 153, 00059),
	(02745, '\\0', 27, 153, 00147),
	(02746, '\\0', 49, 153, 00092),
	(02747, '\\0', 14, 153, 00127),
	(02748, '\\0', 36, 153, 00113),
	(02749, '\\0', 18, 153, 00040),
	(02750, '\\0', 18, 153, 00004),
	(02751, '\\0', 42, 153, 00080),
	(02752, '\\0', 9, 153, 00142),
	(02753, '\\0', 6, 153, 00114),
	(02754, '\\0', 32, 153, 00139),
	(02755, '\\0', 21, 154, 00148),
	(02756, '\\0', 44, 154, 00150),
	(02757, '\\0', 29, 154, 00043),
	(02758, '\\0', 8, 154, 00112),
	(02759, '\\0', 9, 154, 00001),
	(02760, '\\0', 9, 154, 00073),
	(02761, '\\0', 12, 154, 00123),
	(02762, '\\0', 5, 154, 00161),
	(02763, '\\0', 34, 154, 00006),
	(02764, '\\0', 17, 154, 00039),
	(02765, '\\0', 23, 154, 00110),
	(02766, '\\0', 46, 154, 00164),
	(02767, '\\0', 14, 154, 00012),
	(02768, '\\0', 37, 154, 00062),
	(02769, '\\0', 38, 154, 00118),
	(02770, '\\0', 26, 154, 00153),
	(02771, '\\0', 2, 154, 00115),
	(02772, '\\0', 25, 154, 00025),
	(02773, '\\0', 27, 155, 00108),
	(02774, '\\0', 38, 155, 00026),
	(02775, '\\0', 29, 155, 00092),
	(02776, '\\0', 13, 155, 00018),
	(02777, '\\0', 34, 155, 00114),
	(02778, '\\0', 23, 155, 00028),
	(02779, '\\0', 18, 155, 00078),
	(02780, '\\0', 40, 155, 00070),
	(02781, '\\0', 46, 155, 00047),
	(02782, '\\0', 39, 155, 00089),
	(02783, '\\0', 47, 155, 00034),
	(02784, '\\0', 48, 155, 00155),
	(02785, '\\0', 37, 155, 00068),
	(02786, '\\0', 46, 155, 00018),
	(02787, '\\0', 42, 155, 00095),
	(02788, '\\0', 2, 155, 00146),
	(02789, '\\0', 48, 155, 00135),
	(02790, '\\0', 3, 155, 00124),
	(02791, '\\0', 15, 156, 00165),
	(02792, '\\0', 26, 156, 00117),
	(02793, '\\0', 11, 156, 00071),
	(02794, '\\0', 29, 156, 00134),
	(02795, '\\0', 42, 156, 00011),
	(02796, '\\0', 37, 156, 00118),
	(02797, '\\0', 19, 156, 00023),
	(02798, '\\0', 33, 156, 00091),
	(02799, '\\0', 36, 156, 00111),
	(02800, '\\0', 48, 156, 00074),
	(02801, '\\0', 1, 156, 00040),
	(02802, '\\0', 10, 156, 00099),
	(02803, '\\0', 31, 156, 00050),
	(02804, '\\0', 18, 156, 00156),
	(02805, '\\0', 50, 156, 00011),
	(02806, '\\0', 20, 156, 00016),
	(02807, '\\0', 27, 156, 00074),
	(02808, '\\0', 35, 156, 00080),
	(02809, '\\0', 28, 157, 00017),
	(02810, '\\0', 42, 157, 00101),
	(02811, '\\0', 31, 157, 00084),
	(02812, '\\0', 40, 157, 00074),
	(02813, '\\0', 21, 157, 00111),
	(02814, '\\0', 9, 157, 00060),
	(02815, '\\0', 10, 157, 00113),
	(02816, '\\0', 14, 157, 00131),
	(02817, '\\0', 33, 157, 00092),
	(02818, '\\0', 24, 157, 00108),
	(02819, '\\0', 2, 157, 00164),
	(02820, '\\0', 24, 157, 00168),
	(02821, '\\0', 12, 157, 00160),
	(02822, '\\0', 33, 157, 00171),
	(02823, '\\0', 21, 157, 00047),
	(02824, '\\0', 21, 157, 00077),
	(02825, '\\0', 50, 157, 00056),
	(02826, '\\0', 5, 157, 00105),
	(02827, '\\0', 11, 158, 00090),
	(02828, '\\0', 25, 158, 00049),
	(02829, '\\0', 24, 158, 00049),
	(02830, '\\0', 21, 158, 00122),
	(02831, '\\0', 41, 158, 00168),
	(02832, '\\0', 32, 158, 00002),
	(02833, '\\0', 49, 158, 00061),
	(02834, '\\0', 33, 158, 00013),
	(02835, '\\0', 26, 158, 00020),
	(02836, '\\0', 8, 158, 00159),
	(02837, '\\0', 30, 158, 00058),
	(02838, '\\0', 15, 158, 00084),
	(02839, '\\0', 13, 158, 00103),
	(02840, '\\0', 45, 158, 00029),
	(02841, '\\0', 49, 158, 00018),
	(02842, '\\0', 2, 158, 00162),
	(02843, '\\0', 7, 158, 00060),
	(02844, '\\0', 17, 158, 00158),
	(02845, '\\0', 30, 159, 00022),
	(02846, '\\0', 31, 159, 00031),
	(02847, '\\0', 32, 159, 00074),
	(02848, '\\0', 16, 159, 00144),
	(02849, '\\0', 23, 159, 00159),
	(02850, '\\0', 30, 159, 00060),
	(02851, '\\0', 31, 159, 00073),
	(02852, '\\0', 21, 159, 00132),
	(02853, '\\0', 47, 159, 00095),
	(02854, '\\0', 11, 159, 00059),
	(02855, '\\0', 38, 159, 00117),
	(02856, '\\0', 46, 159, 00115),
	(02857, '\\0', 28, 159, 00171),
	(02858, '\\0', 21, 159, 00054),
	(02859, '\\0', 15, 159, 00171),
	(02860, '\\0', 1, 159, 00071),
	(02861, '\\0', 13, 159, 00128),
	(02862, '\\0', 38, 159, 00072),
	(02863, '\\0', 23, 160, 00088),
	(02864, '\\0', 25, 160, 00084),
	(02865, '\\0', 40, 160, 00104),
	(02866, '\\0', 33, 160, 00056),
	(02867, '\\0', 43, 160, 00151),
	(02868, '\\0', 11, 160, 00009),
	(02869, '\\0', 3, 160, 00084),
	(02870, '\\0', 9, 160, 00054),
	(02871, '\\0', 10, 160, 00060),
	(02872, '\\0', 47, 160, 00008),
	(02873, '\\0', 43, 160, 00008),
	(02874, '\\0', 11, 160, 00067),
	(02875, '\\0', 50, 160, 00021),
	(02876, '\\0', 20, 160, 00117),
	(02877, '\\0', 31, 160, 00159),
	(02878, '\\0', 18, 160, 00005),
	(02879, '\\0', 27, 160, 00076),
	(02880, '\\0', 4, 160, 00075),
	(02881, '\\0', 33, 161, 00002),
	(02882, '\\0', 34, 161, 00012),
	(02883, '\\0', 17, 161, 00129),
	(02884, '\\0', 6, 161, 00092),
	(02885, '\\0', 41, 161, 00157),
	(02886, '\\0', 18, 161, 00024),
	(02887, '\\0', 31, 161, 00022),
	(02888, '\\0', 50, 161, 00067),
	(02889, '\\0', 17, 161, 00038),
	(02890, '\\0', 40, 161, 00075),
	(02891, '\\0', 43, 161, 00147),
	(02892, '\\0', 41, 161, 00121),
	(02893, '\\0', 4, 161, 00154),
	(02894, '\\0', 44, 161, 00103),
	(02895, '\\0', 13, 161, 00115),
	(02896, '\\0', 25, 161, 00156),
	(02897, '\\0', 22, 161, 00154),
	(02898, '\\0', 11, 161, 00092),
	(02899, '\\0', 3, 162, 00073),
	(02900, '\\0', 37, 162, 00018),
	(02901, '\\0', 15, 162, 00003),
	(02902, '\\0', 5, 162, 00171),
	(02903, '\\0', 18, 162, 00085),
	(02904, '\\0', 14, 162, 00012),
	(02905, '\\0', 10, 162, 00035),
	(02906, '\\0', 27, 162, 00153),
	(02907, '\\0', 35, 162, 00014),
	(02908, '\\0', 46, 162, 00062),
	(02909, '\\0', 28, 162, 00057),
	(02910, '\\0', 9, 162, 00110),
	(02911, '\\0', 40, 162, 00023),
	(02912, '\\0', 1, 162, 00122),
	(02913, '\\0', 1, 162, 00020),
	(02914, '\\0', 23, 162, 00040),
	(02915, '\\0', 43, 162, 00008),
	(02916, '\\0', 37, 162, 00122),
	(02917, '\\0', 29, 163, 00062),
	(02918, '\\0', 26, 163, 00089),
	(02919, '\\0', 50, 163, 00141),
	(02920, '\\0', 25, 163, 00011),
	(02921, '\\0', 22, 163, 00135),
	(02922, '\\0', 2, 163, 00070),
	(02923, '\\0', 9, 163, 00024),
	(02924, '\\0', 3, 163, 00170),
	(02925, '\\0', 33, 163, 00074),
	(02926, '\\0', 9, 163, 00169),
	(02927, '\\0', 44, 163, 00112),
	(02928, '\\0', 32, 163, 00123),
	(02929, '\\0', 39, 163, 00145),
	(02930, '\\0', 15, 163, 00008),
	(02931, '\\0', 9, 163, 00044),
	(02932, '\\0', 39, 163, 00009),
	(02933, '\\0', 32, 163, 00163),
	(02934, '\\0', 3, 163, 00065),
	(02935, '\\0', 17, 164, 00097),
	(02936, '\\0', 23, 164, 00056),
	(02937, '\\0', 40, 164, 00119),
	(02938, '\\0', 37, 164, 00085),
	(02939, '\\0', 44, 164, 00056),
	(02940, '\\0', 6, 164, 00043),
	(02941, '\\0', 7, 164, 00058),
	(02942, '\\0', 47, 164, 00108),
	(02943, '\\0', 11, 164, 00114),
	(02944, '\\0', 37, 164, 00069),
	(02945, '\\0', 16, 164, 00159),
	(02946, '\\0', 25, 164, 00016),
	(02947, '\\0', 9, 164, 00099),
	(02948, '\\0', 30, 164, 00107),
	(02949, '\\0', 2, 164, 00121),
	(02950, '\\0', 6, 164, 00060),
	(02951, '\\0', 46, 164, 00007),
	(02952, '\\0', 27, 164, 00010),
	(02953, '\\0', 16, 165, 00041),
	(02954, '\\0', 20, 165, 00114),
	(02955, '\\0', 37, 165, 00107),
	(02956, '\\0', 32, 165, 00160),
	(02957, '\\0', 6, 165, 00142),
	(02958, '\\0', 38, 165, 00047),
	(02959, '\\0', 35, 165, 00113),
	(02960, '\\0', 10, 165, 00082),
	(02961, '\\0', 8, 165, 00168),
	(02962, '\\0', 40, 165, 00010),
	(02963, '\\0', 1, 165, 00017),
	(02964, '\\0', 35, 165, 00080),
	(02965, '\\0', 48, 165, 00009),
	(02966, '\\0', 33, 165, 00136),
	(02967, '\\0', 34, 165, 00080),
	(02968, '\\0', 21, 165, 00028),
	(02969, '\\0', 19, 165, 00033),
	(02970, '\\0', 10, 165, 00057),
	(02971, '\\0', 2, 166, 00113),
	(02972, '\\0', 18, 166, 00120),
	(02973, '\\0', 8, 166, 00126),
	(02974, '\\0', 42, 166, 00135),
	(02975, '\\0', 42, 166, 00100),
	(02976, '\\0', 45, 166, 00028),
	(02977, '\\0', 36, 166, 00047),
	(02978, '\\0', 24, 166, 00030),
	(02979, '\\0', 12, 166, 00035),
	(02980, '\\0', 32, 166, 00052),
	(02981, '\\0', 19, 166, 00144),
	(02982, '\\0', 14, 166, 00019),
	(02983, '\\0', 33, 166, 00112),
	(02984, '\\0', 26, 166, 00022),
	(02985, '\\0', 49, 166, 00075),
	(02986, '\\0', 20, 166, 00046),
	(02987, '\\0', 2, 166, 00038),
	(02988, '\\0', 32, 166, 00099),
	(02989, '\\0', 18, 167, 00024),
	(02990, '\\0', 9, 167, 00039),
	(02991, '\\0', 8, 167, 00127),
	(02992, '\\0', 22, 167, 00071),
	(02993, '\\0', 29, 167, 00170),
	(02994, '\\0', 41, 167, 00025),
	(02995, '\\0', 33, 167, 00043),
	(02996, '\\0', 13, 167, 00100),
	(02997, '\\0', 49, 167, 00026),
	(02998, '\\0', 23, 167, 00035),
	(02999, '\\0', 8, 167, 00166),
	(03000, '\\0', 10, 167, 00121),
	(03001, '\\0', 2, 167, 00073),
	(03002, '\\0', 3, 167, 00045),
	(03003, '\\0', 13, 167, 00159),
	(03004, '\\0', 23, 167, 00089),
	(03005, '\\0', 7, 167, 00027),
	(03006, '\\0', 30, 167, 00065),
	(03007, '\\0', 18, 168, 00121),
	(03008, '\\0', 41, 168, 00018),
	(03009, '\\0', 16, 168, 00040),
	(03010, '\\0', 4, 168, 00106),
	(03011, '\\0', 37, 168, 00008),
	(03012, '\\0', 50, 168, 00044),
	(03013, '\\0', 15, 168, 00005),
	(03014, '\\0', 4, 168, 00041),
	(03015, '\\0', 28, 168, 00004),
	(03016, '\\0', 23, 168, 00153),
	(03017, '\\0', 5, 168, 00029),
	(03018, '\\0', 20, 168, 00074),
	(03019, '\\0', 25, 168, 00072),
	(03020, '\\0', 50, 168, 00131),
	(03021, '\\0', 45, 168, 00150),
	(03022, '\\0', 5, 168, 00134),
	(03023, '\\0', 23, 168, 00115),
	(03024, '\\0', 45, 168, 00076),
	(03025, '\\0', 10, 169, 00118),
	(03026, '\\0', 47, 169, 00094),
	(03027, '\\0', 49, 169, 00059),
	(03028, '\\0', 4, 169, 00041),
	(03029, '\\0', 4, 169, 00006),
	(03030, '\\0', 7, 169, 00046),
	(03031, '\\0', 16, 169, 00170),
	(03032, '\\0', 46, 169, 00054),
	(03033, '\\0', 21, 169, 00167),
	(03034, '\\0', 17, 169, 00052),
	(03035, '\\0', 30, 169, 00100),
	(03036, '\\0', 42, 169, 00159),
	(03037, '\\0', 20, 169, 00076),
	(03038, '\\0', 21, 169, 00061),
	(03039, '\\0', 5, 169, 00041),
	(03040, '\\0', 30, 169, 00169),
	(03041, '\\0', 6, 169, 00068),
	(03042, '\\0', 9, 169, 00055),
	(03043, '\\0', 9, 170, 00008),
	(03044, '\\0', 14, 170, 00142),
	(03045, '\\0', 35, 170, 00061),
	(03046, '\\0', 27, 170, 00045),
	(03047, '\\0', 50, 170, 00168),
	(03048, '\\0', 25, 170, 00113),
	(03049, '\\0', 49, 170, 00031),
	(03050, '\\0', 43, 170, 00142),
	(03051, '\\0', 23, 170, 00116),
	(03052, '\\0', 2, 170, 00106),
	(03053, '\\0', 49, 170, 00109),
	(03054, '\\0', 8, 170, 00128),
	(03055, '\\0', 45, 170, 00019),
	(03056, '\\0', 2, 170, 00171),
	(03057, '\\0', 21, 170, 00100),
	(03058, '\\0', 13, 170, 00136),
	(03059, '\\0', 24, 170, 00074),
	(03060, '\\0', 43, 170, 00077),
	(03061, '\\0', 17, 171, 00098),
	(03062, '\\0', 30, 171, 00033),
	(03063, '\\0', 15, 171, 00007),
	(03064, '\\0', 46, 171, 00124),
	(03065, '\\0', 45, 171, 00090),
	(03066, '\\0', 4, 171, 00005),
	(03067, '\\0', 47, 171, 00071),
	(03068, '\\0', 1, 171, 00121),
	(03069, '\\0', 24, 171, 00014),
	(03070, '\\0', 30, 171, 00101),
	(03071, '\\0', 31, 171, 00160),
	(03072, '\\0', 2, 171, 00089),
	(03073, '\\0', 40, 171, 00156),
	(03074, '\\0', 18, 171, 00162),
	(03075, '\\0', 39, 171, 00098),
	(03076, '\\0', 17, 171, 00079),
	(03077, '\\0', 25, 171, 00023),
	(03078, '\\0', 1, 171, 00031),
	(03079, '\\0', 28, 172, 00133),
	(03080, '\\0', 13, 172, 00047),
	(03081, '\\0', 41, 172, 00006),
	(03082, '\\0', 10, 172, 00069),
	(03083, '\\0', 26, 172, 00068),
	(03084, '\\0', 39, 172, 00162),
	(03085, '\\0', 31, 172, 00160),
	(03086, '\\0', 50, 172, 00001),
	(03087, '\\0', 24, 172, 00041),
	(03088, '\\0', 1, 172, 00134),
	(03089, '\\0', 28, 172, 00080),
	(03090, '\\0', 19, 172, 00060),
	(03091, '\\0', 49, 172, 00140),
	(03092, '\\0', 9, 172, 00058),
	(03093, '\\0', 22, 172, 00164),
	(03094, '\\0', 37, 172, 00011),
	(03095, '\\0', 30, 172, 00014),
	(03096, '\\0', 21, 172, 00101),
	(03097, '\\0', 23, 173, 00060),
	(03098, '\\0', 27, 173, 00001),
	(03099, '\\0', 43, 173, 00027),
	(03100, '\\0', 20, 173, 00127),
	(03101, '\\0', 7, 173, 00086),
	(03102, '\\0', 11, 173, 00002),
	(03103, '\\0', 8, 173, 00019),
	(03104, '\\0', 42, 173, 00083),
	(03105, '\\0', 22, 173, 00126),
	(03106, '\\0', 26, 173, 00021),
	(03107, '\\0', 32, 173, 00158),
	(03108, '\\0', 28, 173, 00067),
	(03109, '\\0', 2, 173, 00135),
	(03110, '\\0', 43, 173, 00119),
	(03111, '\\0', 30, 173, 00003),
	(03112, '\\0', 29, 173, 00009),
	(03113, '\\0', 21, 173, 00012),
	(03114, '\\0', 2, 173, 00078),
	(03115, '\\0', 49, 174, 00032),
	(03116, '\\0', 25, 174, 00018),
	(03117, '\\0', 19, 174, 00140),
	(03118, '\\0', 41, 174, 00147),
	(03119, '\\0', 20, 174, 00085),
	(03120, '\\0', 6, 174, 00109),
	(03121, '\\0', 45, 174, 00073),
	(03122, '\\0', 8, 174, 00150),
	(03123, '\\0', 47, 174, 00074),
	(03124, '\\0', 31, 174, 00009),
	(03125, '\\0', 14, 174, 00076),
	(03126, '\\0', 13, 174, 00022),
	(03127, '\\0', 22, 174, 00047),
	(03128, '\\0', 39, 174, 00166),
	(03129, '\\0', 20, 174, 00146),
	(03130, '\\0', 33, 174, 00044),
	(03131, '\\0', 16, 174, 00104),
	(03132, '\\0', 44, 174, 00027),
	(03133, '\\0', 3, 175, 00006),
	(03134, '\\0', 5, 175, 00158),
	(03135, '\\0', 43, 175, 00095),
	(03136, '\\0', 16, 175, 00099),
	(03137, '\\0', 15, 175, 00124),
	(03138, '\\0', 17, 175, 00124),
	(03139, '\\0', 17, 175, 00088),
	(03140, '\\0', 19, 175, 00121),
	(03141, '\\0', 34, 175, 00159),
	(03142, '\\0', 50, 175, 00127),
	(03143, '\\0', 23, 175, 00164),
	(03144, '\\0', 18, 175, 00090),
	(03145, '\\0', 49, 175, 00101),
	(03146, '\\0', 42, 175, 00166),
	(03147, '\\0', 38, 175, 00034),
	(03148, '\\0', 6, 175, 00001),
	(03149, '\\0', 31, 175, 00155),
	(03150, '\\0', 10, 175, 00168),
	(03151, '\\0', 28, 176, 00161),
	(03152, '\\0', 27, 176, 00050),
	(03153, '\\0', 16, 176, 00161),
	(03154, '\\0', 32, 176, 00030),
	(03155, '\\0', 46, 176, 00029),
	(03156, '\\0', 49, 176, 00104),
	(03157, '\\0', 38, 176, 00062),
	(03158, '\\0', 29, 176, 00012),
	(03159, '\\0', 12, 176, 00047),
	(03160, '\\0', 4, 176, 00031),
	(03161, '\\0', 43, 176, 00027),
	(03162, '\\0', 22, 176, 00132),
	(03163, '\\0', 5, 176, 00159),
	(03164, '\\0', 21, 176, 00145),
	(03165, '\\0', 33, 176, 00072),
	(03166, '\\0', 20, 176, 00131),
	(03167, '\\0', 39, 176, 00028),
	(03168, '\\0', 16, 176, 00051),
	(03169, '\\0', 25, 177, 00141),
	(03170, '\\0', 24, 177, 00009),
	(03171, '\\0', 4, 177, 00102),
	(03172, '\\0', 36, 177, 00110),
	(03173, '\\0', 27, 177, 00071),
	(03174, '\\0', 1, 177, 00163),
	(03175, '\\0', 14, 177, 00130),
	(03176, '\\0', 42, 177, 00035),
	(03177, '\\0', 24, 177, 00104),
	(03178, '\\0', 20, 177, 00164),
	(03179, '\\0', 11, 177, 00133),
	(03180, '\\0', 14, 177, 00013),
	(03181, '\\0', 13, 177, 00152),
	(03182, '\\0', 37, 177, 00003),
	(03183, '\\0', 18, 177, 00078),
	(03184, '\\0', 16, 177, 00027),
	(03185, '\\0', 26, 177, 00049),
	(03186, '\\0', 19, 177, 00002),
	(03187, '\\0', 30, 178, 00006),
	(03188, '\\0', 21, 178, 00150),
	(03189, '\\0', 8, 178, 00053),
	(03190, '\\0', 34, 178, 00043),
	(03191, '\\0', 22, 178, 00099),
	(03192, '\\0', 9, 178, 00140),
	(03193, '\\0', 31, 178, 00075),
	(03194, '\\0', 28, 178, 00137),
	(03195, '\\0', 28, 178, 00113),
	(03196, '\\0', 41, 178, 00150),
	(03197, '\\0', 30, 178, 00049),
	(03198, '\\0', 41, 178, 00121),
	(03199, '\\0', 45, 178, 00130),
	(03200, '\\0', 33, 178, 00038),
	(03201, '\\0', 31, 178, 00096),
	(03202, '\\0', 25, 178, 00028),
	(03203, '\\0', 32, 178, 00137),
	(03204, '\\0', 17, 178, 00082),
	(03205, '\\0', 30, 179, 00166),
	(03206, '\\0', 8, 179, 00031),
	(03207, '\\0', 19, 179, 00086),
	(03208, '\\0', 44, 179, 00119),
	(03209, '\\0', 4, 179, 00074),
	(03210, '\\0', 19, 179, 00125),
	(03211, '\\0', 28, 179, 00061),
	(03212, '\\0', 28, 179, 00020),
	(03213, '\\0', 4, 179, 00029),
	(03214, '\\0', 47, 179, 00006),
	(03215, '\\0', 50, 179, 00031),
	(03216, '\\0', 36, 179, 00151),
	(03217, '\\0', 5, 179, 00130),
	(03218, '\\0', 48, 179, 00019),
	(03219, '\\0', 17, 179, 00082),
	(03220, '\\0', 27, 179, 00017),
	(03221, '\\0', 29, 179, 00102),
	(03222, '\\0', 42, 179, 00054),
	(03223, '\\0', 6, 180, 00019),
	(03224, '\\0', 34, 180, 00101),
	(03225, '\\0', 48, 180, 00024),
	(03226, '\\0', 39, 180, 00018),
	(03227, '\\0', 30, 180, 00082),
	(03228, '\\0', 48, 180, 00136),
	(03229, '\\0', 39, 180, 00111),
	(03230, '\\0', 43, 180, 00091),
	(03231, '\\0', 33, 180, 00045),
	(03232, '\\0', 23, 180, 00064),
	(03233, '\\0', 44, 180, 00135),
	(03234, '\\0', 16, 180, 00141),
	(03235, '\\0', 16, 180, 00045),
	(03236, '\\0', 23, 180, 00171),
	(03237, '\\0', 26, 180, 00023),
	(03238, '\\0', 35, 180, 00054),
	(03239, '\\0', 45, 180, 00033),
	(03240, '\\0', 13, 180, 00051),
	(03241, '\\0', 26, 181, 00097),
	(03242, '\\0', 16, 181, 00151),
	(03243, '\\0', 14, 181, 00100),
	(03244, '\\0', 23, 181, 00024),
	(03245, '\\0', 7, 181, 00016),
	(03246, '\\0', 14, 181, 00004),
	(03247, '\\0', 11, 181, 00083),
	(03248, '\\0', 18, 181, 00021),
	(03249, '\\0', 28, 181, 00057),
	(03250, '\\0', 34, 181, 00043),
	(03251, '\\0', 31, 181, 00146),
	(03252, '\\0', 5, 181, 00134),
	(03253, '\\0', 27, 181, 00018),
	(03254, '\\0', 27, 181, 00048),
	(03255, '\\0', 43, 181, 00162),
	(03256, '\\0', 8, 181, 00144),
	(03257, '\\0', 6, 181, 00129),
	(03258, '\\0', 46, 181, 00145),
	(03259, '\\0', 42, 182, 00130),
	(03260, '\\0', 22, 182, 00034),
	(03261, '\\0', 37, 182, 00155),
	(03262, '\\0', 33, 182, 00045),
	(03263, '\\0', 18, 182, 00003),
	(03264, '\\0', 34, 182, 00158),
	(03265, '\\0', 42, 182, 00074),
	(03266, '\\0', 36, 182, 00139),
	(03267, '\\0', 29, 182, 00036),
	(03268, '\\0', 44, 182, 00129),
	(03269, '\\0', 33, 182, 00036),
	(03270, '\\0', 39, 182, 00048),
	(03271, '\\0', 13, 182, 00009),
	(03272, '\\0', 40, 182, 00159),
	(03273, '\\0', 29, 182, 00118),
	(03274, '\\0', 44, 182, 00050),
	(03275, '\\0', 44, 182, 00039),
	(03276, '\\0', 41, 182, 00080),
	(03277, '\\0', 3, 183, 00094),
	(03278, '\\0', 8, 183, 00121),
	(03279, '\\0', 5, 183, 00002),
	(03280, '\\0', 31, 183, 00020),
	(03281, '\\0', 14, 183, 00136),
	(03282, '\\0', 39, 183, 00164),
	(03283, '\\0', 24, 183, 00072),
	(03284, '\\0', 22, 183, 00009),
	(03285, '\\0', 19, 183, 00085),
	(03286, '\\0', 47, 183, 00126),
	(03287, '\\0', 6, 183, 00010),
	(03288, '\\0', 28, 183, 00076),
	(03289, '\\0', 27, 183, 00033),
	(03290, '\\0', 22, 183, 00171),
	(03291, '\\0', 18, 183, 00122),
	(03292, '\\0', 44, 183, 00004),
	(03293, '\\0', 34, 183, 00047),
	(03294, '\\0', 2, 183, 00109),
	(03295, '\\0', 34, 184, 00069),
	(03296, '\\0', 25, 184, 00159),
	(03297, '\\0', 33, 184, 00030),
	(03298, '\\0', 15, 184, 00143),
	(03299, '\\0', 2, 184, 00138),
	(03300, '\\0', 29, 184, 00124),
	(03301, '\\0', 36, 184, 00032),
	(03302, '\\0', 23, 184, 00074),
	(03303, '\\0', 39, 184, 00013),
	(03304, '\\0', 36, 184, 00006),
	(03305, '\\0', 6, 184, 00165),
	(03306, '\\0', 47, 184, 00109),
	(03307, '\\0', 29, 184, 00101),
	(03308, '\\0', 43, 184, 00031),
	(03309, '\\0', 37, 184, 00049),
	(03310, '\\0', 16, 184, 00139),
	(03311, '\\0', 29, 184, 00130),
	(03312, '\\0', 11, 184, 00120),
	(03313, '\\0', 47, 185, 00025),
	(03314, '\\0', 17, 185, 00124),
	(03315, '\\0', 28, 185, 00165),
	(03316, '\\0', 34, 185, 00039),
	(03317, '\\0', 43, 185, 00106),
	(03318, '\\0', 48, 185, 00023),
	(03319, '\\0', 36, 185, 00004),
	(03320, '\\0', 22, 185, 00041),
	(03321, '\\0', 10, 185, 00169),
	(03322, '\\0', 12, 185, 00037),
	(03323, '\\0', 2, 185, 00157),
	(03324, '\\0', 28, 185, 00078),
	(03325, '\\0', 26, 185, 00107),
	(03326, '\\0', 23, 185, 00167),
	(03327, '\\0', 44, 185, 00137),
	(03328, '\\0', 24, 185, 00036),
	(03329, '\\0', 17, 185, 00122),
	(03330, '\\0', 49, 185, 00128),
	(03331, '\\0', 20, 186, 00159),
	(03332, '\\0', 28, 186, 00046),
	(03333, '\\0', 7, 186, 00089),
	(03334, '\\0', 41, 186, 00051),
	(03335, '\\0', 1, 186, 00050),
	(03336, '\\0', 10, 186, 00060),
	(03337, '\\0', 46, 186, 00055),
	(03338, '\\0', 16, 186, 00095),
	(03339, '\\0', 17, 186, 00020),
	(03340, '\\0', 43, 186, 00050),
	(03341, '\\0', 25, 186, 00159),
	(03342, '\\0', 45, 186, 00062),
	(03343, '\\0', 32, 186, 00017),
	(03344, '\\0', 46, 186, 00150),
	(03345, '\\0', 29, 186, 00115),
	(03346, '\\0', 1, 186, 00082),
	(03347, '\\0', 1, 186, 00076),
	(03348, '\\0', 17, 186, 00042),
	(03349, '\\0', 37, 187, 00126),
	(03350, '\\0', 12, 187, 00170),
	(03351, '\\0', 1, 187, 00157),
	(03352, '\\0', 34, 187, 00001),
	(03353, '\\0', 44, 187, 00073),
	(03354, '\\0', 9, 187, 00102),
	(03355, '\\0', 37, 187, 00033),
	(03356, '\\0', 37, 187, 00163),
	(03357, '\\0', 26, 187, 00019),
	(03358, '\\0', 3, 187, 00046),
	(03359, '\\0', 27, 187, 00022),
	(03360, '\\0', 4, 187, 00150),
	(03361, '\\0', 5, 187, 00102),
	(03362, '\\0', 31, 187, 00022),
	(03363, '\\0', 47, 187, 00166),
	(03364, '\\0', 24, 187, 00139),
	(03365, '\\0', 21, 187, 00016),
	(03366, '\\0', 48, 187, 00169),
	(03367, '\\0', 45, 188, 00006),
	(03368, '\\0', 50, 188, 00033),
	(03369, '\\0', 23, 188, 00124),
	(03370, '\\0', 40, 188, 00133),
	(03371, '\\0', 22, 188, 00063),
	(03372, '\\0', 3, 188, 00003),
	(03373, '\\0', 43, 188, 00155),
	(03374, '\\0', 6, 188, 00008),
	(03375, '\\0', 15, 188, 00161),
	(03376, '\\0', 24, 188, 00004),
	(03377, '\\0', 50, 188, 00072),
	(03378, '\\0', 37, 188, 00070),
	(03379, '\\0', 22, 188, 00072),
	(03380, '\\0', 20, 188, 00154),
	(03381, '\\0', 44, 188, 00116),
	(03382, '\\0', 16, 188, 00165),
	(03383, '\\0', 43, 188, 00144),
	(03384, '\\0', 35, 188, 00069),
	(03385, '\\0', 4, 189, 00107),
	(03386, '\\0', 11, 189, 00015),
	(03387, '\\0', 24, 189, 00038),
	(03388, '\\0', 35, 189, 00154),
	(03389, '\\0', 9, 189, 00101),
	(03390, '\\0', 4, 189, 00101),
	(03391, '\\0', 26, 189, 00149),
	(03392, '\\0', 11, 189, 00010),
	(03393, '\\0', 39, 189, 00019),
	(03394, '\\0', 27, 189, 00058),
	(03395, '\\0', 46, 189, 00056),
	(03396, '\\0', 38, 189, 00150),
	(03397, '\\0', 47, 189, 00029),
	(03398, '\\0', 30, 189, 00146),
	(03399, '\\0', 50, 189, 00049),
	(03400, '\\0', 17, 189, 00135),
	(03401, '\\0', 19, 189, 00013),
	(03402, '\\0', 39, 189, 00135),
	(03403, '\\0', 45, 190, 00096),
	(03404, '\\0', 30, 190, 00097),
	(03405, '\\0', 46, 190, 00117),
	(03406, '\\0', 33, 190, 00013),
	(03407, '\\0', 31, 190, 00058),
	(03408, '\\0', 21, 190, 00117),
	(03409, '\\0', 12, 190, 00028),
	(03410, '\\0', 26, 190, 00032),
	(03411, '\\0', 19, 190, 00146),
	(03412, '\\0', 15, 190, 00164),
	(03413, '\\0', 28, 190, 00113),
	(03414, '\\0', 13, 190, 00071),
	(03415, '\\0', 3, 190, 00062),
	(03416, '\\0', 6, 190, 00021),
	(03417, '\\0', 20, 190, 00168),
	(03418, '\\0', 34, 190, 00011),
	(03419, '\\0', 21, 190, 00105),
	(03420, '\\0', 40, 190, 00016),
	(03421, '\\0', 40, 191, 00101),
	(03422, '\\0', 28, 191, 00028),
	(03423, '\\0', 10, 191, 00113),
	(03424, '\\0', 13, 191, 00026),
	(03425, '\\0', 3, 191, 00151),
	(03426, '\\0', 19, 191, 00105),
	(03427, '\\0', 28, 191, 00095),
	(03428, '\\0', 47, 191, 00117),
	(03429, '\\0', 16, 191, 00059),
	(03430, '\\0', 46, 191, 00135),
	(03431, '\\0', 18, 191, 00123),
	(03432, '\\0', 11, 191, 00112),
	(03433, '\\0', 15, 191, 00082),
	(03434, '\\0', 43, 191, 00121),
	(03435, '\\0', 15, 191, 00100),
	(03436, '\\0', 41, 191, 00110),
	(03437, '\\0', 30, 191, 00080),
	(03438, '\\0', 21, 191, 00142),
	(03439, '\\0', 37, 192, 00041),
	(03440, '\\0', 25, 192, 00058),
	(03441, '\\0', 8, 192, 00084),
	(03442, '\\0', 32, 192, 00037),
	(03443, '\\0', 9, 192, 00103),
	(03444, '\\0', 23, 192, 00128),
	(03445, '\\0', 28, 192, 00002),
	(03446, '\\0', 46, 192, 00034),
	(03447, '\\0', 33, 192, 00136),
	(03448, '\\0', 7, 192, 00036),
	(03449, '\\0', 50, 192, 00091),
	(03450, '\\0', 29, 192, 00047),
	(03451, '\\0', 47, 192, 00074),
	(03452, '\\0', 2, 192, 00119),
	(03453, '\\0', 47, 192, 00102),
	(03454, '\\0', 29, 192, 00142),
	(03455, '\\0', 13, 192, 00169),
	(03456, '\\0', 16, 192, 00098),
	(03457, '\\0', 44, 193, 00096),
	(03458, '\\0', 25, 193, 00035),
	(03459, '\\0', 7, 193, 00001),
	(03460, '\\0', 17, 193, 00025),
	(03461, '\\0', 3, 193, 00162),
	(03462, '\\0', 44, 193, 00164),
	(03463, '\\0', 11, 193, 00167),
	(03464, '\\0', 44, 193, 00119),
	(03465, '\\0', 20, 193, 00069),
	(03466, '\\0', 17, 193, 00017),
	(03467, '\\0', 23, 193, 00115),
	(03468, '\\0', 43, 193, 00071),
	(03469, '\\0', 40, 193, 00017),
	(03470, '\\0', 26, 193, 00146),
	(03471, '\\0', 18, 193, 00159),
	(03472, '\\0', 20, 193, 00143),
	(03473, '\\0', 30, 193, 00139),
	(03474, '\\0', 38, 193, 00053),
	(03475, '\\0', 49, 194, 00036),
	(03476, '\\0', 32, 194, 00088),
	(03477, '\\0', 29, 194, 00108),
	(03478, '\\0', 27, 194, 00164),
	(03479, '\\0', 49, 194, 00088),
	(03480, '\\0', 7, 194, 00076),
	(03481, '\\0', 50, 194, 00171),
	(03482, '\\0', 40, 194, 00091),
	(03483, '\\0', 10, 194, 00036),
	(03484, '\\0', 27, 194, 00061),
	(03485, '\\0', 37, 194, 00031),
	(03486, '\\0', 35, 194, 00054),
	(03487, '\\0', 32, 194, 00142),
	(03488, '\\0', 46, 194, 00134),
	(03489, '\\0', 8, 194, 00010),
	(03490, '\\0', 41, 194, 00014),
	(03491, '\\0', 20, 194, 00113),
	(03492, '\\0', 32, 194, 00125),
	(03493, '\\0', 48, 195, 00151),
	(03494, '\\0', 35, 195, 00136),
	(03495, '\\0', 48, 195, 00042),
	(03496, '\\0', 2, 195, 00009),
	(03497, '\\0', 28, 195, 00170),
	(03498, '\\0', 23, 195, 00149),
	(03499, '\\0', 29, 195, 00013),
	(03500, '\\0', 10, 195, 00065),
	(03501, '\\0', 10, 195, 00040),
	(03502, '\\0', 3, 195, 00025),
	(03503, '\\0', 1, 195, 00054),
	(03504, '\\0', 21, 195, 00157),
	(03505, '\\0', 24, 195, 00143),
	(03506, '\\0', 15, 195, 00139),
	(03507, '\\0', 11, 195, 00154),
	(03508, '\\0', 14, 195, 00028),
	(03509, '\\0', 8, 195, 00149),
	(03510, '\\0', 45, 195, 00079),
	(03511, '\\0', 21, 196, 00162),
	(03512, '\\0', 34, 196, 00021),
	(03513, '\\0', 27, 196, 00012),
	(03514, '\\0', 18, 196, 00091),
	(03515, '\\0', 15, 196, 00070),
	(03516, '\\0', 12, 196, 00040),
	(03517, '\\0', 25, 196, 00066),
	(03518, '\\0', 26, 196, 00073),
	(03519, '\\0', 26, 196, 00125),
	(03520, '\\0', 18, 196, 00119),
	(03521, '\\0', 21, 196, 00149),
	(03522, '\\0', 18, 196, 00003),
	(03523, '\\0', 25, 196, 00048),
	(03524, '\\0', 22, 196, 00155),
	(03525, '\\0', 16, 196, 00138),
	(03526, '\\0', 23, 196, 00170),
	(03527, '\\0', 14, 196, 00169),
	(03528, '\\0', 26, 196, 00001),
	(03529, '\\0', 39, 197, 00125),
	(03530, '\\0', 7, 197, 00160),
	(03531, '\\0', 21, 197, 00025),
	(03532, '\\0', 25, 197, 00050),
	(03533, '\\0', 28, 197, 00084),
	(03534, '\\0', 40, 197, 00127),
	(03535, '\\0', 25, 197, 00016),
	(03536, '\\0', 50, 197, 00151),
	(03537, '\\0', 7, 197, 00095),
	(03538, '\\0', 38, 197, 00050),
	(03539, '\\0', 48, 197, 00012),
	(03540, '\\0', 37, 197, 00048),
	(03541, '\\0', 10, 197, 00046),
	(03542, '\\0', 31, 197, 00139),
	(03543, '\\0', 49, 197, 00038),
	(03544, '\\0', 2, 197, 00119),
	(03545, '\\0', 12, 197, 00013),
	(03546, '\\0', 15, 197, 00007),
	(03547, '\\0', 6, 198, 00087),
	(03548, '\\0', 30, 198, 00014),
	(03549, '\\0', 42, 198, 00082),
	(03550, '\\0', 36, 198, 00157),
	(03551, '\\0', 1, 198, 00146),
	(03552, '\\0', 45, 198, 00167),
	(03553, '\\0', 9, 198, 00155),
	(03554, '\\0', 39, 198, 00030),
	(03555, '\\0', 32, 198, 00171),
	(03556, '\\0', 23, 198, 00111),
	(03557, '\\0', 18, 198, 00149),
	(03558, '\\0', 1, 198, 00152),
	(03559, '\\0', 30, 198, 00097),
	(03560, '\\0', 35, 198, 00063),
	(03561, '\\0', 20, 198, 00042),
	(03562, '\\0', 16, 198, 00143),
	(03563, '\\0', 4, 198, 00008),
	(03564, '\\0', 14, 198, 00121),
	(03565, '\\0', 6, 199, 00049),
	(03566, '\\0', 44, 199, 00087),
	(03567, '\\0', 43, 199, 00091),
	(03568, '\\0', 36, 199, 00107),
	(03569, '\\0', 50, 199, 00095),
	(03570, '\\0', 44, 199, 00090),
	(03571, '\\0', 25, 199, 00005),
	(03572, '\\0', 37, 199, 00132),
	(03573, '\\0', 44, 199, 00113),
	(03574, '\\0', 1, 199, 00004),
	(03575, '\\0', 22, 199, 00044),
	(03576, '\\0', 30, 199, 00075),
	(03577, '\\0', 36, 199, 00152),
	(03578, '\\0', 29, 199, 00130),
	(03579, '\\0', 26, 199, 00068),
	(03580, '\\0', 39, 199, 00008),
	(03581, '\\0', 30, 199, 00079),
	(03582, '\\0', 2, 199, 00059),
	(03583, '\\0', 21, 200, 00078),
	(03584, '\\0', 42, 200, 00085),
	(03585, '\\0', 20, 200, 00170),
	(03586, '\\0', 48, 200, 00091),
	(03587, '\\0', 2, 200, 00027),
	(03588, '\\0', 46, 200, 00051),
	(03589, '\\0', 22, 200, 00170),
	(03590, '\\0', 28, 200, 00020),
	(03591, '\\0', 36, 200, 00021),
	(03592, '\\0', 47, 200, 00074),
	(03593, '\\0', 13, 200, 00157),
	(03594, '\\0', 29, 200, 00085),
	(03595, '\\0', 29, 200, 00169),
	(03596, '\\0', 37, 200, 00009),
	(03597, '\\0', 1, 200, 00084),
	(03598, '\\0', 42, 200, 00164),
	(03599, '\\0', 39, 200, 00097),
	(03600, '\\0', 25, 200, 00057),
	(03601, '\\0', 26, 201, 00114),
	(03602, '\\0', 31, 201, 00053),
	(03603, '\\0', 32, 201, 00168),
	(03604, '\\0', 15, 201, 00124),
	(03605, '\\0', 30, 201, 00116),
	(03606, '\\0', 13, 201, 00013),
	(03607, '\\0', 28, 201, 00040),
	(03608, '\\0', 48, 201, 00057),
	(03609, '\\0', 27, 201, 00036),
	(03610, '\\0', 16, 201, 00150),
	(03611, '\\0', 50, 201, 00127),
	(03612, '\\0', 36, 201, 00035),
	(03613, '\\0', 35, 201, 00129),
	(03614, '\\0', 33, 201, 00003),
	(03615, '\\0', 43, 201, 00006),
	(03616, '\\0', 40, 201, 00036),
	(03617, '\\0', 25, 201, 00139),
	(03618, '\\0', 49, 201, 00021),
	(03619, '\\0', 44, 202, 00098),
	(03620, '\\0', 24, 202, 00137),
	(03621, '\\0', 43, 202, 00160),
	(03622, '\\0', 49, 202, 00134),
	(03623, '\\0', 17, 202, 00006),
	(03624, '\\0', 16, 202, 00125),
	(03625, '\\0', 50, 202, 00021),
	(03626, '\\0', 22, 202, 00041),
	(03627, '\\0', 30, 202, 00085),
	(03628, '\\0', 33, 202, 00167),
	(03629, '\\0', 16, 202, 00061),
	(03630, '\\0', 13, 202, 00014),
	(03631, '\\0', 46, 202, 00012),
	(03632, '\\0', 24, 202, 00029),
	(03633, '\\0', 18, 202, 00095),
	(03634, '\\0', 26, 202, 00062),
	(03635, '\\0', 46, 202, 00011),
	(03636, '\\0', 49, 202, 00054),
	(03637, '\\0', 42, 203, 00087),
	(03638, '\\0', 40, 203, 00085),
	(03639, '\\0', 33, 203, 00161),
	(03640, '\\0', 42, 203, 00115),
	(03641, '\\0', 21, 203, 00131),
	(03642, '\\0', 47, 203, 00019),
	(03643, '\\0', 6, 203, 00119),
	(03644, '\\0', 46, 203, 00052),
	(03645, '\\0', 33, 203, 00132),
	(03646, '\\0', 3, 203, 00115),
	(03647, '\\0', 10, 203, 00135),
	(03648, '\\0', 41, 203, 00084),
	(03649, '\\0', 6, 203, 00041),
	(03650, '\\0', 35, 203, 00088),
	(03651, '\\0', 39, 203, 00118),
	(03652, '\\0', 29, 203, 00064),
	(03653, '\\0', 19, 203, 00022),
	(03654, '\\0', 23, 203, 00070),
	(03655, '\\0', 3, 204, 00069),
	(03656, '\\0', 14, 204, 00162),
	(03657, '\\0', 18, 204, 00171),
	(03658, '\\0', 6, 204, 00085),
	(03659, '\\0', 34, 204, 00151),
	(03660, '\\0', 12, 204, 00073),
	(03661, '\\0', 18, 204, 00082),
	(03662, '\\0', 25, 204, 00023),
	(03663, '\\0', 36, 204, 00017),
	(03664, '\\0', 5, 204, 00026),
	(03665, '\\0', 24, 204, 00168),
	(03666, '\\0', 32, 204, 00040),
	(03667, '\\0', 47, 204, 00006),
	(03668, '\\0', 10, 204, 00146),
	(03669, '\\0', 27, 204, 00009),
	(03670, '\\0', 21, 204, 00134),
	(03671, '\\0', 26, 204, 00049),
	(03672, '\\0', 2, 204, 00083),
	(03673, '\\0', 50, 205, 00158),
	(03674, '\\0', 17, 205, 00026),
	(03675, '\\0', 23, 205, 00155),
	(03676, '\\0', 49, 205, 00022),
	(03677, '\\0', 42, 205, 00098),
	(03678, '\\0', 21, 205, 00153),
	(03679, '\\0', 15, 205, 00101),
	(03680, '\\0', 9, 205, 00131),
	(03681, '\\0', 26, 205, 00098),
	(03682, '\\0', 26, 205, 00086),
	(03683, '\\0', 42, 205, 00051),
	(03684, '\\0', 19, 205, 00096),
	(03685, '\\0', 21, 205, 00020),
	(03686, '\\0', 16, 205, 00056),
	(03687, '\\0', 37, 205, 00061),
	(03688, '\\0', 40, 205, 00059),
	(03689, '\\0', 21, 205, 00150),
	(03690, '\\0', 1, 205, 00041),
	(03691, '\\0', 11, 206, 00155),
	(03692, '\\0', 6, 206, 00074),
	(03693, '\\0', 48, 206, 00140),
	(03694, '\\0', 18, 206, 00089),
	(03695, '\\0', 20, 206, 00108),
	(03696, '\\0', 14, 206, 00087),
	(03697, '\\0', 5, 206, 00121),
	(03698, '\\0', 5, 206, 00084),
	(03699, '\\0', 24, 206, 00159),
	(03700, '\\0', 39, 206, 00122),
	(03701, '\\0', 45, 206, 00035),
	(03702, '\\0', 14, 206, 00113),
	(03703, '\\0', 1, 206, 00116),
	(03704, '\\0', 34, 206, 00021),
	(03705, '\\0', 21, 206, 00026),
	(03706, '\\0', 14, 206, 00138),
	(03707, '\\0', 44, 206, 00054),
	(03708, '\\0', 9, 206, 00022),
	(03709, '\\0', 38, 207, 00061),
	(03710, '\\0', 12, 207, 00137),
	(03711, '\\0', 27, 207, 00137),
	(03712, '\\0', 33, 207, 00070),
	(03713, '\\0', 28, 207, 00160),
	(03714, '\\0', 48, 207, 00014),
	(03715, '\\0', 12, 207, 00092),
	(03716, '\\0', 24, 207, 00005),
	(03717, '\\0', 45, 207, 00141),
	(03718, '\\0', 1, 207, 00154),
	(03719, '\\0', 13, 207, 00087),
	(03720, '\\0', 42, 207, 00045),
	(03721, '\\0', 37, 207, 00123),
	(03722, '\\0', 27, 207, 00116),
	(03723, '\\0', 28, 207, 00046),
	(03724, '\\0', 48, 207, 00123),
	(03725, '\\0', 3, 207, 00067),
	(03726, '\\0', 41, 207, 00096),
	(03727, '\\0', 39, 208, 00103),
	(03728, '\\0', 11, 208, 00084),
	(03729, '\\0', 50, 208, 00079),
	(03730, '\\0', 14, 208, 00095),
	(03731, '\\0', 47, 208, 00036),
	(03732, '\\0', 28, 208, 00049),
	(03733, '\\0', 30, 208, 00114),
	(03734, '\\0', 27, 208, 00099),
	(03735, '\\0', 22, 208, 00069),
	(03736, '\\0', 44, 208, 00117),
	(03737, '\\0', 36, 208, 00009),
	(03738, '\\0', 22, 208, 00076),
	(03739, '\\0', 11, 208, 00061),
	(03740, '\\0', 6, 208, 00057),
	(03741, '\\0', 47, 208, 00170),
	(03742, '\\0', 47, 208, 00113),
	(03743, '\\0', 49, 208, 00156),
	(03744, '\\0', 33, 208, 00075),
	(03745, '\\0', 8, 209, 00133),
	(03746, '\\0', 21, 209, 00104),
	(03747, '\\0', 38, 209, 00153),
	(03748, '\\0', 15, 209, 00048),
	(03749, '\\0', 46, 209, 00027),
	(03750, '\\0', 40, 209, 00013),
	(03751, '\\0', 8, 209, 00008),
	(03752, '\\0', 17, 209, 00069),
	(03753, '\\0', 38, 209, 00157),
	(03754, '\\0', 5, 209, 00063),
	(03755, '\\0', 27, 209, 00158),
	(03756, '\\0', 10, 209, 00163),
	(03757, '\\0', 8, 209, 00072),
	(03758, '\\0', 12, 209, 00096),
	(03759, '\\0', 27, 209, 00125),
	(03760, '\\0', 37, 209, 00128),
	(03761, '\\0', 25, 209, 00125),
	(03762, '\\0', 40, 209, 00060),
	(03763, '\\0', 41, 210, 00064),
	(03764, '\\0', 7, 210, 00009),
	(03765, '\\0', 4, 210, 00067),
	(03766, '\\0', 14, 210, 00041),
	(03767, '\\0', 15, 210, 00149),
	(03768, '\\0', 13, 210, 00122),
	(03769, '\\0', 20, 210, 00109),
	(03770, '\\0', 14, 210, 00168),
	(03771, '\\0', 8, 210, 00056),
	(03772, '\\0', 28, 210, 00025),
	(03773, '\\0', 44, 210, 00140),
	(03774, '\\0', 34, 210, 00101),
	(03775, '\\0', 28, 210, 00003),
	(03776, '\\0', 8, 210, 00009),
	(03777, '\\0', 10, 210, 00158),
	(03778, '\\0', 17, 210, 00018),
	(03779, '\\0', 4, 210, 00043),
	(03780, '\\0', 47, 210, 00026),
	(03781, '\\0', 42, 211, 00164),
	(03782, '\\0', 14, 211, 00147),
	(03783, '\\0', 27, 211, 00142),
	(03784, '\\0', 7, 211, 00050),
	(03785, '\\0', 19, 211, 00117),
	(03786, '\\0', 23, 211, 00092),
	(03787, '\\0', 49, 211, 00124),
	(03788, '\\0', 9, 211, 00170),
	(03789, '\\0', 26, 211, 00149),
	(03790, '\\0', 1, 211, 00119),
	(03791, '\\0', 31, 211, 00095),
	(03792, '\\0', 2, 211, 00128),
	(03793, '\\0', 45, 211, 00125),
	(03794, '\\0', 19, 211, 00062),
	(03795, '\\0', 37, 211, 00009),
	(03796, '\\0', 46, 211, 00070),
	(03797, '\\0', 47, 211, 00139),
	(03798, '\\0', 17, 211, 00003),
	(03799, '\\0', 1, 212, 00114),
	(03800, '\\0', 28, 212, 00101),
	(03801, '\\0', 17, 212, 00004),
	(03802, '\\0', 40, 212, 00062),
	(03803, '\\0', 29, 212, 00074),
	(03804, '\\0', 17, 212, 00139),
	(03805, '\\0', 25, 212, 00012),
	(03806, '\\0', 48, 212, 00103),
	(03807, '\\0', 12, 212, 00108),
	(03808, '\\0', 2, 212, 00044),
	(03809, '\\0', 32, 212, 00052),
	(03810, '\\0', 4, 212, 00015),
	(03811, '\\0', 2, 212, 00124),
	(03812, '\\0', 20, 212, 00074),
	(03813, '\\0', 42, 212, 00088),
	(03814, '\\0', 33, 212, 00054),
	(03815, '\\0', 46, 212, 00115),
	(03816, '\\0', 47, 212, 00010),
	(03817, '\\0', 37, 213, 00060),
	(03818, '\\0', 23, 213, 00162),
	(03819, '\\0', 24, 213, 00114),
	(03820, '\\0', 27, 213, 00092),
	(03821, '\\0', 8, 213, 00058),
	(03822, '\\0', 24, 213, 00015),
	(03823, '\\0', 15, 213, 00157),
	(03824, '\\0', 20, 213, 00134),
	(03825, '\\0', 49, 213, 00168),
	(03826, '\\0', 28, 213, 00145),
	(03827, '\\0', 7, 213, 00135),
	(03828, '\\0', 3, 213, 00131),
	(03829, '\\0', 9, 213, 00133),
	(03830, '\\0', 43, 213, 00007),
	(03831, '\\0', 20, 213, 00015),
	(03832, '\\0', 17, 213, 00005),
	(03833, '\\0', 4, 213, 00106),
	(03834, '\\0', 43, 213, 00101),
	(03835, '\\0', 43, 214, 00165),
	(03836, '\\0', 33, 214, 00037),
	(03837, '\\0', 50, 214, 00142),
	(03838, '\\0', 1, 214, 00168),
	(03839, '\\0', 13, 214, 00034),
	(03840, '\\0', 19, 214, 00029),
	(03841, '\\0', 42, 214, 00088),
	(03842, '\\0', 7, 214, 00024),
	(03843, '\\0', 49, 214, 00161),
	(03844, '\\0', 30, 214, 00111),
	(03845, '\\0', 31, 214, 00152),
	(03846, '\\0', 7, 214, 00025),
	(03847, '\\0', 41, 214, 00035),
	(03848, '\\0', 15, 214, 00061),
	(03849, '\\0', 1, 214, 00092),
	(03850, '\\0', 26, 214, 00164),
	(03851, '\\0', 21, 214, 00110),
	(03852, '\\0', 35, 214, 00032),
	(03853, '\\0', 32, 215, 00077),
	(03854, '\\0', 44, 215, 00106),
	(03855, '\\0', 44, 215, 00148),
	(03856, '\\0', 42, 215, 00124),
	(03857, '\\0', 34, 215, 00127),
	(03858, '\\0', 46, 215, 00143),
	(03859, '\\0', 28, 215, 00014),
	(03860, '\\0', 14, 215, 00128),
	(03861, '\\0', 47, 215, 00018),
	(03862, '\\0', 33, 215, 00102),
	(03863, '\\0', 11, 215, 00053),
	(03864, '\\0', 21, 215, 00116),
	(03865, '\\0', 24, 215, 00125),
	(03866, '\\0', 28, 215, 00098),
	(03867, '\\0', 4, 215, 00156),
	(03868, '\\0', 13, 215, 00090),
	(03869, '\\0', 47, 215, 00159),
	(03870, '\\0', 6, 215, 00019),
	(03871, '\\0', 40, 216, 00090),
	(03872, '\\0', 26, 216, 00073),
	(03873, '\\0', 16, 216, 00058),
	(03874, '\\0', 49, 216, 00159),
	(03875, '\\0', 32, 216, 00108),
	(03876, '\\0', 49, 216, 00120),
	(03877, '\\0', 43, 216, 00107),
	(03878, '\\0', 3, 216, 00083),
	(03879, '\\0', 7, 216, 00096),
	(03880, '\\0', 46, 216, 00073),
	(03881, '\\0', 22, 216, 00088),
	(03882, '\\0', 37, 216, 00063),
	(03883, '\\0', 1, 216, 00009),
	(03884, '\\0', 15, 216, 00044),
	(03885, '\\0', 47, 216, 00105),
	(03886, '\\0', 23, 216, 00123),
	(03887, '\\0', 15, 216, 00018),
	(03888, '\\0', 35, 216, 00062),
	(03889, '\\0', 48, 217, 00055),
	(03890, '\\0', 40, 217, 00060),
	(03891, '\\0', 3, 217, 00119),
	(03892, '\\0', 32, 217, 00003),
	(03893, '\\0', 45, 217, 00139),
	(03894, '\\0', 24, 217, 00057),
	(03895, '\\0', 43, 217, 00121),
	(03896, '\\0', 50, 217, 00057),
	(03897, '\\0', 17, 217, 00030),
	(03898, '\\0', 26, 217, 00105),
	(03899, '\\0', 34, 217, 00036),
	(03900, '\\0', 43, 217, 00071),
	(03901, '\\0', 17, 217, 00163),
	(03902, '\\0', 41, 217, 00013),
	(03903, '\\0', 6, 217, 00153),
	(03904, '\\0', 38, 217, 00097),
	(03905, '\\0', 8, 217, 00147),
	(03906, '\\0', 30, 217, 00075),
	(03907, '\\0', 46, 218, 00149),
	(03908, '\\0', 33, 218, 00100),
	(03909, '\\0', 27, 218, 00171),
	(03910, '\\0', 46, 218, 00129),
	(03911, '\\0', 4, 218, 00048),
	(03912, '\\0', 34, 218, 00010),
	(03913, '\\0', 7, 218, 00126),
	(03914, '\\0', 21, 218, 00101),
	(03915, '\\0', 22, 218, 00017),
	(03916, '\\0', 1, 218, 00111),
	(03917, '\\0', 12, 218, 00093),
	(03918, '\\0', 22, 218, 00001),
	(03919, '\\0', 28, 218, 00073),
	(03920, '\\0', 14, 218, 00075),
	(03921, '\\0', 29, 218, 00017),
	(03922, '\\0', 49, 218, 00112),
	(03923, '\\0', 5, 218, 00075),
	(03924, '\\0', 47, 218, 00128),
	(03925, '\\0', 43, 219, 00010),
	(03926, '\\0', 13, 219, 00112),
	(03927, '\\0', 10, 219, 00029),
	(03928, '\\0', 45, 219, 00074),
	(03929, '\\0', 13, 219, 00066),
	(03930, '\\0', 21, 219, 00157),
	(03931, '\\0', 11, 219, 00164),
	(03932, '\\0', 15, 219, 00080),
	(03933, '\\0', 26, 219, 00038),
	(03934, '\\0', 15, 219, 00129),
	(03935, '\\0', 46, 219, 00068),
	(03936, '\\0', 9, 219, 00118),
	(03937, '\\0', 11, 219, 00150),
	(03938, '\\0', 2, 219, 00108),
	(03939, '\\0', 44, 219, 00062),
	(03940, '\\0', 8, 219, 00111),
	(03941, '\\0', 44, 219, 00145),
	(03942, '\\0', 20, 219, 00139),
	(03943, '\\0', 32, 220, 00030),
	(03944, '\\0', 11, 220, 00086),
	(03945, '\\0', 14, 220, 00162),
	(03946, '\\0', 25, 220, 00134),
	(03947, '\\0', 25, 220, 00042),
	(03948, '\\0', 29, 220, 00088),
	(03949, '\\0', 48, 220, 00123),
	(03950, '\\0', 12, 220, 00041),
	(03951, '\\0', 15, 220, 00005),
	(03952, '\\0', 26, 220, 00067),
	(03953, '\\0', 28, 220, 00134),
	(03954, '\\0', 23, 220, 00074),
	(03955, '\\0', 47, 220, 00144),
	(03956, '\\0', 33, 220, 00142),
	(03957, '\\0', 11, 220, 00158),
	(03958, '\\0', 38, 220, 00062),
	(03959, '\\0', 2, 220, 00045),
	(03960, '\\0', 19, 220, 00124),
	(03961, '\\0', 50, 221, 00055),
	(03962, '\\0', 35, 221, 00036),
	(03963, '\\0', 3, 221, 00092),
	(03964, '\\0', 36, 221, 00023),
	(03965, '\\0', 6, 221, 00101),
	(03966, '\\0', 36, 221, 00037),
	(03967, '\\0', 24, 221, 00120),
	(03968, '\\0', 22, 221, 00143),
	(03969, '\\0', 25, 221, 00127),
	(03970, '\\0', 45, 221, 00019),
	(03971, '\\0', 28, 221, 00067),
	(03972, '\\0', 39, 221, 00118),
	(03973, '\\0', 27, 221, 00108),
	(03974, '\\0', 24, 221, 00054),
	(03975, '\\0', 49, 221, 00008),
	(03976, '\\0', 17, 221, 00049),
	(03977, '\\0', 45, 221, 00011),
	(03978, '\\0', 3, 221, 00058),
	(03979, '\\0', 28, 222, 00162),
	(03980, '\\0', 46, 222, 00086),
	(03981, '\\0', 9, 222, 00073),
	(03982, '\\0', 48, 222, 00043),
	(03983, '\\0', 13, 222, 00064),
	(03984, '\\0', 25, 222, 00131),
	(03985, '\\0', 26, 222, 00158),
	(03986, '\\0', 49, 222, 00044),
	(03987, '\\0', 38, 222, 00128),
	(03988, '\\0', 26, 222, 00110),
	(03989, '\\0', 9, 222, 00055),
	(03990, '\\0', 48, 222, 00092),
	(03991, '\\0', 27, 222, 00035),
	(03992, '\\0', 42, 222, 00145),
	(03993, '\\0', 11, 222, 00004),
	(03994, '\\0', 49, 222, 00162),
	(03995, '\\0', 35, 222, 00001),
	(03996, '\\0', 38, 222, 00022),
	(03997, '\\0', 19, 223, 00038),
	(03998, '\\0', 25, 223, 00125),
	(03999, '\\0', 10, 223, 00005),
	(04000, '\\0', 44, 223, 00116),
	(04001, '\\0', 26, 223, 00027),
	(04002, '\\0', 33, 223, 00135),
	(04003, '\\0', 12, 223, 00021),
	(04004, '\\0', 21, 223, 00126),
	(04005, '\\0', 45, 223, 00147),
	(04006, '\\0', 27, 223, 00030),
	(04007, '\\0', 27, 223, 00021),
	(04008, '\\0', 18, 223, 00154),
	(04009, '\\0', 43, 223, 00141),
	(04010, '\\0', 7, 223, 00074),
	(04011, '\\0', 31, 223, 00075),
	(04012, '\\0', 18, 223, 00003),
	(04013, '\\0', 4, 223, 00168),
	(04014, '\\0', 20, 223, 00046),
	(04015, '\\0', 46, 224, 00042),
	(04016, '\\0', 35, 224, 00005),
	(04017, '\\0', 3, 224, 00004),
	(04018, '\\0', 30, 224, 00053),
	(04019, '\\0', 6, 224, 00107),
	(04020, '\\0', 14, 224, 00159),
	(04021, '\\0', 4, 224, 00141),
	(04022, '\\0', 50, 224, 00110),
	(04023, '\\0', 11, 224, 00163),
	(04024, '\\0', 13, 224, 00125),
	(04025, '\\0', 7, 224, 00101),
	(04026, '\\0', 22, 224, 00009),
	(04027, '\\0', 25, 224, 00036),
	(04028, '\\0', 1, 224, 00016),
	(04029, '\\0', 49, 224, 00133),
	(04030, '\\0', 35, 224, 00101),
	(04031, '\\0', 37, 224, 00118),
	(04032, '\\0', 3, 224, 00094),
	(04033, '\\0', 21, 225, 00125),
	(04034, '\\0', 9, 225, 00088),
	(04035, '\\0', 40, 225, 00171),
	(04036, '\\0', 30, 225, 00171),
	(04037, '\\0', 31, 225, 00083),
	(04038, '\\0', 1, 225, 00012),
	(04039, '\\0', 30, 225, 00047),
	(04040, '\\0', 32, 225, 00123),
	(04041, '\\0', 22, 225, 00150),
	(04042, '\\0', 18, 225, 00035),
	(04043, '\\0', 10, 225, 00076),
	(04044, '\\0', 20, 225, 00039),
	(04045, '\\0', 2, 225, 00017),
	(04046, '\\0', 2, 225, 00067),
	(04047, '\\0', 1, 225, 00061),
	(04048, '\\0', 3, 225, 00056),
	(04049, '\\0', 8, 225, 00110),
	(04050, '\\0', 50, 225, 00169),
	(04051, '\\0', 49, 226, 00007),
	(04052, '\\0', 6, 226, 00075),
	(04053, '\\0', 30, 226, 00017),
	(04054, '\\0', 20, 226, 00169),
	(04055, '\\0', 14, 226, 00064),
	(04056, '\\0', 42, 226, 00162),
	(04057, '\\0', 31, 226, 00071),
	(04058, '\\0', 21, 226, 00069),
	(04059, '\\0', 29, 226, 00130),
	(04060, '\\0', 23, 226, 00109),
	(04061, '\\0', 16, 226, 00070),
	(04062, '\\0', 21, 226, 00017),
	(04063, '\\0', 7, 226, 00136),
	(04064, '\\0', 36, 226, 00001),
	(04065, '\\0', 8, 226, 00099),
	(04066, '\\0', 26, 226, 00142),
	(04067, '\\0', 49, 226, 00092),
	(04068, '\\0', 46, 226, 00058),
	(04069, '\\0', 45, 227, 00034),
	(04070, '\\0', 32, 227, 00129),
	(04071, '\\0', 2, 227, 00058),
	(04072, '\\0', 2, 227, 00052),
	(04073, '\\0', 50, 227, 00051),
	(04074, '\\0', 15, 227, 00160),
	(04075, '\\0', 4, 227, 00116),
	(04076, '\\0', 23, 227, 00124),
	(04077, '\\0', 29, 227, 00009),
	(04078, '\\0', 6, 227, 00066),
	(04079, '\\0', 35, 227, 00136),
	(04080, '\\0', 9, 227, 00055),
	(04081, '\\0', 50, 227, 00153),
	(04082, '\\0', 39, 227, 00047),
	(04083, '\\0', 38, 227, 00120),
	(04084, '\\0', 26, 227, 00086),
	(04085, '\\0', 40, 227, 00004),
	(04086, '\\0', 41, 227, 00013),
	(04087, '\\0', 16, 228, 00089),
	(04088, '\\0', 34, 228, 00078),
	(04089, '\\0', 3, 228, 00017),
	(04090, '\\0', 9, 228, 00136),
	(04091, '\\0', 42, 228, 00160),
	(04092, '\\0', 42, 228, 00054),
	(04093, '\\0', 48, 228, 00062),
	(04094, '\\0', 5, 228, 00048),
	(04095, '\\0', 50, 228, 00069),
	(04096, '\\0', 3, 228, 00050),
	(04097, '\\0', 15, 228, 00077),
	(04098, '\\0', 44, 228, 00151),
	(04099, '\\0', 5, 228, 00067),
	(04100, '\\0', 41, 228, 00138),
	(04101, '\\0', 13, 228, 00085),
	(04102, '\\0', 48, 228, 00095),
	(04103, '\\0', 29, 228, 00034),
	(04104, '\\0', 7, 228, 00107),
	(04105, '\\0', 41, 229, 00125),
	(04106, '\\0', 17, 229, 00102),
	(04107, '\\0', 19, 229, 00101),
	(04108, '\\0', 25, 229, 00128),
	(04109, '\\0', 45, 229, 00051),
	(04110, '\\0', 40, 229, 00086),
	(04111, '\\0', 41, 229, 00068),
	(04112, '\\0', 43, 229, 00025),
	(04113, '\\0', 1, 229, 00135),
	(04114, '\\0', 22, 229, 00044),
	(04115, '\\0', 41, 229, 00108),
	(04116, '\\0', 46, 229, 00037),
	(04117, '\\0', 35, 229, 00052),
	(04118, '\\0', 28, 229, 00043),
	(04119, '\\0', 1, 229, 00079),
	(04120, '\\0', 2, 229, 00021),
	(04121, '\\0', 37, 229, 00064),
	(04122, '\\0', 33, 229, 00034),
	(04123, '\\0', 20, 230, 00050),
	(04124, '\\0', 37, 230, 00068),
	(04125, '\\0', 40, 230, 00047),
	(04126, '\\0', 37, 230, 00129),
	(04127, '\\0', 39, 230, 00077),
	(04128, '\\0', 40, 230, 00056),
	(04129, '\\0', 44, 230, 00107),
	(04130, '\\0', 45, 230, 00025),
	(04131, '\\0', 25, 230, 00059),
	(04132, '\\0', 24, 230, 00065),
	(04133, '\\0', 32, 230, 00056),
	(04134, '\\0', 14, 230, 00098),
	(04135, '\\0', 19, 230, 00157),
	(04136, '\\0', 43, 230, 00047),
	(04137, '\\0', 10, 230, 00147),
	(04138, '\\0', 33, 230, 00045),
	(04139, '\\0', 8, 230, 00046),
	(04140, '\\0', 22, 230, 00096),
	(04141, '\\0', 40, 231, 00156),
	(04142, '\\0', 37, 231, 00167),
	(04143, '\\0', 46, 231, 00099),
	(04144, '\\0', 23, 231, 00085),
	(04145, '\\0', 39, 231, 00099),
	(04146, '\\0', 49, 231, 00093),
	(04147, '\\0', 42, 231, 00129),
	(04148, '\\0', 20, 231, 00102),
	(04149, '\\0', 34, 231, 00068),
	(04150, '\\0', 47, 231, 00066),
	(04151, '\\0', 50, 231, 00016),
	(04152, '\\0', 27, 231, 00008),
	(04153, '\\0', 7, 231, 00098),
	(04154, '\\0', 4, 231, 00067),
	(04155, '\\0', 23, 231, 00127),
	(04156, '\\0', 41, 231, 00129),
	(04157, '\\0', 31, 231, 00014),
	(04158, '\\0', 8, 231, 00036),
	(04159, '\\0', 12, 232, 00005),
	(04160, '\\0', 21, 232, 00110),
	(04161, '\\0', 36, 232, 00105),
	(04162, '\\0', 6, 232, 00164),
	(04163, '\\0', 2, 232, 00133),
	(04164, '\\0', 39, 232, 00081),
	(04165, '\\0', 45, 232, 00063),
	(04166, '\\0', 47, 232, 00085),
	(04167, '\\0', 29, 232, 00023),
	(04168, '\\0', 21, 232, 00042),
	(04169, '\\0', 21, 232, 00007),
	(04170, '\\0', 18, 232, 00146),
	(04171, '\\0', 32, 232, 00030),
	(04172, '\\0', 44, 232, 00046),
	(04173, '\\0', 50, 232, 00037),
	(04174, '\\0', 41, 232, 00080),
	(04175, '\\0', 33, 232, 00132),
	(04176, '\\0', 35, 232, 00112),
	(04177, '\\0', 1, 233, 00041),
	(04178, '\\0', 26, 233, 00024),
	(04179, '\\0', 28, 233, 00127),
	(04180, '\\0', 14, 233, 00131),
	(04181, '\\0', 26, 233, 00124),
	(04182, '\\0', 45, 233, 00115),
	(04183, '\\0', 50, 233, 00048),
	(04184, '\\0', 48, 233, 00022),
	(04185, '\\0', 2, 233, 00015),
	(04186, '\\0', 47, 233, 00146),
	(04187, '\\0', 30, 233, 00139),
	(04188, '\\0', 7, 233, 00171),
	(04189, '\\0', 30, 233, 00136),
	(04190, '\\0', 39, 233, 00063),
	(04191, '\\0', 49, 233, 00075),
	(04192, '\\0', 2, 233, 00055),
	(04193, '\\0', 9, 233, 00059),
	(04194, '\\0', 6, 233, 00083),
	(04195, '\\0', 43, 234, 00077),
	(04196, '\\0', 4, 234, 00023),
	(04197, '\\0', 20, 234, 00033),
	(04198, '\\0', 6, 234, 00074),
	(04199, '\\0', 26, 234, 00031),
	(04200, '\\0', 22, 234, 00094),
	(04201, '\\0', 46, 234, 00113),
	(04202, '\\0', 43, 234, 00134),
	(04203, '\\0', 48, 234, 00003),
	(04204, '\\0', 37, 234, 00099),
	(04205, '\\0', 20, 234, 00083),
	(04206, '\\0', 35, 234, 00126),
	(04207, '\\0', 8, 234, 00143),
	(04208, '\\0', 27, 234, 00013),
	(04209, '\\0', 3, 234, 00079),
	(04210, '\\0', 26, 234, 00008),
	(04211, '\\0', 27, 234, 00150),
	(04212, '\\0', 46, 234, 00147),
	(04213, '\\0', 41, 235, 00133),
	(04214, '\\0', 7, 235, 00161),
	(04215, '\\0', 16, 235, 00052),
	(04216, '\\0', 6, 235, 00048),
	(04217, '\\0', 18, 235, 00085),
	(04218, '\\0', 8, 235, 00084),
	(04219, '\\0', 27, 235, 00033),
	(04220, '\\0', 2, 235, 00035),
	(04221, '\\0', 35, 235, 00110),
	(04222, '\\0', 28, 235, 00138),
	(04223, '\\0', 1, 235, 00111),
	(04224, '\\0', 11, 235, 00150),
	(04225, '\\0', 16, 235, 00076),
	(04226, '\\0', 13, 235, 00125),
	(04227, '\\0', 3, 235, 00070),
	(04228, '\\0', 17, 235, 00056),
	(04229, '\\0', 1, 235, 00064),
	(04230, '\\0', 7, 235, 00129),
	(04231, '\\0', 18, 236, 00037),
	(04232, '\\0', 14, 236, 00106),
	(04233, '\\0', 18, 236, 00110),
	(04234, '\\0', 33, 236, 00103),
	(04235, '\\0', 14, 236, 00098),
	(04236, '\\0', 11, 236, 00119),
	(04237, '\\0', 46, 236, 00019),
	(04238, '\\0', 47, 236, 00049),
	(04239, '\\0', 24, 236, 00080),
	(04240, '\\0', 18, 236, 00002),
	(04241, '\\0', 1, 236, 00064),
	(04242, '\\0', 11, 236, 00115),
	(04243, '\\0', 4, 236, 00091),
	(04244, '\\0', 33, 236, 00087),
	(04245, '\\0', 27, 236, 00058),
	(04246, '\\0', 16, 236, 00025),
	(04247, '\\0', 30, 236, 00027),
	(04248, '\\0', 7, 236, 00135),
	(04249, '\\0', 9, 237, 00001),
	(04250, '\\0', 32, 237, 00139),
	(04251, '\\0', 11, 237, 00160),
	(04252, '\\0', 28, 237, 00104),
	(04253, '\\0', 47, 237, 00034),
	(04254, '\\0', 1, 237, 00095),
	(04255, '\\0', 38, 237, 00145),
	(04256, '\\0', 37, 237, 00039),
	(04257, '\\0', 39, 237, 00068),
	(04258, '\\0', 14, 237, 00127),
	(04259, '\\0', 19, 237, 00075),
	(04260, '\\0', 24, 237, 00129),
	(04261, '\\0', 11, 237, 00143),
	(04262, '\\0', 26, 237, 00119),
	(04263, '\\0', 32, 237, 00098),
	(04264, '\\0', 18, 237, 00088),
	(04265, '\\0', 12, 237, 00170),
	(04266, '\\0', 37, 237, 00129),
	(04267, '\\0', 14, 238, 00060),
	(04268, '\\0', 24, 238, 00139),
	(04269, '\\0', 28, 238, 00044),
	(04270, '\\0', 9, 238, 00153),
	(04271, '\\0', 24, 238, 00169),
	(04272, '\\0', 39, 238, 00163),
	(04273, '\\0', 47, 238, 00118),
	(04274, '\\0', 3, 238, 00169),
	(04275, '\\0', 46, 238, 00105),
	(04276, '\\0', 36, 238, 00085),
	(04277, '\\0', 44, 238, 00153),
	(04278, '\\0', 39, 238, 00146),
	(04279, '\\0', 42, 238, 00008),
	(04280, '\\0', 10, 238, 00106),
	(04281, '\\0', 4, 238, 00135),
	(04282, '\\0', 16, 238, 00118),
	(04283, '\\0', 39, 238, 00069),
	(04284, '\\0', 27, 238, 00150),
	(04285, '\\0', 28, 239, 00129),
	(04286, '\\0', 13, 239, 00047),
	(04287, '\\0', 36, 239, 00116),
	(04288, '\\0', 16, 239, 00064),
	(04289, '\\0', 18, 239, 00031),
	(04290, '\\0', 20, 239, 00073),
	(04291, '\\0', 3, 239, 00010),
	(04292, '\\0', 6, 239, 00066),
	(04293, '\\0', 9, 239, 00025),
	(04294, '\\0', 44, 239, 00011),
	(04295, '\\0', 36, 239, 00077),
	(04296, '\\0', 39, 239, 00042),
	(04297, '\\0', 24, 239, 00135),
	(04298, '\\0', 28, 239, 00093),
	(04299, '\\0', 4, 239, 00040),
	(04300, '\\0', 29, 239, 00140),
	(04301, '\\0', 33, 239, 00006),
	(04302, '\\0', 20, 239, 00109),
	(04303, '\\0', 45, 240, 00002),
	(04304, '\\0', 45, 240, 00105),
	(04305, '\\0', 15, 240, 00069),
	(04306, '\\0', 31, 240, 00016),
	(04307, '\\0', 12, 240, 00105),
	(04308, '\\0', 24, 240, 00069),
	(04309, '\\0', 33, 240, 00166),
	(04310, '\\0', 11, 240, 00026),
	(04311, '\\0', 22, 240, 00124),
	(04312, '\\0', 37, 240, 00073),
	(04313, '\\0', 36, 240, 00085),
	(04314, '\\0', 45, 240, 00140),
	(04315, '\\0', 49, 240, 00162),
	(04316, '\\0', 14, 240, 00099),
	(04317, '\\0', 42, 240, 00154),
	(04318, '\\0', 8, 240, 00142),
	(04319, '\\0', 29, 240, 00116),
	(04320, '\\0', 46, 240, 00146);
/*!40000 ALTER TABLE `lekcja` ENABLE KEYS */;

-- Zrzut struktury widok id13767441_dziennik.lekcja_full_info
-- Tworzenie tymczasowej tabeli, aby przezwyciężyć błędy z zależnościami w WIDOKU
CREATE TABLE `lekcja_full_info` (
	`lekcja_ID` INT(5) UNSIGNED ZEROFILL NOT NULL,
	`data` DATE NOT NULL,
	`godz_start` TIME NOT NULL,
	`godz_koniec` TIME NOT NULL,
	`klasa_id` INT(2) UNSIGNED ZEROFILL NOT NULL,
	`oddzial` VARCHAR(3) NOT NULL COLLATE 'utf8_polish_ci',
	`sala` INT(2) UNSIGNED NOT NULL,
	`przedmiot` VARCHAR(32) NULL COLLATE 'utf8_polish_ci',
	`imie` VARCHAR(20) NOT NULL COLLATE 'utf8_polish_ci',
	`nazwisko` VARCHAR(30) NOT NULL COLLATE 'utf8_polish_ci',
	`temat` VARCHAR(250) NULL COLLATE 'utf8_polish_ci',
	`nauczyciel_id` INT(2) UNSIGNED ZEROFILL NOT NULL
) ENGINE=MyISAM;

-- Zrzut struktury procedura id13767441_dziennik.lekcje_klasy
DELIMITER //
CREATE PROCEDURE `lekcje_klasy`(
	IN `klasa_id` INT

)
SELECT * 
FROM lekcja_full_info AS l
WHERE l.klasa_id = klasa_id
ORDER BY l.`data`, l.godz_start ASC//
DELIMITER ;

-- Zrzut struktury procedura id13767441_dziennik.lekcje_nauczyciela
DELIMITER //
CREATE PROCEDURE `lekcje_nauczyciela`(
	IN `nauczyciel_id` INT







)
select l.`data`, l.godz_start, l.godz_koniec, l.oddzial,l.sala,l.przedmiot
from nauczyciel_full_info as n
join lekcja_full_info as l on n.ID = l.nauczyciel_id and `l`.`przedmiot` = `n`.`przedmiot`
where n.ID = nauczyciel_id//
DELIMITER ;

-- Zrzut struktury procedura id13767441_dziennik.lista_osob_w_klasie
DELIMITER //
CREATE PROCEDURE `lista_osob_w_klasie`(
	IN `klasa_id` INT
)
SELECT uz.imie AS 'imie', uz.nazwisko AS 'nazwisko', k.oddzial
FROM uczen as u
INNER JOIN klasa as k ON u.klasa_id = k.klasa_ID 
left JOIN uzytkownik as uz ON u.uzytkownik_login = uz.uzytkownik_login
where k.klasa_ID = klasa_id
ORDER BY nazwisko,imie ASC//
DELIMITER ;

-- Zrzut struktury tabela id13767441_dziennik.miejscowosc
CREATE TABLE IF NOT EXISTS `miejscowosc` (
  `miejscowosc_ID` int(3) unsigned zerofill NOT NULL AUTO_INCREMENT,
  `nazwa` varchar(30) COLLATE utf8_polish_ci NOT NULL,
  PRIMARY KEY (`miejscowosc_ID`),
  UNIQUE KEY `ID` (`miejscowosc_ID`)
) ENGINE=InnoDB AUTO_INCREMENT=21 DEFAULT CHARSET=utf8 COLLATE=utf8_polish_ci;

-- Zrzucanie danych dla tabeli id13767441_dziennik.miejscowosc: ~20 rows (około)
/*!40000 ALTER TABLE `miejscowosc` DISABLE KEYS */;
REPLACE INTO `miejscowosc` (`miejscowosc_ID`, `nazwa`) VALUES
	(001, 'Lublin'),
	(002, 'Turka'),
	(003, 'Niemce'),
	(004, 'Nasutów'),
	(005, 'Bogucin'),
	(006, 'Panieńszczyzna'),
	(007, 'Dąbrowica'),
	(008, 'Świdnik'),
	(009, 'Kalinówka'),
	(010, 'Konopnica'),
	(011, 'Motycz'),
	(012, 'Bełżyce'),
	(013, 'Wojciechów'),
	(014, 'Markuszów'),
	(015, 'Nałęczó'),
	(016, 'Kurów'),
	(017, 'Wojciechów'),
	(018, 'Krężnica Jara'),
	(019, 'Piotrowice'),
	(020, 'Syry');
/*!40000 ALTER TABLE `miejscowosc` ENABLE KEYS */;

-- Zrzut struktury tabela id13767441_dziennik.nauczyciel
CREATE TABLE IF NOT EXISTS `nauczyciel` (
  `nauczyciel_ID` int(2) unsigned zerofill NOT NULL AUTO_INCREMENT,
  `uzytkownik_login` varchar(16) COLLATE utf8_polish_ci NOT NULL,
  `nr_tel` char(50) COLLATE utf8_polish_ci DEFAULT NULL,
  `czy_wych` enum('Y','N') COLLATE utf8_polish_ci NOT NULL DEFAULT 'N',
  PRIMARY KEY (`nauczyciel_ID`),
  UNIQUE KEY `ID` (`nauczyciel_ID`),
  UNIQUE KEY `uzytkownik_login` (`uzytkownik_login`),
  CONSTRAINT `FK_nauczyciel_uzytkownik_2` FOREIGN KEY (`uzytkownik_login`) REFERENCES `uzytkownik` (`uzytkownik_login`)
) ENGINE=InnoDB AUTO_INCREMENT=61 DEFAULT CHARSET=utf8 COLLATE=utf8_polish_ci;

-- Zrzucanie danych dla tabeli id13767441_dziennik.nauczyciel: ~60 rows (około)
/*!40000 ALTER TABLE `nauczyciel` DISABLE KEYS */;
REPLACE INTO `nauczyciel` (`nauczyciel_ID`, `uzytkownik_login`, `nr_tel`, `czy_wych`) VALUES
	(01, 'Qq0Nf1Qv9', '697572400', 'Y'),
	(02, 'Bk9We4Oa5', '870272171', 'Y'),
	(03, 'Lv5Nq5Yy7', '381662723', 'Y'),
	(04, 'Ku4Ip0Gr5', '976003765', 'Y'),
	(05, 'Gw0Co0Zz9', '399757461', 'Y'),
	(06, 'Te1Nf0Yf8', '353669099', 'Y'),
	(07, 'Rd9Hv6Mn0', '289063994', 'Y'),
	(08, 'Xh1Qg4Tt4', '202283028', 'Y'),
	(09, 'Gq5Ez6It5', '448146385', 'Y'),
	(10, 'Hl7My5Ce5', '843617506', 'Y'),
	(11, 'Lv4Zt9Nv8', '616092983', 'Y'),
	(12, 'Ia1Mf8Su6', '397463918', 'Y'),
	(13, 'Rs8Oo3Ha0', '253154175', 'Y'),
	(14, 'Nr6Ma8Ws7', '653960499', 'Y'),
	(15, 'Gr4Iv0Yy7', '331910643', 'Y'),
	(16, 'Gi3Bl0Kt8', '905793562', 'Y'),
	(17, 'Kt5Xf4Ck8', '993167775', 'N'),
	(18, 'Ul8Jd7Zw7', '915155000', 'N'),
	(19, 'Xm1Tb1Jz5', '259180200', 'N'),
	(20, 'Gc2Gq4Qu7', '491020802', 'N'),
	(21, 'Tv1Wz1Yv8', '122786074', 'N'),
	(22, 'Nh2Lh3Zn2', '615373613', 'N'),
	(23, 'Rl4Ku6Xc3', '174263355', 'N'),
	(24, 'Yj9Fa1Hs1', '358170342', 'N'),
	(25, 'Xg2Ut3Td9', '704679120', 'N'),
	(26, 'Ws9Yk4Sh9', '222068680', 'N'),
	(27, 'Op8Lc6Tc3', '451913889', 'N'),
	(28, 'Jw7Fr1Bd9', '441365340', 'N'),
	(29, 'Lp0Nw1Ih9', '254910902', 'N'),
	(30, 'Vz4Ts8In6', '598228734', 'N'),
	(31, 'It4Qr0Wm5', '758854736', 'N'),
	(32, 'Ak8Ds6Hg6', '766888155', 'N'),
	(33, 'Eq2Bh3Fx4', '537598442', 'N'),
	(34, 'Ae8Cp6Ox7', '596270177', 'N'),
	(35, 'Gh6Qw8Xy6', '472697230', 'N'),
	(36, 'Ks4Xa4Et0', '707242984', 'N'),
	(37, 'Mc2Un6Nc6', '118130970', 'N'),
	(38, 'Da1Et2Mq6', '843508546', 'N'),
	(39, 'Mx0Ha0Ze1', '568219465', 'N'),
	(40, 'Vo1Nf1Uv6', '864524946', 'N'),
	(41, 'Yh2Ln9Wf0', '241685714', 'N'),
	(42, 'Fy2Wj7Cl0', '355080920', 'N'),
	(43, 'Fp3Cy3Kg7', '626057726', 'N'),
	(44, 'Kz4Ho3Fg4', '584776941', 'N'),
	(45, 'Pe3Bc3Av9', '593954307', 'N'),
	(46, 'Ks1Jt5In0', '158878481', 'N'),
	(47, 'Dp4Ht7Kr6', '212081268', 'N'),
	(48, 'Cb7Zo0Vp2', '703615644', 'N'),
	(49, 'Bt3Pz4Ba3', '760830989', 'N'),
	(50, 'Ma4Md8Mi1', '946707885', 'N'),
	(51, 'Uc0Zz5Th3', '593236793', 'N'),
	(52, 'Ii8Xz5If2', '337221840', 'N'),
	(53, 'Ch3Cl9Yz2', '942079844', 'N'),
	(54, 'Md0Wr0Dj3', '889492893', 'N'),
	(55, 'Hq5No2Wj9', '689690016', 'N'),
	(56, 'Ws3Mn8Zd6', '814715578', 'N'),
	(57, 'Iw9Ce6Uf8', '922718182', 'N'),
	(58, 'Ug8Ld0Qd6', '900105253', 'N'),
	(59, 'Bv6Gl0Av8', '334988571', 'N'),
	(60, 'Yv4Py8Zr5', '935572534', 'N');
/*!40000 ALTER TABLE `nauczyciel` ENABLE KEYS */;

-- Zrzut struktury procedura id13767441_dziennik.nauczyciele_przedmiotu
DELIMITER //
CREATE PROCEDURE `nauczyciele_przedmiotu`(
	IN `przedmiot_nazwa` VARCHAR(32)









)
select np.przedmiot_nazwa, n.imie, n.nazwisko, n.nr_tel, n.email
from nauczyciel_przedmiotu as np
join nauczyciel_full_info as n on np.nauczyciel_id = n.ID and np.przedmiot_nazwa = n.przedmiot
where np.przedmiot_nazwa = przedmiot_nazwa//
DELIMITER ;

-- Zrzut struktury widok id13767441_dziennik.nauczyciel_full_info
-- Tworzenie tymczasowej tabeli, aby przezwyciężyć błędy z zależnościami w WIDOKU
CREATE TABLE `nauczyciel_full_info` (
	`ID` INT(2) UNSIGNED ZEROFILL NOT NULL,
	`nazwisko` VARCHAR(30) NOT NULL COLLATE 'utf8_polish_ci',
	`imie` VARCHAR(20) NOT NULL COLLATE 'utf8_polish_ci',
	`nr_tel` CHAR(50) NULL COLLATE 'utf8_polish_ci',
	`email` VARCHAR(32) NULL COLLATE 'utf8_polish_ci',
	`przedmiot` VARCHAR(32) NULL COLLATE 'utf8_polish_ci',
	`nauczyciel_przedmiotu_ID` INT(3) UNSIGNED ZEROFILL NOT NULL
) ENGINE=MyISAM;

-- Zrzut struktury tabela id13767441_dziennik.nauczyciel_przedmiotu
CREATE TABLE IF NOT EXISTS `nauczyciel_przedmiotu` (
  `nauczyciel_przedmiotu_ID` int(3) unsigned zerofill NOT NULL AUTO_INCREMENT,
  `nauczyciel_id` int(2) unsigned zerofill NOT NULL,
  `przedmiot_nazwa` varchar(32) COLLATE utf8_polish_ci DEFAULT NULL,
  PRIMARY KEY (`nauczyciel_przedmiotu_ID`),
  UNIQUE KEY `ID` (`nauczyciel_przedmiotu_ID`),
  KEY `FK_nauczyciel_przedmiotu_przedmiot` (`przedmiot_nazwa`),
  KEY `FK_nauczyciel_przedmiotu_nauczyciel` (`nauczyciel_id`),
  CONSTRAINT `FK_nauczyciel_przedmiotu_nauczyciel` FOREIGN KEY (`nauczyciel_id`) REFERENCES `nauczyciel` (`nauczyciel_ID`),
  CONSTRAINT `FK_nauczyciel_przedmiotu_przedmiot` FOREIGN KEY (`przedmiot_nazwa`) REFERENCES `przedmiot` (`przedmiot_nazwa`)
) ENGINE=InnoDB AUTO_INCREMENT=67 DEFAULT CHARSET=utf8 COLLATE=utf8_polish_ci;

-- Zrzucanie danych dla tabeli id13767441_dziennik.nauczyciel_przedmiotu: ~66 rows (około)
/*!40000 ALTER TABLE `nauczyciel_przedmiotu` DISABLE KEYS */;
REPLACE INTO `nauczyciel_przedmiotu` (`nauczyciel_przedmiotu_ID`, `nauczyciel_id`, `przedmiot_nazwa`) VALUES
	(001, 01, 'język polski'),
	(002, 02, 'język polski'),
	(003, 03, 'język polski'),
	(004, 04, 'język polski'),
	(005, 05, 'język polski'),
	(006, 06, 'język angielski'),
	(007, 07, 'język angielski'),
	(008, 08, 'język angielski'),
	(009, 09, 'język angielski'),
	(010, 10, 'język angielski'),
	(011, 11, 'język niemiecki'),
	(012, 12, 'język niemiecki'),
	(013, 13, 'język niemiecki'),
	(014, 14, 'język niemiecki'),
	(015, 15, 'język niemiecki'),
	(016, 16, 'podstawy przedsiębiorczości'),
	(017, 17, 'podstawy przedsiębiorczości'),
	(018, 18, 'geografia'),
	(019, 19, 'geografia'),
	(020, 20, 'geografia'),
	(021, 21, 'biologia'),
	(022, 22, 'biologia'),
	(023, 23, 'biologia'),
	(024, 24, 'chemia'),
	(025, 25, 'chemia'),
	(026, 26, 'chemia'),
	(027, 27, 'chemia'),
	(028, 28, 'fizyka'),
	(029, 29, 'fizyka'),
	(030, 30, 'fizyka'),
	(031, 31, 'fizyka'),
	(032, 32, 'fizyka'),
	(033, 33, 'fizyka'),
	(034, 34, 'matematyka'),
	(035, 35, 'matematyka'),
	(036, 36, 'matematyka'),
	(037, 37, 'matematyka'),
	(038, 38, 'matematyka'),
	(039, 39, 'matematyka'),
	(040, 40, 'matematyka'),
	(041, 41, 'matematyka'),
	(042, 42, 'informatyka'),
	(043, 43, 'informatyka'),
	(044, 44, 'informatyka'),
	(045, 45, 'informatyka'),
	(046, 46, 'informatyka'),
	(047, 47, 'informatyka'),
	(048, 48, 'wychowanie fizyczne'),
	(049, 49, 'wychowanie fizyczne'),
	(050, 50, 'wychowanie fizyczne'),
	(051, 51, 'wychowanie fizyczne'),
	(052, 52, 'wychowanie fizyczne'),
	(053, 53, 'wychowanie fizyczne'),
	(054, 54, 'edukacja dla bezpieczeństwa'),
	(055, 55, 'edukacja dla bezpieczeństwa'),
	(056, 56, 'historia'),
	(057, 57, 'historia'),
	(058, 58, 'historia'),
	(059, 59, 'wiedza o społeczeństwie'),
	(060, 60, 'wiedza o społeczeństwie'),
	(061, 56, 'wiedza o społeczeństwie'),
	(062, 56, 'wiedza o kulturze'),
	(063, 57, 'wiedza o kulturze'),
	(064, 58, 'wiedza o kulturze'),
	(065, 01, 'wiedza o kulturze'),
	(066, 02, 'wiedza o kulturze');
/*!40000 ALTER TABLE `nauczyciel_przedmiotu` ENABLE KEYS */;

-- Zrzut struktury tabela id13767441_dziennik.obecnosc
CREATE TABLE IF NOT EXISTS `obecnosc` (
  `obecnosc_ID` int(7) unsigned zerofill NOT NULL AUTO_INCREMENT,
  `status` enum('obecny','nieobecny','spóźniony') COLLATE utf8_polish_ci NOT NULL DEFAULT 'obecny',
  `uczen_id` int(3) unsigned zerofill NOT NULL,
  `lekcja_id` int(5) unsigned zerofill NOT NULL,
  PRIMARY KEY (`obecnosc_ID`),
  UNIQUE KEY `obecność_id` (`obecnosc_ID`) USING BTREE,
  KEY `uczen` (`uczen_id`),
  KEY `lekcja` (`lekcja_id`),
  CONSTRAINT `FK_obecnosc_lekcja` FOREIGN KEY (`lekcja_id`) REFERENCES `lekcja` (`lekcja_ID`),
  CONSTRAINT `FK_obecnosc_uczen` FOREIGN KEY (`uczen_id`) REFERENCES `uczen` (`uczen_ID`)
) ENGINE=InnoDB AUTO_INCREMENT=3026 DEFAULT CHARSET=utf8 COLLATE=utf8_polish_ci;

-- Zrzucanie danych dla tabeli id13767441_dziennik.obecnosc: ~3 025 rows (około)
/*!40000 ALTER TABLE `obecnosc` DISABLE KEYS */;
REPLACE INTO `obecnosc` (`obecnosc_ID`, `status`, `uczen_id`, `lekcja_id`) VALUES
	(0000001, 'spóźniony', 100, 02297),
	(0000002, 'spóźniony', 064, 00438),
	(0000003, 'obecny', 032, 03093),
	(0000004, 'spóźniony', 046, 00896),
	(0000005, 'nieobecny', 015, 03220),
	(0000006, 'nieobecny', 045, 01857),
	(0000007, 'obecny', 028, 00700),
	(0000008, 'obecny', 060, 00823),
	(0000009, 'obecny', 005, 00198),
	(0000010, 'nieobecny', 048, 03570),
	(0000011, 'nieobecny', 024, 01109),
	(0000012, 'obecny', 002, 03863),
	(0000013, 'spóźniony', 021, 01445),
	(0000014, 'nieobecny', 034, 01543),
	(0000015, 'obecny', 046, 01265),
	(0000016, 'spóźniony', 025, 02239),
	(0000017, 'obecny', 017, 03094),
	(0000018, 'spóźniony', 057, 00295),
	(0000019, 'nieobecny', 081, 00323),
	(0000020, 'spóźniony', 073, 00177),
	(0000021, 'spóźniony', 045, 00805),
	(0000022, 'spóźniony', 076, 01775),
	(0000023, 'obecny', 089, 02917),
	(0000024, 'obecny', 085, 03193),
	(0000025, 'nieobecny', 086, 00716),
	(0000026, 'nieobecny', 095, 03089),
	(0000027, 'nieobecny', 020, 00451),
	(0000028, 'nieobecny', 067, 02438),
	(0000029, 'nieobecny', 046, 01688),
	(0000030, 'obecny', 086, 03591),
	(0000031, 'spóźniony', 074, 00794),
	(0000032, 'obecny', 009, 03569),
	(0000033, 'spóźniony', 027, 02775),
	(0000034, 'spóźniony', 020, 03642),
	(0000035, 'nieobecny', 070, 01586),
	(0000036, 'spóźniony', 035, 03229),
	(0000037, 'spóźniony', 095, 00173),
	(0000038, 'spóźniony', 055, 01451),
	(0000039, 'nieobecny', 046, 03253),
	(0000040, 'spóźniony', 030, 02830),
	(0000041, 'spóźniony', 035, 01193),
	(0000042, 'obecny', 086, 00205),
	(0000043, 'spóźniony', 060, 04248),
	(0000044, 'spóźniony', 013, 00810),
	(0000045, 'nieobecny', 078, 02608),
	(0000046, 'obecny', 076, 02436),
	(0000047, 'spóźniony', 044, 03447),
	(0000048, 'spóźniony', 063, 02534),
	(0000049, 'nieobecny', 018, 00843),
	(0000050, 'spóźniony', 004, 04269),
	(0000051, 'obecny', 047, 01963),
	(0000052, 'obecny', 004, 02530),
	(0000053, 'nieobecny', 064, 02787),
	(0000054, 'spóźniony', 089, 03818),
	(0000055, 'obecny', 084, 01281),
	(0000056, 'obecny', 097, 03253),
	(0000057, 'nieobecny', 014, 01167),
	(0000058, 'spóźniony', 037, 02255),
	(0000059, 'spóźniony', 006, 00372),
	(0000060, 'obecny', 006, 02198),
	(0000061, 'spóźniony', 045, 03090),
	(0000062, 'spóźniony', 052, 01550),
	(0000063, 'nieobecny', 033, 04263),
	(0000064, 'nieobecny', 047, 01402),
	(0000065, 'obecny', 048, 02875),
	(0000066, 'obecny', 032, 02682),
	(0000067, 'spóźniony', 083, 00771),
	(0000068, 'nieobecny', 086, 00939),
	(0000069, 'nieobecny', 066, 00480),
	(0000070, 'obecny', 097, 03455),
	(0000071, 'spóźniony', 082, 04128),
	(0000072, 'nieobecny', 022, 00828),
	(0000073, 'obecny', 062, 04284),
	(0000074, 'spóźniony', 064, 02836),
	(0000075, 'obecny', 079, 00651),
	(0000076, 'obecny', 033, 01468),
	(0000077, 'nieobecny', 027, 00502),
	(0000078, 'obecny', 080, 01161),
	(0000079, 'obecny', 084, 00832),
	(0000080, 'spóźniony', 060, 02216),
	(0000081, 'spóźniony', 086, 01942),
	(0000082, 'nieobecny', 083, 03912),
	(0000083, 'obecny', 021, 03071),
	(0000084, 'obecny', 094, 00041),
	(0000085, 'spóźniony', 027, 01513),
	(0000086, 'obecny', 083, 01088),
	(0000087, 'nieobecny', 055, 03681),
	(0000088, 'obecny', 029, 02896),
	(0000089, 'nieobecny', 020, 01041),
	(0000090, 'spóźniony', 030, 02163),
	(0000091, 'nieobecny', 057, 04169),
	(0000092, 'nieobecny', 029, 00227),
	(0000093, 'spóźniony', 038, 00005),
	(0000094, 'obecny', 057, 00239),
	(0000095, 'nieobecny', 058, 00709),
	(0000096, 'nieobecny', 071, 01614),
	(0000097, 'obecny', 057, 00798),
	(0000098, 'obecny', 031, 03628),
	(0000099, 'spóźniony', 079, 00916),
	(0000100, 'nieobecny', 025, 00195),
	(0000101, 'spóźniony', 070, 00448),
	(0000102, 'nieobecny', 083, 02322),
	(0000103, 'obecny', 017, 02042),
	(0000104, 'nieobecny', 061, 01951),
	(0000105, 'nieobecny', 065, 00086),
	(0000106, 'spóźniony', 062, 00355),
	(0000107, 'obecny', 087, 02645),
	(0000108, 'nieobecny', 033, 04013),
	(0000109, 'obecny', 041, 00813),
	(0000110, 'spóźniony', 050, 00627),
	(0000111, 'obecny', 016, 00798),
	(0000112, 'spóźniony', 097, 00945),
	(0000113, 'spóźniony', 009, 02847),
	(0000114, 'obecny', 013, 03652),
	(0000115, 'spóźniony', 044, 03699),
	(0000116, 'nieobecny', 097, 01294),
	(0000117, 'spóźniony', 038, 02911),
	(0000118, 'nieobecny', 036, 01475),
	(0000119, 'nieobecny', 038, 02926),
	(0000120, 'nieobecny', 058, 02924),
	(0000121, 'spóźniony', 066, 02134),
	(0000122, 'spóźniony', 025, 00269),
	(0000123, 'spóźniony', 038, 01139),
	(0000124, 'spóźniony', 029, 02230),
	(0000125, 'nieobecny', 065, 04225),
	(0000126, 'obecny', 077, 00004),
	(0000127, 'obecny', 077, 01515),
	(0000128, 'obecny', 022, 02615),
	(0000129, 'obecny', 099, 00584),
	(0000130, 'nieobecny', 090, 00078),
	(0000131, 'obecny', 055, 02161),
	(0000132, 'obecny', 059, 00606),
	(0000133, 'spóźniony', 019, 02097),
	(0000134, 'nieobecny', 027, 01332),
	(0000135, 'nieobecny', 069, 02122),
	(0000136, 'obecny', 019, 00283),
	(0000137, 'nieobecny', 014, 04176),
	(0000138, 'spóźniony', 008, 02006),
	(0000139, 'nieobecny', 066, 03387),
	(0000140, 'obecny', 074, 00004),
	(0000141, 'obecny', 082, 02408),
	(0000142, 'spóźniony', 072, 03157),
	(0000143, 'spóźniony', 086, 03012),
	(0000144, 'spóźniony', 055, 03416),
	(0000145, 'spóźniony', 026, 02855),
	(0000146, 'spóźniony', 041, 00332),
	(0000147, 'obecny', 068, 01210),
	(0000148, 'obecny', 023, 02118),
	(0000149, 'obecny', 052, 02257),
	(0000150, 'obecny', 093, 02737),
	(0000151, 'nieobecny', 055, 01762),
	(0000152, 'obecny', 062, 00002),
	(0000153, 'nieobecny', 007, 01792),
	(0000154, 'spóźniony', 087, 02186),
	(0000155, 'obecny', 075, 03476),
	(0000156, 'nieobecny', 062, 00982),
	(0000157, 'spóźniony', 071, 01111),
	(0000158, 'spóźniony', 090, 01123),
	(0000159, 'spóźniony', 065, 00800),
	(0000160, 'obecny', 098, 01825),
	(0000161, 'spóźniony', 041, 02120),
	(0000162, 'spóźniony', 060, 03216),
	(0000163, 'spóźniony', 100, 04013),
	(0000164, 'nieobecny', 060, 02812),
	(0000165, 'spóźniony', 029, 03450),
	(0000166, 'spóźniony', 084, 01763),
	(0000167, 'obecny', 099, 03108),
	(0000168, 'spóźniony', 023, 00208),
	(0000169, 'nieobecny', 068, 01004),
	(0000170, 'nieobecny', 018, 00966),
	(0000171, 'obecny', 077, 03581),
	(0000172, 'obecny', 070, 00309),
	(0000173, 'obecny', 051, 02565),
	(0000174, 'nieobecny', 038, 00349),
	(0000175, 'obecny', 052, 00207),
	(0000176, 'nieobecny', 046, 04228),
	(0000177, 'spóźniony', 079, 04219),
	(0000178, 'obecny', 046, 02492),
	(0000179, 'nieobecny', 019, 03912),
	(0000180, 'spóźniony', 020, 04081),
	(0000181, 'obecny', 020, 03119),
	(0000182, 'spóźniony', 030, 04046),
	(0000183, 'nieobecny', 027, 03087),
	(0000184, 'spóźniony', 040, 02742),
	(0000185, 'nieobecny', 045, 04241),
	(0000186, 'nieobecny', 051, 03711),
	(0000187, 'obecny', 082, 01190),
	(0000188, 'obecny', 007, 01321),
	(0000189, 'obecny', 011, 03842),
	(0000190, 'obecny', 022, 02238),
	(0000191, 'spóźniony', 049, 02384),
	(0000192, 'spóźniony', 077, 02058),
	(0000193, 'spóźniony', 011, 03390),
	(0000194, 'spóźniony', 060, 01563),
	(0000195, 'spóźniony', 069, 03413),
	(0000196, 'spóźniony', 023, 01725),
	(0000197, 'spóźniony', 045, 03277),
	(0000198, 'nieobecny', 048, 00567),
	(0000199, 'nieobecny', 015, 04300),
	(0000200, 'spóźniony', 047, 00393),
	(0000201, 'obecny', 009, 03685),
	(0000202, 'obecny', 058, 01073),
	(0000203, 'nieobecny', 070, 03645),
	(0000204, 'obecny', 036, 02888),
	(0000205, 'spóźniony', 083, 02678),
	(0000206, 'obecny', 009, 00871),
	(0000207, 'spóźniony', 076, 00393),
	(0000208, 'nieobecny', 098, 00670),
	(0000209, 'nieobecny', 014, 00609),
	(0000210, 'obecny', 069, 01090),
	(0000211, 'nieobecny', 033, 00710),
	(0000212, 'spóźniony', 048, 00408),
	(0000213, 'obecny', 086, 03068),
	(0000214, 'obecny', 065, 01224),
	(0000215, 'spóźniony', 005, 04106),
	(0000216, 'nieobecny', 057, 01852),
	(0000217, 'nieobecny', 085, 03821),
	(0000218, 'spóźniony', 082, 00699),
	(0000219, 'nieobecny', 085, 01118),
	(0000220, 'obecny', 049, 01474),
	(0000221, 'nieobecny', 023, 00653),
	(0000222, 'nieobecny', 066, 02336),
	(0000223, 'obecny', 100, 03449),
	(0000224, 'spóźniony', 091, 00853),
	(0000225, 'obecny', 024, 02009),
	(0000226, 'obecny', 003, 00525),
	(0000227, 'spóźniony', 015, 01212),
	(0000228, 'obecny', 051, 00384),
	(0000229, 'nieobecny', 047, 01183),
	(0000230, 'obecny', 083, 03322),
	(0000231, 'spóźniony', 085, 01948),
	(0000232, 'nieobecny', 027, 00596),
	(0000233, 'obecny', 081, 03244),
	(0000234, 'obecny', 010, 04316),
	(0000235, 'obecny', 076, 01392),
	(0000236, 'nieobecny', 018, 01656),
	(0000237, 'spóźniony', 039, 00528),
	(0000238, 'nieobecny', 076, 00929),
	(0000239, 'spóźniony', 003, 01280),
	(0000240, 'spóźniony', 001, 02290),
	(0000241, 'spóźniony', 078, 03895),
	(0000242, 'obecny', 043, 03305),
	(0000243, 'spóźniony', 057, 01086),
	(0000244, 'obecny', 012, 04018),
	(0000245, 'spóźniony', 076, 01987),
	(0000246, 'spóźniony', 019, 02905),
	(0000247, 'obecny', 097, 04020),
	(0000248, 'nieobecny', 016, 01499),
	(0000249, 'nieobecny', 039, 03345),
	(0000250, 'obecny', 096, 03095),
	(0000251, 'nieobecny', 068, 03982),
	(0000252, 'spóźniony', 017, 01222),
	(0000253, 'nieobecny', 018, 01611),
	(0000254, 'spóźniony', 052, 00416),
	(0000255, 'obecny', 021, 01573),
	(0000256, 'nieobecny', 066, 02341),
	(0000257, 'spóźniony', 063, 01629),
	(0000258, 'nieobecny', 077, 02871),
	(0000259, 'spóźniony', 045, 01725),
	(0000260, 'obecny', 095, 02396),
	(0000261, 'spóźniony', 078, 03251),
	(0000262, 'obecny', 082, 00247),
	(0000263, 'spóźniony', 048, 02329),
	(0000264, 'obecny', 009, 03500),
	(0000265, 'nieobecny', 088, 01557),
	(0000266, 'nieobecny', 002, 04285),
	(0000267, 'spóźniony', 065, 03171),
	(0000268, 'nieobecny', 016, 00048),
	(0000269, 'spóźniony', 046, 03430),
	(0000270, 'obecny', 092, 02129),
	(0000271, 'spóźniony', 015, 00162),
	(0000272, 'nieobecny', 057, 01353),
	(0000273, 'obecny', 080, 02252),
	(0000274, 'obecny', 068, 02034),
	(0000275, 'obecny', 023, 00510),
	(0000276, 'obecny', 073, 01434),
	(0000277, 'spóźniony', 053, 00670),
	(0000278, 'obecny', 052, 03123),
	(0000279, 'obecny', 003, 01748),
	(0000280, 'spóźniony', 046, 03754),
	(0000281, 'obecny', 050, 03986),
	(0000282, 'spóźniony', 032, 03790),
	(0000283, 'obecny', 023, 02084),
	(0000284, 'nieobecny', 049, 01270),
	(0000285, 'obecny', 062, 03224),
	(0000286, 'spóźniony', 047, 01103),
	(0000287, 'spóźniony', 015, 01139),
	(0000288, 'obecny', 075, 02601),
	(0000289, 'nieobecny', 085, 01243),
	(0000290, 'obecny', 080, 01667),
	(0000291, 'obecny', 037, 03368),
	(0000292, 'nieobecny', 084, 03345),
	(0000293, 'nieobecny', 094, 03838),
	(0000294, 'nieobecny', 092, 03690),
	(0000295, 'obecny', 005, 01857),
	(0000296, 'obecny', 072, 01554),
	(0000297, 'spóźniony', 019, 00260),
	(0000298, 'spóźniony', 062, 03375),
	(0000299, 'nieobecny', 038, 01532),
	(0000300, 'nieobecny', 059, 01135),
	(0000301, 'spóźniony', 018, 04266),
	(0000302, 'nieobecny', 064, 03464),
	(0000303, 'nieobecny', 041, 01633),
	(0000304, 'spóźniony', 029, 00222),
	(0000305, 'spóźniony', 049, 02136),
	(0000306, 'obecny', 093, 02241),
	(0000307, 'spóźniony', 075, 00154),
	(0000308, 'obecny', 002, 03924),
	(0000309, 'nieobecny', 084, 00969),
	(0000310, 'nieobecny', 034, 01498),
	(0000311, 'obecny', 077, 01972),
	(0000312, 'nieobecny', 011, 02039),
	(0000313, 'spóźniony', 086, 00463),
	(0000314, 'obecny', 053, 02127),
	(0000315, 'obecny', 072, 01741),
	(0000316, 'spóźniony', 075, 01897),
	(0000317, 'spóźniony', 095, 03397),
	(0000318, 'obecny', 032, 00643),
	(0000319, 'obecny', 014, 01480),
	(0000320, 'nieobecny', 100, 00277),
	(0000321, 'nieobecny', 097, 01087),
	(0000322, 'nieobecny', 076, 02103),
	(0000323, 'obecny', 072, 03931),
	(0000324, 'obecny', 066, 01060),
	(0000325, 'obecny', 076, 03009),
	(0000326, 'nieobecny', 056, 04114),
	(0000327, 'nieobecny', 090, 00181),
	(0000328, 'spóźniony', 021, 00534),
	(0000329, 'obecny', 048, 00926),
	(0000330, 'nieobecny', 037, 01182),
	(0000331, 'nieobecny', 088, 00840),
	(0000332, 'nieobecny', 055, 00622),
	(0000333, 'obecny', 005, 02664),
	(0000334, 'obecny', 007, 01580),
	(0000335, 'spóźniony', 062, 04218),
	(0000336, 'obecny', 040, 00592),
	(0000337, 'spóźniony', 065, 00126),
	(0000338, 'spóźniony', 046, 02142),
	(0000339, 'obecny', 007, 00796),
	(0000340, 'nieobecny', 083, 00199),
	(0000341, 'nieobecny', 057, 02801),
	(0000342, 'obecny', 026, 01635),
	(0000343, 'obecny', 032, 02979),
	(0000344, 'nieobecny', 007, 03321),
	(0000345, 'spóźniony', 010, 02963),
	(0000346, 'obecny', 085, 01575),
	(0000347, 'nieobecny', 078, 00083),
	(0000348, 'spóźniony', 014, 04172),
	(0000349, 'nieobecny', 065, 03257),
	(0000350, 'nieobecny', 063, 00528),
	(0000351, 'nieobecny', 026, 03002),
	(0000352, 'spóźniony', 078, 00229),
	(0000353, 'obecny', 002, 04237),
	(0000354, 'spóźniony', 043, 02717),
	(0000355, 'obecny', 091, 03307),
	(0000356, 'nieobecny', 030, 02298),
	(0000357, 'spóźniony', 100, 01657),
	(0000358, 'spóźniony', 089, 03733),
	(0000359, 'nieobecny', 054, 02491),
	(0000360, 'nieobecny', 010, 01690),
	(0000361, 'spóźniony', 090, 00261),
	(0000362, 'spóźniony', 065, 02301),
	(0000363, 'obecny', 072, 00889),
	(0000364, 'obecny', 075, 02730),
	(0000365, 'nieobecny', 088, 03710),
	(0000366, 'nieobecny', 027, 02015),
	(0000367, 'spóźniony', 011, 03131),
	(0000368, 'obecny', 010, 01654),
	(0000369, 'obecny', 010, 03687),
	(0000370, 'obecny', 025, 00724),
	(0000371, 'nieobecny', 014, 03358),
	(0000372, 'spóźniony', 087, 02107),
	(0000373, 'nieobecny', 093, 03239),
	(0000374, 'obecny', 031, 03084),
	(0000375, 'obecny', 024, 00048),
	(0000376, 'obecny', 061, 02934),
	(0000377, 'spóźniony', 009, 04109),
	(0000378, 'obecny', 031, 02366),
	(0000379, 'spóźniony', 028, 03934),
	(0000380, 'nieobecny', 024, 00140),
	(0000381, 'spóźniony', 036, 02071),
	(0000382, 'obecny', 062, 00275),
	(0000383, 'spóźniony', 078, 02172),
	(0000384, 'spóźniony', 088, 03561),
	(0000385, 'obecny', 080, 00362),
	(0000386, 'spóźniony', 037, 03839),
	(0000387, 'nieobecny', 011, 03631),
	(0000388, 'obecny', 060, 01300),
	(0000389, 'obecny', 062, 00127),
	(0000390, 'spóźniony', 061, 02895),
	(0000391, 'nieobecny', 094, 02374),
	(0000392, 'spóźniony', 032, 03913),
	(0000393, 'obecny', 033, 01253),
	(0000394, 'nieobecny', 027, 04065),
	(0000395, 'obecny', 017, 01167),
	(0000396, 'spóźniony', 019, 01238),
	(0000397, 'nieobecny', 008, 00233),
	(0000398, 'nieobecny', 042, 03618),
	(0000399, 'spóźniony', 019, 04050),
	(0000400, 'obecny', 073, 03767),
	(0000401, 'obecny', 031, 00056),
	(0000402, 'nieobecny', 037, 02809),
	(0000403, 'spóźniony', 061, 03024),
	(0000404, 'nieobecny', 029, 01815),
	(0000405, 'spóźniony', 029, 00560),
	(0000406, 'nieobecny', 012, 00003),
	(0000407, 'spóźniony', 047, 02226),
	(0000408, 'spóźniony', 030, 02693),
	(0000409, 'obecny', 007, 03458),
	(0000410, 'nieobecny', 027, 04119),
	(0000411, 'spóźniony', 039, 01387),
	(0000412, 'spóźniony', 031, 02544),
	(0000413, 'nieobecny', 030, 01086),
	(0000414, 'nieobecny', 025, 02387),
	(0000415, 'spóźniony', 066, 04097),
	(0000416, 'spóźniony', 064, 00372),
	(0000417, 'obecny', 085, 00735),
	(0000418, 'nieobecny', 016, 00898),
	(0000419, 'nieobecny', 081, 03278),
	(0000420, 'spóźniony', 069, 00833),
	(0000421, 'obecny', 045, 03540),
	(0000422, 'spóźniony', 066, 01470),
	(0000423, 'obecny', 083, 03777),
	(0000424, 'obecny', 024, 00049),
	(0000425, 'nieobecny', 001, 02221),
	(0000426, 'nieobecny', 052, 02138),
	(0000427, 'spóźniony', 064, 00287),
	(0000428, 'obecny', 100, 01525),
	(0000429, 'obecny', 033, 00729),
	(0000430, 'nieobecny', 088, 04030),
	(0000431, 'obecny', 002, 02457),
	(0000432, 'spóźniony', 092, 01058),
	(0000433, 'obecny', 024, 03060),
	(0000434, 'spóźniony', 016, 03776),
	(0000435, 'spóźniony', 017, 01824),
	(0000436, 'nieobecny', 048, 04317),
	(0000437, 'nieobecny', 014, 00347),
	(0000438, 'obecny', 043, 01119),
	(0000439, 'spóźniony', 056, 02812),
	(0000440, 'spóźniony', 084, 03585),
	(0000441, 'nieobecny', 003, 01590),
	(0000442, 'nieobecny', 047, 01757),
	(0000443, 'spóźniony', 061, 01477),
	(0000444, 'spóźniony', 039, 02101),
	(0000445, 'obecny', 018, 03998),
	(0000446, 'obecny', 023, 00533),
	(0000447, 'obecny', 087, 02467),
	(0000448, 'spóźniony', 036, 03506),
	(0000449, 'obecny', 100, 00337),
	(0000450, 'obecny', 055, 01305),
	(0000451, 'nieobecny', 002, 01911),
	(0000452, 'spóźniony', 095, 01348),
	(0000453, 'obecny', 058, 03387),
	(0000454, 'spóźniony', 084, 02983),
	(0000455, 'nieobecny', 035, 02705),
	(0000456, 'obecny', 078, 03996),
	(0000457, 'nieobecny', 066, 01105),
	(0000458, 'nieobecny', 046, 02606),
	(0000459, 'obecny', 059, 02551),
	(0000460, 'spóźniony', 051, 01974),
	(0000461, 'nieobecny', 076, 03234),
	(0000462, 'spóźniony', 023, 00214),
	(0000463, 'obecny', 047, 00534),
	(0000464, 'spóźniony', 082, 02732),
	(0000465, 'obecny', 062, 02375),
	(0000466, 'obecny', 094, 02077),
	(0000467, 'spóźniony', 092, 01654),
	(0000468, 'obecny', 044, 02336),
	(0000469, 'obecny', 048, 03504),
	(0000470, 'obecny', 087, 01276),
	(0000471, 'spóźniony', 095, 04183),
	(0000472, 'nieobecny', 081, 01781),
	(0000473, 'obecny', 064, 03788),
	(0000474, 'obecny', 039, 01463),
	(0000475, 'nieobecny', 094, 01389),
	(0000476, 'obecny', 100, 03543),
	(0000477, 'nieobecny', 033, 03601),
	(0000478, 'obecny', 089, 01656),
	(0000479, 'nieobecny', 035, 02645),
	(0000480, 'nieobecny', 065, 01266),
	(0000481, 'obecny', 013, 03578),
	(0000482, 'obecny', 045, 01799),
	(0000483, 'nieobecny', 053, 00038),
	(0000484, 'obecny', 100, 02872),
	(0000485, 'obecny', 020, 02269),
	(0000486, 'spóźniony', 099, 01262),
	(0000487, 'nieobecny', 050, 04104),
	(0000488, 'obecny', 061, 03740),
	(0000489, 'spóźniony', 096, 00246),
	(0000490, 'obecny', 069, 00086),
	(0000491, 'obecny', 044, 03645),
	(0000492, 'nieobecny', 089, 00159),
	(0000493, 'spóźniony', 028, 03265),
	(0000494, 'spóźniony', 068, 00526),
	(0000495, 'obecny', 063, 01942),
	(0000496, 'obecny', 001, 03969),
	(0000497, 'obecny', 011, 01629),
	(0000498, 'obecny', 080, 03233),
	(0000499, 'obecny', 069, 03325),
	(0000500, 'spóźniony', 095, 01291),
	(0000501, 'obecny', 057, 02554),
	(0000502, 'spóźniony', 096, 00148),
	(0000503, 'obecny', 044, 04078),
	(0000504, 'obecny', 067, 03410),
	(0000505, 'spóźniony', 032, 03956),
	(0000506, 'spóźniony', 002, 03977),
	(0000507, 'obecny', 018, 03222),
	(0000508, 'spóźniony', 026, 03483),
	(0000509, 'nieobecny', 019, 00942),
	(0000510, 'obecny', 004, 01704),
	(0000511, 'spóźniony', 095, 03108),
	(0000512, 'nieobecny', 014, 01817),
	(0000513, 'nieobecny', 055, 00333),
	(0000514, 'spóźniony', 056, 01257),
	(0000515, 'spóźniony', 037, 00086),
	(0000516, 'obecny', 078, 02943),
	(0000517, 'obecny', 057, 00476),
	(0000518, 'spóźniony', 052, 03807),
	(0000519, 'nieobecny', 095, 00386),
	(0000520, 'spóźniony', 092, 03036),
	(0000521, 'nieobecny', 046, 02540),
	(0000522, 'spóźniony', 008, 02405),
	(0000523, 'nieobecny', 071, 02431),
	(0000524, 'spóźniony', 003, 02016),
	(0000525, 'nieobecny', 092, 00722),
	(0000526, 'spóźniony', 077, 04214),
	(0000527, 'obecny', 064, 01080),
	(0000528, 'obecny', 057, 03983),
	(0000529, 'spóźniony', 020, 04305),
	(0000530, 'nieobecny', 006, 02731),
	(0000531, 'obecny', 081, 00980),
	(0000532, 'nieobecny', 014, 00618),
	(0000533, 'nieobecny', 094, 03921),
	(0000534, 'obecny', 048, 02280),
	(0000535, 'spóźniony', 063, 02839),
	(0000536, 'spóźniony', 016, 03996),
	(0000537, 'spóźniony', 020, 02839),
	(0000538, 'nieobecny', 052, 03269),
	(0000539, 'spóźniony', 030, 02313),
	(0000540, 'obecny', 053, 00936),
	(0000541, 'spóźniony', 099, 00390),
	(0000542, 'obecny', 067, 03416),
	(0000543, 'spóźniony', 061, 02474),
	(0000544, 'obecny', 022, 03042),
	(0000545, 'obecny', 025, 02887),
	(0000546, 'spóźniony', 073, 01955),
	(0000547, 'nieobecny', 026, 02662),
	(0000548, 'spóźniony', 093, 01829),
	(0000549, 'nieobecny', 043, 02951),
	(0000550, 'obecny', 095, 01859),
	(0000551, 'spóźniony', 016, 00541),
	(0000552, 'obecny', 006, 03248),
	(0000553, 'nieobecny', 064, 02440),
	(0000554, 'nieobecny', 097, 03780),
	(0000555, 'obecny', 023, 00515),
	(0000556, 'spóźniony', 096, 02874),
	(0000557, 'nieobecny', 040, 00513),
	(0000558, 'spóźniony', 009, 03271),
	(0000559, 'spóźniony', 023, 02822),
	(0000560, 'spóźniony', 023, 03246),
	(0000561, 'obecny', 059, 04251),
	(0000562, 'obecny', 040, 02337),
	(0000563, 'nieobecny', 024, 03296),
	(0000564, 'spóźniony', 076, 01305),
	(0000565, 'spóźniony', 003, 02199),
	(0000566, 'spóźniony', 051, 03230),
	(0000567, 'spóźniony', 071, 00665),
	(0000568, 'nieobecny', 065, 03698),
	(0000569, 'spóźniony', 065, 03081),
	(0000570, 'obecny', 085, 04193),
	(0000571, 'obecny', 075, 01908),
	(0000572, 'nieobecny', 018, 02763),
	(0000573, 'spóźniony', 084, 00501),
	(0000574, 'nieobecny', 055, 00940),
	(0000575, 'obecny', 002, 01390),
	(0000576, 'spóźniony', 017, 00549),
	(0000577, 'obecny', 086, 00309),
	(0000578, 'nieobecny', 062, 01104),
	(0000579, 'nieobecny', 067, 00471),
	(0000580, 'nieobecny', 023, 01251),
	(0000581, 'nieobecny', 091, 01463),
	(0000582, 'spóźniony', 097, 02407),
	(0000583, 'nieobecny', 035, 02332),
	(0000584, 'obecny', 069, 01235),
	(0000585, 'spóźniony', 056, 02020),
	(0000586, 'spóźniony', 090, 01828),
	(0000587, 'spóźniony', 040, 01582),
	(0000588, 'obecny', 048, 04066),
	(0000589, 'spóźniony', 061, 03672),
	(0000590, 'nieobecny', 067, 02574),
	(0000591, 'spóźniony', 035, 00024),
	(0000592, 'obecny', 074, 02570),
	(0000593, 'nieobecny', 050, 02517),
	(0000594, 'nieobecny', 018, 02365),
	(0000595, 'nieobecny', 093, 01198),
	(0000596, 'nieobecny', 012, 02154),
	(0000597, 'nieobecny', 006, 04320),
	(0000598, 'nieobecny', 033, 01314),
	(0000599, 'spóźniony', 053, 04192),
	(0000600, 'nieobecny', 021, 01478),
	(0000601, 'spóźniony', 004, 04211),
	(0000602, 'nieobecny', 017, 03881),
	(0000603, 'spóźniony', 015, 00869),
	(0000604, 'nieobecny', 054, 00759),
	(0000605, 'nieobecny', 064, 03832),
	(0000606, 'spóźniony', 030, 01843),
	(0000607, 'nieobecny', 067, 01867),
	(0000608, 'nieobecny', 093, 03427),
	(0000609, 'spóźniony', 088, 02782),
	(0000610, 'obecny', 053, 02921),
	(0000611, 'nieobecny', 079, 03659),
	(0000612, 'nieobecny', 001, 03267),
	(0000613, 'nieobecny', 046, 04130),
	(0000614, 'nieobecny', 049, 01372),
	(0000615, 'spóźniony', 081, 00176),
	(0000616, 'spóźniony', 032, 01784),
	(0000617, 'spóźniony', 015, 03944),
	(0000618, 'spóźniony', 042, 00400),
	(0000619, 'nieobecny', 040, 00167),
	(0000620, 'spóźniony', 011, 00123),
	(0000621, 'obecny', 021, 00255),
	(0000622, 'spóźniony', 016, 02378),
	(0000623, 'nieobecny', 076, 01098),
	(0000624, 'spóźniony', 094, 00544),
	(0000625, 'spóźniony', 086, 02226),
	(0000626, 'spóźniony', 047, 01647),
	(0000627, 'obecny', 069, 01588),
	(0000628, 'spóźniony', 098, 00600),
	(0000629, 'nieobecny', 071, 00667),
	(0000630, 'nieobecny', 040, 01038),
	(0000631, 'obecny', 097, 03689),
	(0000632, 'obecny', 033, 01937),
	(0000633, 'obecny', 062, 00723),
	(0000634, 'nieobecny', 071, 03841),
	(0000635, 'obecny', 065, 02535),
	(0000636, 'spóźniony', 049, 01609),
	(0000637, 'obecny', 029, 01173),
	(0000638, 'spóźniony', 053, 04224),
	(0000639, 'nieobecny', 038, 01318),
	(0000640, 'nieobecny', 058, 03798),
	(0000641, 'spóźniony', 020, 02813),
	(0000642, 'spóźniony', 088, 03780),
	(0000643, 'obecny', 003, 02119),
	(0000644, 'spóźniony', 011, 01301),
	(0000645, 'obecny', 098, 02703),
	(0000646, 'obecny', 022, 02575),
	(0000647, 'nieobecny', 014, 04206),
	(0000648, 'obecny', 022, 03877),
	(0000649, 'obecny', 027, 01321),
	(0000650, 'spóźniony', 089, 02986),
	(0000651, 'spóźniony', 026, 01335),
	(0000652, 'obecny', 034, 01157),
	(0000653, 'nieobecny', 017, 01811),
	(0000654, 'spóźniony', 085, 00679),
	(0000655, 'nieobecny', 009, 03977),
	(0000656, 'nieobecny', 007, 03095),
	(0000657, 'spóźniony', 100, 01557),
	(0000658, 'obecny', 037, 01903),
	(0000659, 'nieobecny', 011, 02740),
	(0000660, 'obecny', 001, 01907),
	(0000661, 'obecny', 005, 01316),
	(0000662, 'obecny', 036, 01067),
	(0000663, 'spóźniony', 035, 01242),
	(0000664, 'obecny', 052, 02987),
	(0000665, 'nieobecny', 063, 03570),
	(0000666, 'spóźniony', 005, 00227),
	(0000667, 'obecny', 024, 02443),
	(0000668, 'obecny', 029, 01516),
	(0000669, 'nieobecny', 003, 00297),
	(0000670, 'spóźniony', 006, 02841),
	(0000671, 'nieobecny', 014, 02877),
	(0000672, 'nieobecny', 093, 02748),
	(0000673, 'obecny', 057, 01355),
	(0000674, 'obecny', 006, 01859),
	(0000675, 'spóźniony', 094, 01791),
	(0000676, 'nieobecny', 085, 02335),
	(0000677, 'nieobecny', 006, 02103),
	(0000678, 'spóźniony', 010, 02909),
	(0000679, 'obecny', 003, 03170),
	(0000680, 'nieobecny', 034, 03511),
	(0000681, 'nieobecny', 050, 04144),
	(0000682, 'spóźniony', 084, 00377),
	(0000683, 'nieobecny', 100, 00932),
	(0000684, 'nieobecny', 096, 02498),
	(0000685, 'spóźniony', 017, 02754),
	(0000686, 'spóźniony', 048, 02034),
	(0000687, 'obecny', 018, 03731),
	(0000688, 'obecny', 090, 01413),
	(0000689, 'spóźniony', 033, 01385),
	(0000690, 'nieobecny', 060, 01710),
	(0000691, 'spóźniony', 096, 02102),
	(0000692, 'obecny', 079, 02567),
	(0000693, 'nieobecny', 049, 00666),
	(0000694, 'nieobecny', 015, 02866),
	(0000695, 'obecny', 049, 01498),
	(0000696, 'obecny', 066, 01187),
	(0000697, 'nieobecny', 091, 00922),
	(0000698, 'nieobecny', 080, 00522),
	(0000699, 'nieobecny', 080, 02545),
	(0000700, 'nieobecny', 035, 01966),
	(0000701, 'nieobecny', 098, 01411),
	(0000702, 'spóźniony', 041, 00418),
	(0000703, 'nieobecny', 007, 02096),
	(0000704, 'obecny', 076, 00703),
	(0000705, 'spóźniony', 070, 04136),
	(0000706, 'nieobecny', 067, 03025),
	(0000707, 'obecny', 035, 02498),
	(0000708, 'spóźniony', 032, 03565),
	(0000709, 'spóźniony', 002, 01051),
	(0000710, 'spóźniony', 078, 03492),
	(0000711, 'obecny', 053, 02290),
	(0000712, 'obecny', 096, 00175),
	(0000713, 'spóźniony', 054, 04053),
	(0000714, 'obecny', 032, 01998),
	(0000715, 'obecny', 075, 03623),
	(0000716, 'spóźniony', 003, 00983),
	(0000717, 'spóźniony', 026, 04295),
	(0000718, 'obecny', 095, 03200),
	(0000719, 'obecny', 053, 01956),
	(0000720, 'spóźniony', 026, 00508),
	(0000721, 'obecny', 044, 01728),
	(0000722, 'spóźniony', 039, 03136),
	(0000723, 'obecny', 017, 01509),
	(0000724, 'nieobecny', 089, 01689),
	(0000725, 'obecny', 057, 03014),
	(0000726, 'spóźniony', 092, 02090),
	(0000727, 'nieobecny', 045, 04188),
	(0000728, 'nieobecny', 058, 03183),
	(0000729, 'obecny', 044, 00735),
	(0000730, 'nieobecny', 017, 03230),
	(0000731, 'obecny', 050, 00433),
	(0000732, 'spóźniony', 027, 02108),
	(0000733, 'nieobecny', 024, 00924),
	(0000734, 'obecny', 065, 02864),
	(0000735, 'obecny', 029, 02367),
	(0000736, 'obecny', 060, 02795),
	(0000737, 'spóźniony', 066, 03742),
	(0000738, 'spóźniony', 088, 01099),
	(0000739, 'spóźniony', 034, 02707),
	(0000740, 'obecny', 060, 02003),
	(0000741, 'spóźniony', 088, 01855),
	(0000742, 'nieobecny', 012, 03221),
	(0000743, 'obecny', 050, 02576),
	(0000744, 'spóźniony', 005, 01091),
	(0000745, 'nieobecny', 033, 02723),
	(0000746, 'obecny', 090, 00630),
	(0000747, 'obecny', 015, 02649),
	(0000748, 'nieobecny', 029, 00444),
	(0000749, 'obecny', 082, 00558),
	(0000750, 'obecny', 067, 00682),
	(0000751, 'spóźniony', 023, 00606),
	(0000752, 'obecny', 022, 04304),
	(0000753, 'spóźniony', 042, 02325),
	(0000754, 'obecny', 008, 00396),
	(0000755, 'obecny', 082, 04294),
	(0000756, 'obecny', 082, 03887),
	(0000757, 'obecny', 075, 03076),
	(0000758, 'nieobecny', 029, 03377),
	(0000759, 'obecny', 094, 00299),
	(0000760, 'spóźniony', 098, 04026),
	(0000761, 'obecny', 010, 01931),
	(0000762, 'spóźniony', 008, 01994),
	(0000763, 'spóźniony', 086, 04263),
	(0000764, 'obecny', 036, 02305),
	(0000765, 'obecny', 066, 04172),
	(0000766, 'nieobecny', 025, 00915),
	(0000767, 'nieobecny', 098, 01153),
	(0000768, 'nieobecny', 087, 03876),
	(0000769, 'nieobecny', 092, 00902),
	(0000770, 'spóźniony', 082, 03740),
	(0000771, 'spóźniony', 057, 01966),
	(0000772, 'spóźniony', 011, 00111),
	(0000773, 'spóźniony', 018, 00124),
	(0000774, 'nieobecny', 069, 01901),
	(0000775, 'spóźniony', 052, 03459),
	(0000776, 'spóźniony', 068, 03057),
	(0000777, 'spóźniony', 008, 03211),
	(0000778, 'nieobecny', 003, 00269),
	(0000779, 'nieobecny', 082, 00691),
	(0000780, 'spóźniony', 058, 02820),
	(0000781, 'spóźniony', 007, 00906),
	(0000782, 'nieobecny', 038, 01258),
	(0000783, 'obecny', 044, 02177),
	(0000784, 'nieobecny', 001, 01531),
	(0000785, 'obecny', 052, 00958),
	(0000786, 'nieobecny', 012, 02420),
	(0000787, 'spóźniony', 007, 00366),
	(0000788, 'nieobecny', 083, 00991),
	(0000789, 'spóźniony', 097, 00015),
	(0000790, 'obecny', 044, 02944),
	(0000791, 'nieobecny', 048, 02802),
	(0000792, 'spóźniony', 075, 00269),
	(0000793, 'nieobecny', 060, 03786),
	(0000794, 'nieobecny', 098, 01791),
	(0000795, 'spóźniony', 005, 00356),
	(0000796, 'obecny', 038, 04173),
	(0000797, 'obecny', 062, 02135),
	(0000798, 'obecny', 043, 01942),
	(0000799, 'spóźniony', 017, 00478),
	(0000800, 'spóźniony', 093, 00234),
	(0000801, 'obecny', 080, 02732),
	(0000802, 'nieobecny', 010, 02071),
	(0000803, 'spóźniony', 020, 01419),
	(0000804, 'obecny', 060, 01536),
	(0000805, 'nieobecny', 027, 03257),
	(0000806, 'nieobecny', 028, 01227),
	(0000807, 'nieobecny', 090, 00391),
	(0000808, 'spóźniony', 087, 00937),
	(0000809, 'nieobecny', 059, 02590),
	(0000810, 'obecny', 039, 01420),
	(0000811, 'obecny', 046, 02609),
	(0000812, 'nieobecny', 058, 00409),
	(0000813, 'obecny', 075, 00130),
	(0000814, 'nieobecny', 043, 02732),
	(0000815, 'nieobecny', 067, 01563),
	(0000816, 'obecny', 071, 00877),
	(0000817, 'obecny', 095, 03816),
	(0000818, 'spóźniony', 042, 04170),
	(0000819, 'spóźniony', 097, 03859),
	(0000820, 'obecny', 035, 03776),
	(0000821, 'obecny', 029, 01524),
	(0000822, 'nieobecny', 034, 03516),
	(0000823, 'spóźniony', 038, 03736),
	(0000824, 'spóźniony', 065, 00022),
	(0000825, 'nieobecny', 093, 03377),
	(0000826, 'obecny', 097, 00254),
	(0000827, 'obecny', 095, 02304),
	(0000828, 'nieobecny', 037, 00597),
	(0000829, 'nieobecny', 068, 01690),
	(0000830, 'nieobecny', 077, 02825),
	(0000831, 'obecny', 064, 02841),
	(0000832, 'spóźniony', 016, 00245),
	(0000833, 'obecny', 001, 02416),
	(0000834, 'obecny', 031, 03843),
	(0000835, 'spóźniony', 008, 00002),
	(0000836, 'obecny', 006, 01538),
	(0000837, 'nieobecny', 082, 02461),
	(0000838, 'nieobecny', 054, 04294),
	(0000839, 'nieobecny', 011, 02773),
	(0000840, 'nieobecny', 017, 02170),
	(0000841, 'nieobecny', 078, 00355),
	(0000842, 'nieobecny', 060, 02403),
	(0000843, 'spóźniony', 066, 03424),
	(0000844, 'nieobecny', 041, 04232),
	(0000845, 'nieobecny', 099, 03394),
	(0000846, 'spóźniony', 062, 03107),
	(0000847, 'obecny', 026, 03584),
	(0000848, 'obecny', 096, 00612),
	(0000849, 'obecny', 067, 00008),
	(0000850, 'spóźniony', 074, 02189),
	(0000851, 'spóźniony', 090, 03201),
	(0000852, 'nieobecny', 013, 03305),
	(0000853, 'nieobecny', 059, 01958),
	(0000854, 'spóźniony', 071, 01369),
	(0000855, 'obecny', 028, 01218),
	(0000856, 'spóźniony', 005, 02504),
	(0000857, 'obecny', 062, 04060),
	(0000858, 'obecny', 083, 04038),
	(0000859, 'nieobecny', 059, 00818),
	(0000860, 'obecny', 075, 01094),
	(0000861, 'obecny', 048, 02293),
	(0000862, 'spóźniony', 043, 01403),
	(0000863, 'nieobecny', 051, 02960),
	(0000864, 'obecny', 087, 03311),
	(0000865, 'nieobecny', 077, 02722),
	(0000866, 'obecny', 017, 00520),
	(0000867, 'spóźniony', 017, 00709),
	(0000868, 'obecny', 046, 03012),
	(0000869, 'nieobecny', 012, 04252),
	(0000870, 'obecny', 033, 02696),
	(0000871, 'nieobecny', 078, 00888),
	(0000872, 'nieobecny', 089, 02513),
	(0000873, 'nieobecny', 004, 02762),
	(0000874, 'spóźniony', 016, 01568),
	(0000875, 'obecny', 047, 00335),
	(0000876, 'nieobecny', 044, 04098),
	(0000877, 'nieobecny', 042, 01246),
	(0000878, 'nieobecny', 027, 00826),
	(0000879, 'obecny', 047, 03854),
	(0000880, 'nieobecny', 090, 02600),
	(0000881, 'nieobecny', 077, 03335),
	(0000882, 'nieobecny', 057, 00719),
	(0000883, 'spóźniony', 052, 00492),
	(0000884, 'nieobecny', 042, 02433),
	(0000885, 'spóźniony', 034, 02834),
	(0000886, 'nieobecny', 022, 04056),
	(0000887, 'spóźniony', 036, 00934),
	(0000888, 'spóźniony', 028, 03991),
	(0000889, 'nieobecny', 074, 03405),
	(0000890, 'obecny', 050, 03858),
	(0000891, 'spóźniony', 057, 03596),
	(0000892, 'nieobecny', 069, 03098),
	(0000893, 'spóźniony', 047, 02250),
	(0000894, 'nieobecny', 030, 02655),
	(0000895, 'nieobecny', 054, 04057),
	(0000896, 'nieobecny', 073, 03564),
	(0000897, 'spóźniony', 072, 03791),
	(0000898, 'nieobecny', 024, 00685),
	(0000899, 'spóźniony', 007, 00515),
	(0000900, 'nieobecny', 070, 00455),
	(0000901, 'nieobecny', 078, 02422),
	(0000902, 'spóźniony', 048, 03729),
	(0000903, 'obecny', 014, 01050),
	(0000904, 'nieobecny', 020, 00512),
	(0000905, 'spóźniony', 022, 03824),
	(0000906, 'obecny', 036, 01884),
	(0000907, 'obecny', 004, 03382),
	(0000908, 'spóźniony', 028, 03126),
	(0000909, 'obecny', 037, 00347),
	(0000910, 'spóźniony', 090, 03137),
	(0000911, 'spóźniony', 043, 00088),
	(0000912, 'spóźniony', 034, 01863),
	(0000913, 'obecny', 099, 01373),
	(0000914, 'obecny', 096, 01417),
	(0000915, 'spóźniony', 100, 00572),
	(0000916, 'spóźniony', 035, 03697),
	(0000917, 'spóźniony', 011, 02347),
	(0000918, 'nieobecny', 081, 00703),
	(0000919, 'obecny', 100, 02370),
	(0000920, 'spóźniony', 097, 03711),
	(0000921, 'nieobecny', 058, 01322),
	(0000922, 'nieobecny', 070, 02356),
	(0000923, 'spóźniony', 083, 01528),
	(0000924, 'nieobecny', 028, 00547),
	(0000925, 'obecny', 060, 00361),
	(0000926, 'obecny', 071, 04111),
	(0000927, 'obecny', 078, 03995),
	(0000928, 'obecny', 100, 02766),
	(0000929, 'spóźniony', 015, 04261),
	(0000930, 'obecny', 043, 03057),
	(0000931, 'nieobecny', 099, 03299),
	(0000932, 'obecny', 069, 01947),
	(0000933, 'obecny', 012, 03365),
	(0000934, 'nieobecny', 013, 01754),
	(0000935, 'nieobecny', 090, 02549),
	(0000936, 'spóźniony', 027, 03154),
	(0000937, 'nieobecny', 047, 00074),
	(0000938, 'obecny', 061, 00138),
	(0000939, 'obecny', 053, 02715),
	(0000940, 'obecny', 074, 02642),
	(0000941, 'spóźniony', 096, 02562),
	(0000942, 'spóźniony', 025, 02760),
	(0000943, 'obecny', 019, 02115),
	(0000944, 'spóźniony', 044, 00237),
	(0000945, 'spóźniony', 038, 02682),
	(0000946, 'obecny', 083, 00270),
	(0000947, 'spóźniony', 063, 03598),
	(0000948, 'obecny', 037, 03111),
	(0000949, 'nieobecny', 099, 02237),
	(0000950, 'spóźniony', 009, 00030),
	(0000951, 'obecny', 059, 03271),
	(0000952, 'obecny', 065, 00470),
	(0000953, 'obecny', 062, 00114),
	(0000954, 'nieobecny', 043, 01468),
	(0000955, 'obecny', 059, 00193),
	(0000956, 'nieobecny', 067, 01318),
	(0000957, 'spóźniony', 063, 04076),
	(0000958, 'obecny', 079, 03753),
	(0000959, 'nieobecny', 090, 03531),
	(0000960, 'spóźniony', 071, 03513),
	(0000961, 'obecny', 044, 03905),
	(0000962, 'nieobecny', 008, 03972),
	(0000963, 'obecny', 091, 01870),
	(0000964, 'obecny', 013, 00361),
	(0000965, 'obecny', 032, 04108),
	(0000966, 'obecny', 045, 01492),
	(0000967, 'nieobecny', 018, 02592),
	(0000968, 'nieobecny', 086, 03411),
	(0000969, 'spóźniony', 084, 00981),
	(0000970, 'nieobecny', 006, 02593),
	(0000971, 'obecny', 008, 04058),
	(0000972, 'obecny', 038, 02840),
	(0000973, 'nieobecny', 034, 01259),
	(0000974, 'spóźniony', 073, 00299),
	(0000975, 'nieobecny', 081, 01047),
	(0000976, 'nieobecny', 004, 03621),
	(0000977, 'spóźniony', 077, 04129),
	(0000978, 'nieobecny', 072, 01322),
	(0000979, 'nieobecny', 027, 00551),
	(0000980, 'nieobecny', 085, 02881),
	(0000981, 'nieobecny', 060, 03072),
	(0000982, 'nieobecny', 047, 02443),
	(0000983, 'spóźniony', 023, 00431),
	(0000984, 'nieobecny', 072, 01600),
	(0000985, 'spóźniony', 086, 03959),
	(0000986, 'spóźniony', 078, 02538),
	(0000987, 'nieobecny', 078, 00544),
	(0000988, 'obecny', 047, 00879),
	(0000989, 'spóźniony', 039, 00248),
	(0000990, 'spóźniony', 051, 02219),
	(0000991, 'spóźniony', 047, 02276),
	(0000992, 'spóźniony', 022, 03743),
	(0000993, 'obecny', 086, 01235),
	(0000994, 'nieobecny', 047, 03160),
	(0000995, 'nieobecny', 096, 00520),
	(0000996, 'nieobecny', 023, 01528),
	(0000997, 'nieobecny', 063, 03129),
	(0000998, 'spóźniony', 070, 04083),
	(0000999, 'obecny', 019, 02304),
	(0001000, 'spóźniony', 060, 01674),
	(0001001, 'obecny', 085, 00574),
	(0001002, 'obecny', 010, 02446),
	(0001003, 'obecny', 016, 00800),
	(0001004, 'nieobecny', 073, 01090),
	(0001005, 'spóźniony', 040, 02911),
	(0001006, 'spóźniony', 083, 00020),
	(0001007, 'nieobecny', 050, 02514),
	(0001008, 'spóźniony', 011, 04073),
	(0001009, 'nieobecny', 023, 02299),
	(0001010, 'obecny', 073, 04026),
	(0001011, 'obecny', 050, 02841),
	(0001012, 'spóźniony', 085, 01999),
	(0001013, 'nieobecny', 017, 03570),
	(0001014, 'spóźniony', 010, 04103),
	(0001015, 'nieobecny', 007, 01954),
	(0001016, 'spóźniony', 100, 03260),
	(0001017, 'nieobecny', 020, 01447),
	(0001018, 'obecny', 022, 01634),
	(0001019, 'obecny', 056, 02200),
	(0001020, 'obecny', 032, 02710),
	(0001021, 'obecny', 042, 02551),
	(0001022, 'spóźniony', 078, 00416),
	(0001023, 'spóźniony', 047, 02580),
	(0001024, 'nieobecny', 009, 01089),
	(0001025, 'spóźniony', 039, 01792),
	(0001026, 'spóźniony', 055, 01561),
	(0001027, 'spóźniony', 008, 01800),
	(0001028, 'obecny', 004, 00803),
	(0001029, 'spóźniony', 079, 00198),
	(0001030, 'nieobecny', 037, 03669),
	(0001031, 'nieobecny', 044, 04282),
	(0001032, 'obecny', 063, 01977),
	(0001033, 'nieobecny', 070, 01578),
	(0001034, 'nieobecny', 075, 01692),
	(0001035, 'spóźniony', 051, 01006),
	(0001036, 'spóźniony', 078, 02606),
	(0001037, 'spóźniony', 074, 00208),
	(0001038, 'spóźniony', 008, 03611),
	(0001039, 'spóźniony', 011, 00054),
	(0001040, 'nieobecny', 100, 02275),
	(0001041, 'nieobecny', 013, 03843),
	(0001042, 'spóźniony', 042, 02404),
	(0001043, 'obecny', 040, 01481),
	(0001044, 'nieobecny', 089, 02120),
	(0001045, 'obecny', 090, 01938),
	(0001046, 'obecny', 026, 00081),
	(0001047, 'obecny', 085, 03831),
	(0001048, 'spóźniony', 029, 03390),
	(0001049, 'nieobecny', 042, 02386),
	(0001050, 'obecny', 056, 00501),
	(0001051, 'nieobecny', 016, 01245),
	(0001052, 'spóźniony', 050, 03337),
	(0001053, 'obecny', 063, 01446),
	(0001054, 'nieobecny', 027, 01464),
	(0001055, 'spóźniony', 071, 00860),
	(0001056, 'obecny', 010, 03489),
	(0001057, 'nieobecny', 077, 03065),
	(0001058, 'spóźniony', 056, 04227),
	(0001059, 'obecny', 052, 02199),
	(0001060, 'obecny', 006, 03404),
	(0001061, 'spóźniony', 056, 02992),
	(0001062, 'obecny', 020, 01332),
	(0001063, 'obecny', 064, 00515),
	(0001064, 'spóźniony', 026, 03085),
	(0001065, 'spóźniony', 014, 01009),
	(0001066, 'spóźniony', 055, 01874),
	(0001067, 'spóźniony', 015, 01072),
	(0001068, 'obecny', 084, 01947),
	(0001069, 'spóźniony', 033, 03468),
	(0001070, 'obecny', 086, 03706),
	(0001071, 'nieobecny', 077, 03574),
	(0001072, 'obecny', 047, 02353),
	(0001073, 'spóźniony', 011, 03791),
	(0001074, 'nieobecny', 051, 04042),
	(0001075, 'nieobecny', 067, 04087),
	(0001076, 'obecny', 015, 00209),
	(0001077, 'obecny', 097, 02721),
	(0001078, 'obecny', 076, 01478),
	(0001079, 'nieobecny', 023, 01852),
	(0001080, 'spóźniony', 001, 02496),
	(0001081, 'nieobecny', 079, 01157),
	(0001082, 'obecny', 030, 01365),
	(0001083, 'spóźniony', 077, 01143),
	(0001084, 'obecny', 047, 03280),
	(0001085, 'spóźniony', 080, 03891),
	(0001086, 'spóźniony', 098, 01058),
	(0001087, 'spóźniony', 083, 01072),
	(0001088, 'spóźniony', 027, 02585),
	(0001089, 'spóźniony', 067, 01758),
	(0001090, 'obecny', 001, 02478),
	(0001091, 'nieobecny', 079, 01295),
	(0001092, 'obecny', 029, 00303),
	(0001093, 'nieobecny', 054, 01485),
	(0001094, 'nieobecny', 013, 01414),
	(0001095, 'nieobecny', 038, 02532),
	(0001096, 'obecny', 036, 01477),
	(0001097, 'obecny', 058, 03105),
	(0001098, 'nieobecny', 027, 03554),
	(0001099, 'nieobecny', 072, 03140),
	(0001100, 'nieobecny', 042, 01951),
	(0001101, 'obecny', 060, 01577),
	(0001102, 'obecny', 048, 04040),
	(0001103, 'nieobecny', 002, 00057),
	(0001104, 'spóźniony', 028, 00865),
	(0001105, 'nieobecny', 028, 02874),
	(0001106, 'obecny', 098, 02502),
	(0001107, 'nieobecny', 031, 01079),
	(0001108, 'obecny', 063, 02645),
	(0001109, 'obecny', 046, 00818),
	(0001110, 'nieobecny', 091, 00241),
	(0001111, 'spóźniony', 056, 01190),
	(0001112, 'nieobecny', 091, 00277),
	(0001113, 'obecny', 066, 02583),
	(0001114, 'nieobecny', 075, 01922),
	(0001115, 'spóźniony', 006, 01380),
	(0001116, 'obecny', 030, 02892),
	(0001117, 'nieobecny', 076, 03134),
	(0001118, 'nieobecny', 014, 01870),
	(0001119, 'obecny', 076, 02086),
	(0001120, 'obecny', 094, 03615),
	(0001121, 'obecny', 047, 01265),
	(0001122, 'obecny', 017, 00217),
	(0001123, 'spóźniony', 043, 00178),
	(0001124, 'spóźniony', 057, 04108),
	(0001125, 'spóźniony', 083, 03546),
	(0001126, 'obecny', 077, 03034),
	(0001127, 'nieobecny', 077, 01793),
	(0001128, 'spóźniony', 026, 03431),
	(0001129, 'spóźniony', 013, 00097),
	(0001130, 'nieobecny', 015, 00281),
	(0001131, 'nieobecny', 015, 02065),
	(0001132, 'spóźniony', 045, 01194),
	(0001133, 'nieobecny', 067, 03279),
	(0001134, 'nieobecny', 099, 00801),
	(0001135, 'obecny', 051, 02202),
	(0001136, 'obecny', 015, 00184),
	(0001137, 'spóźniony', 001, 00034),
	(0001138, 'obecny', 026, 02539),
	(0001139, 'obecny', 039, 01464),
	(0001140, 'spóźniony', 100, 03783),
	(0001141, 'obecny', 013, 00551),
	(0001142, 'obecny', 086, 00712),
	(0001143, 'obecny', 089, 03877),
	(0001144, 'nieobecny', 070, 04023),
	(0001145, 'nieobecny', 009, 01962),
	(0001146, 'nieobecny', 098, 00594),
	(0001147, 'nieobecny', 057, 00472),
	(0001148, 'spóźniony', 072, 03623),
	(0001149, 'nieobecny', 036, 01872),
	(0001150, 'obecny', 060, 01817),
	(0001151, 'spóźniony', 015, 01890),
	(0001152, 'nieobecny', 049, 02774),
	(0001153, 'obecny', 042, 01795),
	(0001154, 'spóźniony', 041, 00412),
	(0001155, 'obecny', 045, 00930),
	(0001156, 'nieobecny', 017, 02556),
	(0001157, 'spóźniony', 036, 01697),
	(0001158, 'nieobecny', 064, 01700),
	(0001159, 'obecny', 041, 00448),
	(0001160, 'spóźniony', 069, 00707),
	(0001161, 'spóźniony', 041, 01458),
	(0001162, 'spóźniony', 086, 00730),
	(0001163, 'spóźniony', 092, 03956),
	(0001164, 'obecny', 015, 00053),
	(0001165, 'obecny', 095, 02343),
	(0001166, 'obecny', 061, 02439),
	(0001167, 'spóźniony', 056, 01338),
	(0001168, 'spóźniony', 094, 03716),
	(0001169, 'obecny', 040, 00509),
	(0001170, 'spóźniony', 089, 01559),
	(0001171, 'nieobecny', 034, 02109),
	(0001172, 'spóźniony', 029, 03385),
	(0001173, 'obecny', 095, 01282),
	(0001174, 'nieobecny', 033, 03499),
	(0001175, 'obecny', 071, 01979),
	(0001176, 'nieobecny', 098, 01824),
	(0001177, 'obecny', 091, 02809),
	(0001178, 'spóźniony', 056, 00019),
	(0001179, 'spóźniony', 055, 02521),
	(0001180, 'obecny', 007, 00717),
	(0001181, 'spóźniony', 032, 00215),
	(0001182, 'spóźniony', 043, 03783),
	(0001183, 'spóźniony', 019, 02786),
	(0001184, 'spóźniony', 006, 00735),
	(0001185, 'nieobecny', 061, 02234),
	(0001186, 'nieobecny', 043, 01298),
	(0001187, 'obecny', 082, 00513),
	(0001188, 'nieobecny', 018, 03490),
	(0001189, 'obecny', 027, 02391),
	(0001190, 'obecny', 075, 01785),
	(0001191, 'nieobecny', 055, 00193),
	(0001192, 'spóźniony', 086, 02942),
	(0001193, 'nieobecny', 048, 01387),
	(0001194, 'obecny', 038, 04073),
	(0001195, 'obecny', 014, 00616),
	(0001196, 'nieobecny', 078, 04262),
	(0001197, 'spóźniony', 048, 03755),
	(0001198, 'nieobecny', 066, 01248),
	(0001199, 'nieobecny', 087, 01657),
	(0001200, 'spóźniony', 085, 00307),
	(0001201, 'spóźniony', 050, 03394),
	(0001202, 'spóźniony', 040, 00599),
	(0001203, 'spóźniony', 078, 01891),
	(0001204, 'obecny', 100, 00811),
	(0001205, 'obecny', 051, 03042),
	(0001206, 'obecny', 070, 00042),
	(0001207, 'obecny', 055, 02042),
	(0001208, 'spóźniony', 057, 02967),
	(0001209, 'obecny', 037, 03305),
	(0001210, 'obecny', 019, 00552),
	(0001211, 'spóźniony', 068, 00525),
	(0001212, 'nieobecny', 075, 02232),
	(0001213, 'nieobecny', 065, 03335),
	(0001214, 'nieobecny', 099, 01226),
	(0001215, 'obecny', 089, 01168),
	(0001216, 'spóźniony', 033, 01382),
	(0001217, 'nieobecny', 069, 02296),
	(0001218, 'obecny', 009, 01843),
	(0001219, 'nieobecny', 030, 03186),
	(0001220, 'nieobecny', 094, 01919),
	(0001221, 'nieobecny', 052, 00608),
	(0001222, 'nieobecny', 079, 03242),
	(0001223, 'obecny', 003, 02887),
	(0001224, 'obecny', 001, 02956),
	(0001225, 'obecny', 055, 03484),
	(0001226, 'obecny', 064, 02986),
	(0001227, 'nieobecny', 096, 03394),
	(0001228, 'spóźniony', 094, 01066),
	(0001229, 'spóźniony', 032, 04129),
	(0001230, 'spóźniony', 038, 02214),
	(0001231, 'spóźniony', 025, 02912),
	(0001232, 'nieobecny', 081, 03007),
	(0001233, 'obecny', 002, 03871),
	(0001234, 'spóźniony', 007, 02264),
	(0001235, 'obecny', 078, 02577),
	(0001236, 'nieobecny', 080, 03831),
	(0001237, 'spóźniony', 034, 02039),
	(0001238, 'nieobecny', 066, 02890),
	(0001239, 'spóźniony', 070, 00981),
	(0001240, 'spóźniony', 072, 02572),
	(0001241, 'spóźniony', 065, 01693),
	(0001242, 'spóźniony', 001, 02998),
	(0001243, 'obecny', 090, 00939),
	(0001244, 'obecny', 092, 03915),
	(0001245, 'spóźniony', 050, 03840),
	(0001246, 'spóźniony', 025, 01128),
	(0001247, 'obecny', 074, 01475),
	(0001248, 'nieobecny', 085, 04016),
	(0001249, 'nieobecny', 054, 03881),
	(0001250, 'spóźniony', 028, 04068),
	(0001251, 'spóźniony', 021, 01704),
	(0001252, 'spóźniony', 067, 03379),
	(0001253, 'nieobecny', 033, 02169),
	(0001254, 'spóźniony', 051, 02292),
	(0001255, 'nieobecny', 044, 03021),
	(0001256, 'nieobecny', 089, 01786),
	(0001257, 'nieobecny', 051, 00298),
	(0001258, 'obecny', 024, 01716),
	(0001259, 'spóźniony', 094, 01657),
	(0001260, 'spóźniony', 019, 01644),
	(0001261, 'nieobecny', 093, 00475),
	(0001262, 'nieobecny', 015, 00406),
	(0001263, 'spóźniony', 025, 00764),
	(0001264, 'nieobecny', 024, 00526),
	(0001265, 'obecny', 054, 04031),
	(0001266, 'obecny', 055, 03793),
	(0001267, 'obecny', 024, 00893),
	(0001268, 'spóźniony', 085, 03897),
	(0001269, 'nieobecny', 097, 01454),
	(0001270, 'obecny', 087, 02448),
	(0001271, 'spóźniony', 029, 02889),
	(0001272, 'nieobecny', 047, 02464),
	(0001273, 'obecny', 030, 02547),
	(0001274, 'spóźniony', 100, 04212),
	(0001275, 'spóźniony', 074, 00982),
	(0001276, 'nieobecny', 079, 03556),
	(0001277, 'nieobecny', 029, 01183),
	(0001278, 'spóźniony', 096, 01559),
	(0001279, 'nieobecny', 005, 03959),
	(0001280, 'obecny', 057, 02426),
	(0001281, 'nieobecny', 014, 02588),
	(0001282, 'obecny', 014, 01026),
	(0001283, 'nieobecny', 072, 02393),
	(0001284, 'nieobecny', 073, 03198),
	(0001285, 'nieobecny', 047, 02208),
	(0001286, 'spóźniony', 004, 00855),
	(0001287, 'spóźniony', 039, 03842),
	(0001288, 'nieobecny', 083, 03795),
	(0001289, 'obecny', 088, 02305),
	(0001290, 'obecny', 030, 00540),
	(0001291, 'spóźniony', 098, 03975),
	(0001292, 'obecny', 091, 02576),
	(0001293, 'spóźniony', 091, 03040),
	(0001294, 'nieobecny', 088, 01579),
	(0001295, 'obecny', 004, 02749),
	(0001296, 'obecny', 030, 00098),
	(0001297, 'obecny', 026, 02465),
	(0001298, 'spóźniony', 079, 01123),
	(0001299, 'nieobecny', 082, 03347),
	(0001300, 'spóźniony', 036, 03133),
	(0001301, 'spóźniony', 019, 04171),
	(0001302, 'spóźniony', 088, 01379),
	(0001303, 'nieobecny', 060, 02915),
	(0001304, 'obecny', 019, 01544),
	(0001305, 'spóźniony', 009, 01986),
	(0001306, 'obecny', 037, 02194),
	(0001307, 'spóźniony', 100, 02975),
	(0001308, 'spóźniony', 042, 02327),
	(0001309, 'obecny', 009, 02833),
	(0001310, 'spóźniony', 031, 02783),
	(0001311, 'spóźniony', 060, 01356),
	(0001312, 'spóźniony', 086, 04250),
	(0001313, 'spóźniony', 032, 00256),
	(0001314, 'spóźniony', 055, 00611),
	(0001315, 'obecny', 043, 03698),
	(0001316, 'nieobecny', 020, 01248),
	(0001317, 'spóźniony', 053, 02419),
	(0001318, 'obecny', 016, 01026),
	(0001319, 'spóźniony', 011, 00120),
	(0001320, 'obecny', 060, 03705),
	(0001321, 'spóźniony', 100, 00110),
	(0001322, 'nieobecny', 038, 03892),
	(0001323, 'nieobecny', 048, 01312),
	(0001324, 'spóźniony', 088, 00433),
	(0001325, 'spóźniony', 091, 00284),
	(0001326, 'obecny', 025, 01361),
	(0001327, 'spóźniony', 005, 03492),
	(0001328, 'nieobecny', 066, 02197),
	(0001329, 'spóźniony', 074, 03882),
	(0001330, 'obecny', 032, 00475),
	(0001331, 'obecny', 060, 00406),
	(0001332, 'nieobecny', 007, 00567),
	(0001333, 'spóźniony', 025, 02298),
	(0001334, 'nieobecny', 009, 02283),
	(0001335, 'nieobecny', 055, 01758),
	(0001336, 'nieobecny', 052, 02305),
	(0001337, 'nieobecny', 084, 00314),
	(0001338, 'spóźniony', 070, 03482),
	(0001339, 'spóźniony', 004, 02216),
	(0001340, 'obecny', 085, 01360),
	(0001341, 'nieobecny', 031, 02611),
	(0001342, 'spóźniony', 034, 00999),
	(0001343, 'nieobecny', 072, 02726),
	(0001344, 'nieobecny', 062, 01187),
	(0001345, 'nieobecny', 041, 03302),
	(0001346, 'spóźniony', 046, 01317),
	(0001347, 'nieobecny', 088, 00937),
	(0001348, 'spóźniony', 082, 03499),
	(0001349, 'nieobecny', 051, 00119),
	(0001350, 'obecny', 058, 00248),
	(0001351, 'spóźniony', 053, 03761),
	(0001352, 'nieobecny', 031, 04096),
	(0001353, 'nieobecny', 064, 01992),
	(0001354, 'spóźniony', 068, 01856),
	(0001355, 'obecny', 027, 00006),
	(0001356, 'obecny', 006, 01569),
	(0001357, 'obecny', 066, 02513),
	(0001358, 'obecny', 099, 00985),
	(0001359, 'obecny', 043, 04224),
	(0001360, 'obecny', 047, 00632),
	(0001361, 'spóźniony', 053, 02244),
	(0001362, 'nieobecny', 049, 01252),
	(0001363, 'nieobecny', 023, 04087),
	(0001364, 'obecny', 004, 03937),
	(0001365, 'nieobecny', 038, 03915),
	(0001366, 'nieobecny', 044, 02210),
	(0001367, 'obecny', 028, 01404),
	(0001368, 'nieobecny', 019, 00987),
	(0001369, 'spóźniony', 097, 03306),
	(0001370, 'nieobecny', 078, 02466),
	(0001371, 'obecny', 068, 03902),
	(0001372, 'obecny', 085, 00978),
	(0001373, 'obecny', 048, 03117),
	(0001374, 'obecny', 041, 02287),
	(0001375, 'spóźniony', 026, 02097),
	(0001376, 'obecny', 057, 01030),
	(0001377, 'spóźniony', 024, 03079),
	(0001378, 'spóźniony', 095, 03674),
	(0001379, 'spóźniony', 023, 02274),
	(0001380, 'obecny', 032, 00901),
	(0001381, 'obecny', 033, 00538),
	(0001382, 'obecny', 021, 00976),
	(0001383, 'obecny', 045, 03986),
	(0001384, 'nieobecny', 083, 00376),
	(0001385, 'spóźniony', 025, 02786),
	(0001386, 'obecny', 086, 01292),
	(0001387, 'nieobecny', 051, 00732),
	(0001388, 'nieobecny', 021, 01023),
	(0001389, 'spóźniony', 001, 02884),
	(0001390, 'obecny', 064, 00254),
	(0001391, 'spóźniony', 001, 03001),
	(0001392, 'obecny', 056, 02650),
	(0001393, 'spóźniony', 022, 00160),
	(0001394, 'obecny', 073, 01681),
	(0001395, 'nieobecny', 002, 01873),
	(0001396, 'obecny', 080, 00595),
	(0001397, 'spóźniony', 030, 03556),
	(0001398, 'obecny', 018, 03306),
	(0001399, 'nieobecny', 030, 01465),
	(0001400, 'nieobecny', 098, 02405),
	(0001401, 'nieobecny', 037, 01297),
	(0001402, 'nieobecny', 086, 00611),
	(0001403, 'obecny', 044, 03520),
	(0001404, 'nieobecny', 037, 02556),
	(0001405, 'obecny', 086, 00170),
	(0001406, 'nieobecny', 020, 01065),
	(0001407, 'obecny', 006, 01880),
	(0001408, 'nieobecny', 026, 04091),
	(0001409, 'spóźniony', 100, 03091),
	(0001410, 'nieobecny', 096, 03439),
	(0001411, 'spóźniony', 030, 02248),
	(0001412, 'obecny', 031, 02912),
	(0001413, 'spóźniony', 015, 03841),
	(0001414, 'obecny', 058, 03050),
	(0001415, 'nieobecny', 055, 03277),
	(0001416, 'nieobecny', 098, 00457),
	(0001417, 'obecny', 062, 01108),
	(0001418, 'spóźniony', 057, 02997),
	(0001419, 'nieobecny', 094, 03938),
	(0001420, 'obecny', 065, 00699),
	(0001421, 'nieobecny', 098, 00031),
	(0001422, 'spóźniony', 074, 03713),
	(0001423, 'spóźniony', 032, 00774),
	(0001424, 'obecny', 071, 00708),
	(0001425, 'nieobecny', 060, 00592),
	(0001426, 'obecny', 089, 00344),
	(0001427, 'spóźniony', 074, 04263),
	(0001428, 'nieobecny', 066, 00729),
	(0001429, 'nieobecny', 011, 02946),
	(0001430, 'spóźniony', 099, 01862),
	(0001431, 'spóźniony', 075, 00604),
	(0001432, 'obecny', 065, 00433),
	(0001433, 'nieobecny', 084, 03864),
	(0001434, 'spóźniony', 094, 00777),
	(0001435, 'spóźniony', 050, 02072),
	(0001436, 'spóźniony', 020, 03064),
	(0001437, 'spóźniony', 035, 01723),
	(0001438, 'spóźniony', 033, 03574),
	(0001439, 'spóźniony', 088, 00361),
	(0001440, 'spóźniony', 034, 01846),
	(0001441, 'spóźniony', 095, 02211),
	(0001442, 'spóźniony', 100, 01462),
	(0001443, 'spóźniony', 070, 01608),
	(0001444, 'nieobecny', 077, 02577),
	(0001445, 'nieobecny', 009, 00426),
	(0001446, 'nieobecny', 082, 00451),
	(0001447, 'nieobecny', 028, 02560),
	(0001448, 'obecny', 002, 00771),
	(0001449, 'spóźniony', 006, 01116),
	(0001450, 'spóźniony', 004, 03428),
	(0001451, 'nieobecny', 037, 00872),
	(0001452, 'obecny', 076, 03433),
	(0001453, 'nieobecny', 009, 03416),
	(0001454, 'obecny', 022, 03217),
	(0001455, 'nieobecny', 033, 02451),
	(0001456, 'spóźniony', 051, 00618),
	(0001457, 'nieobecny', 031, 01695),
	(0001458, 'nieobecny', 013, 02515),
	(0001459, 'spóźniony', 002, 01932),
	(0001460, 'spóźniony', 086, 00619),
	(0001461, 'nieobecny', 058, 03098),
	(0001462, 'obecny', 087, 04259),
	(0001463, 'nieobecny', 056, 02620),
	(0001464, 'obecny', 075, 00681),
	(0001465, 'obecny', 019, 03966),
	(0001466, 'spóźniony', 040, 03428),
	(0001467, 'spóźniony', 075, 01465),
	(0001468, 'spóźniony', 061, 03432),
	(0001469, 'spóźniony', 037, 03419),
	(0001470, 'obecny', 011, 00605),
	(0001471, 'spóźniony', 088, 00495),
	(0001472, 'nieobecny', 082, 02989),
	(0001473, 'spóźniony', 027, 00259),
	(0001474, 'spóźniony', 036, 01606),
	(0001475, 'spóźniony', 044, 03585),
	(0001476, 'spóźniony', 056, 00951),
	(0001477, 'spóźniony', 078, 02124),
	(0001478, 'obecny', 007, 00148),
	(0001479, 'nieobecny', 021, 02269),
	(0001480, 'spóźniony', 042, 03207),
	(0001481, 'obecny', 007, 01427),
	(0001482, 'obecny', 029, 01885),
	(0001483, 'nieobecny', 018, 02063),
	(0001484, 'nieobecny', 031, 04306),
	(0001485, 'nieobecny', 029, 03348),
	(0001486, 'nieobecny', 002, 00294),
	(0001487, 'spóźniony', 044, 01909),
	(0001488, 'obecny', 025, 02437),
	(0001489, 'spóźniony', 093, 02516),
	(0001490, 'spóźniony', 001, 02740),
	(0001491, 'nieobecny', 070, 02347),
	(0001492, 'obecny', 057, 03829),
	(0001493, 'nieobecny', 062, 01518),
	(0001494, 'obecny', 009, 02863),
	(0001495, 'spóźniony', 050, 04192),
	(0001496, 'obecny', 022, 02409),
	(0001497, 'obecny', 040, 01146),
	(0001498, 'spóźniony', 047, 01688),
	(0001499, 'spóźniony', 031, 00831),
	(0001500, 'spóźniony', 039, 01249),
	(0001501, 'nieobecny', 015, 04011),
	(0001502, 'nieobecny', 071, 03027),
	(0001503, 'obecny', 058, 02647),
	(0001504, 'nieobecny', 055, 03700),
	(0001505, 'nieobecny', 096, 01591),
	(0001506, 'spóźniony', 091, 00731),
	(0001507, 'obecny', 089, 01881),
	(0001508, 'obecny', 004, 03177),
	(0001509, 'nieobecny', 090, 02927),
	(0001510, 'spóźniony', 072, 00425),
	(0001511, 'obecny', 052, 03857),
	(0001512, 'obecny', 070, 02914),
	(0001513, 'obecny', 049, 00117),
	(0001514, 'obecny', 002, 00099),
	(0001515, 'obecny', 078, 00914),
	(0001516, 'obecny', 039, 02331),
	(0001517, 'nieobecny', 024, 00935),
	(0001518, 'obecny', 033, 03203),
	(0001519, 'nieobecny', 047, 00024),
	(0001520, 'spóźniony', 083, 02261),
	(0001521, 'spóźniony', 001, 03052),
	(0001522, 'obecny', 032, 03147),
	(0001523, 'nieobecny', 051, 00091),
	(0001524, 'spóźniony', 089, 00703),
	(0001525, 'obecny', 084, 01657),
	(0001526, 'obecny', 045, 00649),
	(0001527, 'obecny', 007, 03849),
	(0001528, 'nieobecny', 034, 02796),
	(0001529, 'spóźniony', 001, 03996),
	(0001530, 'nieobecny', 025, 03711),
	(0001531, 'obecny', 044, 00539),
	(0001532, 'nieobecny', 045, 03633),
	(0001533, 'obecny', 025, 00315),
	(0001534, 'obecny', 065, 04021),
	(0001535, 'spóźniony', 014, 04276),
	(0001536, 'nieobecny', 052, 01723),
	(0001537, 'nieobecny', 032, 01450),
	(0001538, 'nieobecny', 044, 03417),
	(0001539, 'nieobecny', 071, 01315),
	(0001540, 'obecny', 059, 01601),
	(0001541, 'nieobecny', 017, 00960),
	(0001542, 'nieobecny', 038, 02093),
	(0001543, 'obecny', 070, 01378),
	(0001544, 'obecny', 046, 00436),
	(0001545, 'spóźniony', 010, 02897),
	(0001546, 'spóźniony', 033, 01491),
	(0001547, 'nieobecny', 096, 02846),
	(0001548, 'obecny', 033, 00334),
	(0001549, 'obecny', 079, 04208),
	(0001550, 'obecny', 096, 03857),
	(0001551, 'spóźniony', 026, 00649),
	(0001552, 'obecny', 038, 01898),
	(0001553, 'obecny', 071, 03390),
	(0001554, 'obecny', 081, 00666),
	(0001555, 'obecny', 056, 01749),
	(0001556, 'spóźniony', 064, 01747),
	(0001557, 'spóźniony', 042, 00221),
	(0001558, 'obecny', 009, 00754),
	(0001559, 'spóźniony', 054, 00318),
	(0001560, 'nieobecny', 026, 00682),
	(0001561, 'spóźniony', 037, 03287),
	(0001562, 'spóźniony', 098, 00986),
	(0001563, 'spóźniony', 081, 00844),
	(0001564, 'spóźniony', 008, 00491),
	(0001565, 'nieobecny', 051, 02143),
	(0001566, 'obecny', 007, 01725),
	(0001567, 'obecny', 067, 02875),
	(0001568, 'obecny', 051, 02830),
	(0001569, 'nieobecny', 039, 03249),
	(0001570, 'obecny', 018, 01092),
	(0001571, 'spóźniony', 063, 02568),
	(0001572, 'obecny', 050, 00657),
	(0001573, 'nieobecny', 008, 01806),
	(0001574, 'obecny', 062, 03135),
	(0001575, 'obecny', 081, 03314),
	(0001576, 'nieobecny', 027, 00429),
	(0001577, 'spóźniony', 018, 00587),
	(0001578, 'obecny', 051, 03903),
	(0001579, 'spóźniony', 071, 01145),
	(0001580, 'spóźniony', 047, 00433),
	(0001581, 'obecny', 051, 01255),
	(0001582, 'spóźniony', 020, 02417),
	(0001583, 'nieobecny', 011, 00576),
	(0001584, 'obecny', 095, 03326),
	(0001585, 'obecny', 078, 03482),
	(0001586, 'nieobecny', 036, 03171),
	(0001587, 'spóźniony', 074, 01893),
	(0001588, 'nieobecny', 028, 01129),
	(0001589, 'nieobecny', 077, 00591),
	(0001590, 'spóźniony', 090, 01129),
	(0001591, 'obecny', 015, 01241),
	(0001592, 'spóźniony', 053, 04086),
	(0001593, 'spóźniony', 057, 03405),
	(0001594, 'spóźniony', 087, 00382),
	(0001595, 'obecny', 057, 00833),
	(0001596, 'spóźniony', 068, 03095),
	(0001597, 'spóźniony', 079, 01468),
	(0001598, 'obecny', 035, 00987),
	(0001599, 'obecny', 039, 03857),
	(0001600, 'obecny', 027, 02148),
	(0001601, 'spóźniony', 008, 01631),
	(0001602, 'spóźniony', 030, 02298),
	(0001603, 'nieobecny', 016, 01956),
	(0001604, 'nieobecny', 002, 00351),
	(0001605, 'spóźniony', 029, 03052),
	(0001606, 'nieobecny', 050, 03322),
	(0001607, 'nieobecny', 061, 02871),
	(0001608, 'spóźniony', 033, 01220),
	(0001609, 'nieobecny', 078, 03844),
	(0001610, 'obecny', 019, 03094),
	(0001611, 'obecny', 002, 02956),
	(0001612, 'obecny', 057, 00680),
	(0001613, 'nieobecny', 097, 01944),
	(0001614, 'obecny', 024, 02432),
	(0001615, 'obecny', 033, 02294),
	(0001616, 'nieobecny', 018, 02325),
	(0001617, 'nieobecny', 094, 04293),
	(0001618, 'nieobecny', 042, 02202),
	(0001619, 'obecny', 054, 00501),
	(0001620, 'spóźniony', 001, 00564),
	(0001621, 'nieobecny', 040, 00043),
	(0001622, 'obecny', 010, 00965),
	(0001623, 'obecny', 050, 00680),
	(0001624, 'nieobecny', 072, 04275),
	(0001625, 'obecny', 034, 03661),
	(0001626, 'nieobecny', 065, 03964),
	(0001627, 'spóźniony', 079, 00601),
	(0001628, 'nieobecny', 020, 02886),
	(0001629, 'nieobecny', 032, 01420),
	(0001630, 'nieobecny', 052, 03201),
	(0001631, 'obecny', 038, 00493),
	(0001632, 'spóźniony', 077, 00618),
	(0001633, 'obecny', 035, 02772),
	(0001634, 'nieobecny', 083, 00704),
	(0001635, 'spóźniony', 006, 02567),
	(0001636, 'spóźniony', 082, 03717),
	(0001637, 'obecny', 025, 02778),
	(0001638, 'nieobecny', 087, 03141),
	(0001639, 'nieobecny', 095, 04054),
	(0001640, 'nieobecny', 081, 01191),
	(0001641, 'spóźniony', 007, 00796),
	(0001642, 'obecny', 043, 01034),
	(0001643, 'nieobecny', 039, 00196),
	(0001644, 'spóźniony', 037, 00243),
	(0001645, 'nieobecny', 011, 01306),
	(0001646, 'nieobecny', 019, 04243),
	(0001647, 'obecny', 054, 00741),
	(0001648, 'spóźniony', 023, 01761),
	(0001649, 'obecny', 096, 00965),
	(0001650, 'spóźniony', 045, 03904),
	(0001651, 'obecny', 031, 04274),
	(0001652, 'spóźniony', 081, 00197),
	(0001653, 'spóźniony', 099, 02617),
	(0001654, 'nieobecny', 090, 03190),
	(0001655, 'nieobecny', 098, 00273),
	(0001656, 'obecny', 021, 02640),
	(0001657, 'nieobecny', 007, 01364),
	(0001658, 'obecny', 029, 02508),
	(0001659, 'obecny', 050, 03793),
	(0001660, 'obecny', 050, 00054),
	(0001661, 'spóźniony', 098, 02767),
	(0001662, 'obecny', 005, 01611),
	(0001663, 'nieobecny', 005, 00486),
	(0001664, 'obecny', 073, 01716),
	(0001665, 'obecny', 059, 02374),
	(0001666, 'obecny', 098, 02724),
	(0001667, 'nieobecny', 023, 03275),
	(0001668, 'spóźniony', 038, 02360),
	(0001669, 'obecny', 050, 03162),
	(0001670, 'spóźniony', 042, 02781),
	(0001671, 'obecny', 024, 00813),
	(0001672, 'nieobecny', 027, 00739),
	(0001673, 'nieobecny', 041, 01761),
	(0001674, 'spóźniony', 070, 00926),
	(0001675, 'nieobecny', 062, 00915),
	(0001676, 'obecny', 030, 02317),
	(0001677, 'obecny', 006, 00872),
	(0001678, 'nieobecny', 095, 00299),
	(0001679, 'spóźniony', 012, 01127),
	(0001680, 'obecny', 081, 01646),
	(0001681, 'obecny', 062, 01416),
	(0001682, 'obecny', 011, 02527),
	(0001683, 'nieobecny', 048, 02672),
	(0001684, 'obecny', 056, 03335),
	(0001685, 'obecny', 088, 04003),
	(0001686, 'nieobecny', 039, 02273),
	(0001687, 'spóźniony', 049, 01394),
	(0001688, 'nieobecny', 065, 01109),
	(0001689, 'obecny', 047, 00781),
	(0001690, 'nieobecny', 048, 03784),
	(0001691, 'spóźniony', 095, 01719),
	(0001692, 'nieobecny', 033, 01980),
	(0001693, 'nieobecny', 099, 00123),
	(0001694, 'obecny', 080, 02370),
	(0001695, 'spóźniony', 030, 02649),
	(0001696, 'spóźniony', 005, 00510),
	(0001697, 'obecny', 008, 01957),
	(0001698, 'obecny', 064, 03778),
	(0001699, 'spóźniony', 017, 02651),
	(0001700, 'nieobecny', 047, 04318),
	(0001701, 'spóźniony', 024, 03270),
	(0001702, 'spóźniony', 049, 03392),
	(0001703, 'obecny', 065, 03009),
	(0001704, 'spóźniony', 021, 03792),
	(0001705, 'nieobecny', 067, 02315),
	(0001706, 'nieobecny', 093, 03759),
	(0001707, 'obecny', 093, 00455),
	(0001708, 'nieobecny', 023, 01854),
	(0001709, 'nieobecny', 073, 01318),
	(0001710, 'spóźniony', 021, 03666),
	(0001711, 'spóźniony', 057, 02003),
	(0001712, 'spóźniony', 042, 00009),
	(0001713, 'obecny', 039, 03300),
	(0001714, 'nieobecny', 003, 01791),
	(0001715, 'nieobecny', 074, 01397),
	(0001716, 'obecny', 042, 01185),
	(0001717, 'nieobecny', 006, 00378),
	(0001718, 'spóźniony', 033, 04305),
	(0001719, 'obecny', 064, 02905),
	(0001720, 'nieobecny', 081, 00675),
	(0001721, 'obecny', 075, 01153),
	(0001722, 'obecny', 080, 02889),
	(0001723, 'spóźniony', 028, 02493),
	(0001724, 'spóźniony', 016, 00111),
	(0001725, 'spóźniony', 097, 04152),
	(0001726, 'spóźniony', 044, 02431),
	(0001727, 'obecny', 060, 00719),
	(0001728, 'obecny', 100, 04101),
	(0001729, 'obecny', 012, 03552),
	(0001730, 'nieobecny', 078, 01194),
	(0001731, 'nieobecny', 067, 00499),
	(0001732, 'obecny', 092, 00435),
	(0001733, 'nieobecny', 002, 03379),
	(0001734, 'spóźniony', 057, 02037),
	(0001735, 'spóźniony', 060, 00529),
	(0001736, 'obecny', 093, 03467),
	(0001737, 'obecny', 037, 00114),
	(0001738, 'obecny', 048, 03485),
	(0001739, 'nieobecny', 066, 00897),
	(0001740, 'nieobecny', 055, 01986),
	(0001741, 'obecny', 088, 03962),
	(0001742, 'nieobecny', 046, 03231),
	(0001743, 'nieobecny', 082, 03506),
	(0001744, 'spóźniony', 080, 03142),
	(0001745, 'spóźniony', 071, 01866),
	(0001746, 'spóźniony', 050, 03908),
	(0001747, 'nieobecny', 090, 02782),
	(0001748, 'spóźniony', 060, 03897),
	(0001749, 'spóźniony', 073, 04010),
	(0001750, 'obecny', 043, 02925),
	(0001751, 'obecny', 042, 01300),
	(0001752, 'nieobecny', 009, 03169),
	(0001753, 'obecny', 074, 01659),
	(0001754, 'spóźniony', 093, 03598),
	(0001755, 'obecny', 074, 03149),
	(0001756, 'nieobecny', 046, 03502),
	(0001757, 'nieobecny', 097, 00495),
	(0001758, 'spóźniony', 066, 02308),
	(0001759, 'spóźniony', 086, 01327),
	(0001760, 'obecny', 024, 03481),
	(0001761, 'spóźniony', 069, 01170),
	(0001762, 'spóźniony', 080, 00919),
	(0001763, 'nieobecny', 091, 02846),
	(0001764, 'nieobecny', 030, 04099),
	(0001765, 'spóźniony', 063, 01866),
	(0001766, 'obecny', 068, 00713),
	(0001767, 'spóźniony', 031, 00317),
	(0001768, 'spóźniony', 056, 02262),
	(0001769, 'spóźniony', 054, 01275),
	(0001770, 'spóźniony', 006, 04000),
	(0001771, 'spóźniony', 009, 02603),
	(0001772, 'nieobecny', 061, 02916),
	(0001773, 'spóźniony', 017, 02740),
	(0001774, 'spóźniony', 067, 04193),
	(0001775, 'obecny', 035, 00687),
	(0001776, 'spóźniony', 085, 02088),
	(0001777, 'spóźniony', 009, 01058),
	(0001778, 'obecny', 087, 01160),
	(0001779, 'obecny', 057, 00322),
	(0001780, 'nieobecny', 083, 02654),
	(0001781, 'obecny', 037, 01577),
	(0001782, 'spóźniony', 039, 03901),
	(0001783, 'obecny', 072, 02592),
	(0001784, 'obecny', 022, 01746),
	(0001785, 'nieobecny', 039, 00847),
	(0001786, 'nieobecny', 089, 02000),
	(0001787, 'spóźniony', 095, 02350),
	(0001788, 'obecny', 079, 03627),
	(0001789, 'nieobecny', 061, 04009),
	(0001790, 'nieobecny', 014, 04074),
	(0001791, 'spóźniony', 016, 03720),
	(0001792, 'spóźniony', 018, 03842),
	(0001793, 'obecny', 004, 03897),
	(0001794, 'spóźniony', 019, 02489),
	(0001795, 'obecny', 036, 03422),
	(0001796, 'spóźniony', 019, 04296),
	(0001797, 'obecny', 065, 02590),
	(0001798, 'spóźniony', 020, 01357),
	(0001799, 'nieobecny', 092, 00278),
	(0001800, 'nieobecny', 036, 03594),
	(0001801, 'obecny', 040, 01995),
	(0001802, 'obecny', 085, 04290),
	(0001803, 'nieobecny', 042, 00530),
	(0001804, 'nieobecny', 023, 01764),
	(0001805, 'spóźniony', 050, 03416),
	(0001806, 'spóźniony', 073, 00813),
	(0001807, 'spóźniony', 029, 02549),
	(0001808, 'obecny', 070, 03138),
	(0001809, 'nieobecny', 031, 04242),
	(0001810, 'nieobecny', 078, 03336),
	(0001811, 'nieobecny', 044, 00630),
	(0001812, 'obecny', 057, 01869),
	(0001813, 'nieobecny', 023, 01474),
	(0001814, 'obecny', 061, 01840),
	(0001815, 'obecny', 066, 04047),
	(0001816, 'obecny', 074, 02448),
	(0001817, 'spóźniony', 031, 02755),
	(0001818, 'spóźniony', 031, 01047),
	(0001819, 'obecny', 094, 00767),
	(0001820, 'spóźniony', 098, 03680),
	(0001821, 'obecny', 070, 01751),
	(0001822, 'obecny', 097, 01568),
	(0001823, 'spóźniony', 042, 02042),
	(0001824, 'spóźniony', 080, 00898),
	(0001825, 'spóźniony', 049, 02787),
	(0001826, 'obecny', 020, 03405),
	(0001827, 'nieobecny', 054, 02125),
	(0001828, 'obecny', 014, 03422),
	(0001829, 'nieobecny', 095, 02053),
	(0001830, 'spóźniony', 093, 00936),
	(0001831, 'nieobecny', 086, 02235),
	(0001832, 'obecny', 052, 02450),
	(0001833, 'obecny', 072, 00192),
	(0001834, 'spóźniony', 039, 01511),
	(0001835, 'spóźniony', 098, 00316),
	(0001836, 'nieobecny', 046, 01753),
	(0001837, 'obecny', 078, 00758),
	(0001838, 'nieobecny', 006, 02107),
	(0001839, 'nieobecny', 018, 00356),
	(0001840, 'spóźniony', 074, 01192),
	(0001841, 'spóźniony', 009, 01825),
	(0001842, 'obecny', 042, 03706),
	(0001843, 'nieobecny', 064, 00162),
	(0001844, 'obecny', 008, 00428),
	(0001845, 'spóźniony', 038, 03547),
	(0001846, 'spóźniony', 067, 00418),
	(0001847, 'nieobecny', 027, 02173),
	(0001848, 'obecny', 081, 00358),
	(0001849, 'spóźniony', 001, 02377),
	(0001850, 'obecny', 068, 01756),
	(0001851, 'obecny', 099, 02097),
	(0001852, 'spóźniony', 082, 02598),
	(0001853, 'obecny', 046, 03706),
	(0001854, 'nieobecny', 012, 01535),
	(0001855, 'spóźniony', 023, 00585),
	(0001856, 'obecny', 089, 01781),
	(0001857, 'spóźniony', 058, 00687),
	(0001858, 'nieobecny', 011, 02029),
	(0001859, 'nieobecny', 039, 01530),
	(0001860, 'spóźniony', 057, 02705),
	(0001861, 'obecny', 067, 03604),
	(0001862, 'obecny', 051, 04205),
	(0001863, 'nieobecny', 023, 01804),
	(0001864, 'nieobecny', 041, 03219),
	(0001865, 'spóźniony', 075, 00260),
	(0001866, 'nieobecny', 062, 00401),
	(0001867, 'nieobecny', 011, 01120),
	(0001868, 'spóźniony', 093, 01924),
	(0001869, 'obecny', 028, 01262),
	(0001870, 'spóźniony', 062, 02800),
	(0001871, 'obecny', 051, 04004),
	(0001872, 'spóźniony', 059, 02001),
	(0001873, 'nieobecny', 097, 00597),
	(0001874, 'nieobecny', 035, 03075),
	(0001875, 'spóźniony', 062, 02384),
	(0001876, 'nieobecny', 020, 01123),
	(0001877, 'nieobecny', 051, 01659),
	(0001878, 'nieobecny', 082, 00710),
	(0001879, 'nieobecny', 030, 04089),
	(0001880, 'nieobecny', 072, 00681),
	(0001881, 'nieobecny', 045, 01787),
	(0001882, 'obecny', 010, 03223),
	(0001883, 'obecny', 095, 03705),
	(0001884, 'nieobecny', 025, 00029),
	(0001885, 'nieobecny', 021, 01196),
	(0001886, 'spóźniony', 062, 04279),
	(0001887, 'nieobecny', 093, 02242),
	(0001888, 'nieobecny', 087, 03946),
	(0001889, 'spóźniony', 026, 01602),
	(0001890, 'spóźniony', 013, 01144),
	(0001891, 'nieobecny', 025, 02778),
	(0001892, 'obecny', 067, 02709),
	(0001893, 'obecny', 038, 02667),
	(0001894, 'nieobecny', 015, 04277),
	(0001895, 'spóźniony', 088, 02668),
	(0001896, 'spóźniony', 017, 03823),
	(0001897, 'nieobecny', 066, 01041),
	(0001898, 'spóźniony', 025, 02315),
	(0001899, 'obecny', 048, 04150),
	(0001900, 'nieobecny', 011, 00692),
	(0001901, 'nieobecny', 054, 02871),
	(0001902, 'spóźniony', 095, 02754),
	(0001903, 'nieobecny', 014, 02685),
	(0001904, 'obecny', 024, 02042),
	(0001905, 'spóźniony', 018, 03300),
	(0001906, 'spóźniony', 085, 03461),
	(0001907, 'spóźniony', 049, 03005),
	(0001908, 'spóźniony', 039, 03049),
	(0001909, 'nieobecny', 049, 03980),
	(0001910, 'nieobecny', 091, 00151),
	(0001911, 'nieobecny', 074, 02493),
	(0001912, 'spóźniony', 006, 00201),
	(0001913, 'nieobecny', 047, 02822),
	(0001914, 'obecny', 013, 03526),
	(0001915, 'nieobecny', 004, 02331),
	(0001916, 'nieobecny', 059, 00085),
	(0001917, 'obecny', 032, 02233),
	(0001918, 'obecny', 094, 01311),
	(0001919, 'obecny', 019, 02615),
	(0001920, 'nieobecny', 085, 03656),
	(0001921, 'nieobecny', 092, 00799),
	(0001922, 'nieobecny', 086, 01065),
	(0001923, 'spóźniony', 097, 03991),
	(0001924, 'spóźniony', 083, 00738),
	(0001925, 'spóźniony', 067, 04221),
	(0001926, 'spóźniony', 005, 01217),
	(0001927, 'obecny', 011, 02513),
	(0001928, 'obecny', 003, 03835),
	(0001929, 'obecny', 072, 00710),
	(0001930, 'nieobecny', 073, 02925),
	(0001931, 'spóźniony', 065, 01737),
	(0001932, 'spóźniony', 091, 00662),
	(0001933, 'nieobecny', 081, 01416),
	(0001934, 'obecny', 057, 02144),
	(0001935, 'obecny', 090, 02725),
	(0001936, 'nieobecny', 098, 00232),
	(0001937, 'spóźniony', 093, 00885),
	(0001938, 'obecny', 032, 01952),
	(0001939, 'spóźniony', 031, 02426),
	(0001940, 'nieobecny', 072, 03345),
	(0001941, 'nieobecny', 036, 03550),
	(0001942, 'spóźniony', 066, 03412),
	(0001943, 'spóźniony', 076, 04047),
	(0001944, 'obecny', 016, 02183),
	(0001945, 'nieobecny', 049, 04275),
	(0001946, 'spóźniony', 024, 02664),
	(0001947, 'spóźniony', 069, 02412),
	(0001948, 'obecny', 078, 01332),
	(0001949, 'obecny', 007, 01361),
	(0001950, 'nieobecny', 027, 02947),
	(0001951, 'spóźniony', 034, 01688),
	(0001952, 'spóźniony', 061, 00494),
	(0001953, 'nieobecny', 004, 00565),
	(0001954, 'spóźniony', 021, 03012),
	(0001955, 'obecny', 010, 00789),
	(0001956, 'spóźniony', 061, 04170),
	(0001957, 'spóźniony', 043, 00185),
	(0001958, 'nieobecny', 061, 01041),
	(0001959, 'obecny', 080, 03213),
	(0001960, 'obecny', 045, 01855),
	(0001961, 'spóźniony', 069, 02587),
	(0001962, 'nieobecny', 046, 02100),
	(0001963, 'spóźniony', 021, 00295),
	(0001964, 'nieobecny', 066, 00217),
	(0001965, 'nieobecny', 045, 00922),
	(0001966, 'spóźniony', 053, 03374),
	(0001967, 'nieobecny', 077, 01716),
	(0001968, 'nieobecny', 074, 03157),
	(0001969, 'nieobecny', 078, 00353),
	(0001970, 'spóźniony', 006, 00215),
	(0001971, 'obecny', 069, 01561),
	(0001972, 'obecny', 067, 04192),
	(0001973, 'nieobecny', 091, 01032),
	(0001974, 'spóźniony', 099, 03190),
	(0001975, 'nieobecny', 029, 02302),
	(0001976, 'nieobecny', 070, 02589),
	(0001977, 'spóźniony', 035, 00469),
	(0001978, 'obecny', 056, 03976),
	(0001979, 'nieobecny', 100, 00283),
	(0001980, 'obecny', 096, 03843),
	(0001981, 'nieobecny', 028, 00539),
	(0001982, 'nieobecny', 001, 02928),
	(0001983, 'obecny', 046, 00106),
	(0001984, 'nieobecny', 096, 01875),
	(0001985, 'spóźniony', 054, 03029),
	(0001986, 'obecny', 080, 03078),
	(0001987, 'obecny', 007, 03689),
	(0001988, 'nieobecny', 020, 02873),
	(0001989, 'obecny', 080, 00641),
	(0001990, 'obecny', 034, 02035),
	(0001991, 'spóźniony', 008, 02896),
	(0001992, 'nieobecny', 067, 00894),
	(0001993, 'spóźniony', 044, 01098),
	(0001994, 'obecny', 095, 02964),
	(0001995, 'nieobecny', 094, 02250),
	(0001996, 'nieobecny', 038, 01030),
	(0001997, 'spóźniony', 082, 03912),
	(0001998, 'nieobecny', 039, 01209),
	(0001999, 'spóźniony', 094, 01710),
	(0002000, 'nieobecny', 024, 01626),
	(0002001, 'spóźniony', 031, 00781),
	(0002002, 'obecny', 026, 02691),
	(0002003, 'obecny', 027, 01426),
	(0002004, 'spóźniony', 087, 01417),
	(0002005, 'spóźniony', 097, 00327),
	(0002006, 'obecny', 013, 01969),
	(0002007, 'spóźniony', 019, 04228),
	(0002008, 'obecny', 066, 00071),
	(0002009, 'nieobecny', 020, 02636),
	(0002010, 'spóźniony', 095, 02272),
	(0002011, 'obecny', 010, 02800),
	(0002012, 'nieobecny', 068, 03705),
	(0002013, 'nieobecny', 061, 02895),
	(0002014, 'spóźniony', 048, 01125),
	(0002015, 'obecny', 041, 00254),
	(0002016, 'obecny', 052, 02844),
	(0002017, 'nieobecny', 086, 01757),
	(0002018, 'spóźniony', 071, 02325),
	(0002019, 'obecny', 073, 03931),
	(0002020, 'obecny', 084, 01664),
	(0002021, 'spóźniony', 020, 02861),
	(0002022, 'spóźniony', 044, 01605),
	(0002023, 'obecny', 004, 02749),
	(0002024, 'spóźniony', 017, 01791),
	(0002025, 'spóźniony', 011, 03801),
	(0002026, 'spóźniony', 055, 00732),
	(0002027, 'nieobecny', 033, 01094),
	(0002028, 'obecny', 062, 03658),
	(0002029, 'spóźniony', 085, 03108),
	(0002030, 'spóźniony', 019, 02145),
	(0002031, 'nieobecny', 028, 02216),
	(0002032, 'obecny', 071, 00233),
	(0002033, 'spóźniony', 034, 03431),
	(0002034, 'nieobecny', 097, 00306),
	(0002035, 'obecny', 093, 02731),
	(0002036, 'spóźniony', 088, 02994),
	(0002037, 'obecny', 016, 03761),
	(0002038, 'spóźniony', 063, 04023),
	(0002039, 'spóźniony', 025, 00125),
	(0002040, 'obecny', 048, 00609),
	(0002041, 'nieobecny', 070, 03170),
	(0002042, 'obecny', 098, 00006),
	(0002043, 'obecny', 081, 02062),
	(0002044, 'spóźniony', 054, 03995),
	(0002045, 'spóźniony', 032, 01613),
	(0002046, 'spóźniony', 097, 00301),
	(0002047, 'nieobecny', 087, 00044),
	(0002048, 'spóźniony', 032, 04077),
	(0002049, 'nieobecny', 058, 01961),
	(0002050, 'nieobecny', 054, 03473),
	(0002051, 'obecny', 082, 00830),
	(0002052, 'nieobecny', 038, 00614),
	(0002053, 'nieobecny', 039, 01800),
	(0002054, 'nieobecny', 040, 00789),
	(0002055, 'obecny', 070, 01594),
	(0002056, 'obecny', 094, 00050),
	(0002057, 'spóźniony', 032, 02644),
	(0002058, 'spóźniony', 048, 01587),
	(0002059, 'obecny', 076, 00922),
	(0002060, 'obecny', 097, 01419),
	(0002061, 'nieobecny', 036, 04207),
	(0002062, 'spóźniony', 046, 03697),
	(0002063, 'nieobecny', 091, 00516),
	(0002064, 'obecny', 026, 03790),
	(0002065, 'spóźniony', 058, 01088),
	(0002066, 'spóźniony', 008, 03842),
	(0002067, 'obecny', 077, 02211),
	(0002068, 'nieobecny', 054, 03042),
	(0002069, 'obecny', 009, 01965),
	(0002070, 'spóźniony', 008, 01939),
	(0002071, 'obecny', 083, 03179),
	(0002072, 'obecny', 005, 02573),
	(0002073, 'obecny', 025, 02359),
	(0002074, 'nieobecny', 009, 03362),
	(0002075, 'nieobecny', 080, 01955),
	(0002076, 'nieobecny', 033, 02807),
	(0002077, 'spóźniony', 065, 00363),
	(0002078, 'nieobecny', 054, 01025),
	(0002079, 'nieobecny', 014, 03873),
	(0002080, 'obecny', 058, 01363),
	(0002081, 'nieobecny', 039, 03052),
	(0002082, 'spóźniony', 079, 01761),
	(0002083, 'spóźniony', 081, 03097),
	(0002084, 'nieobecny', 076, 03944),
	(0002085, 'spóźniony', 066, 02771),
	(0002086, 'obecny', 069, 02474),
	(0002087, 'spóźniony', 098, 02518),
	(0002088, 'spóźniony', 083, 00354),
	(0002089, 'obecny', 030, 02002),
	(0002090, 'spóźniony', 026, 00614),
	(0002091, 'nieobecny', 010, 02936),
	(0002092, 'obecny', 069, 00283),
	(0002093, 'nieobecny', 002, 02670),
	(0002094, 'nieobecny', 095, 02418),
	(0002095, 'obecny', 099, 00236),
	(0002096, 'spóźniony', 020, 00934),
	(0002097, 'obecny', 082, 00600),
	(0002098, 'obecny', 057, 04020),
	(0002099, 'nieobecny', 095, 04300),
	(0002100, 'nieobecny', 070, 01123),
	(0002101, 'obecny', 069, 01666),
	(0002102, 'nieobecny', 047, 02396),
	(0002103, 'obecny', 021, 02397),
	(0002104, 'obecny', 033, 02169),
	(0002105, 'spóźniony', 048, 03233),
	(0002106, 'spóźniony', 006, 00828),
	(0002107, 'obecny', 078, 01196),
	(0002108, 'nieobecny', 053, 04130),
	(0002109, 'spóźniony', 067, 03175),
	(0002110, 'nieobecny', 015, 02398),
	(0002111, 'obecny', 095, 01060),
	(0002112, 'spóźniony', 086, 00008),
	(0002113, 'obecny', 017, 01746),
	(0002114, 'spóźniony', 042, 01362),
	(0002115, 'nieobecny', 019, 02749),
	(0002116, 'spóźniony', 082, 02701),
	(0002117, 'spóźniony', 099, 00868),
	(0002118, 'nieobecny', 084, 02235),
	(0002119, 'obecny', 042, 01245),
	(0002120, 'spóźniony', 053, 03216),
	(0002121, 'spóźniony', 044, 00509),
	(0002122, 'nieobecny', 030, 04226),
	(0002123, 'spóźniony', 033, 02332),
	(0002124, 'nieobecny', 027, 02565),
	(0002125, 'obecny', 092, 02208),
	(0002126, 'nieobecny', 082, 03370),
	(0002127, 'obecny', 030, 01638),
	(0002128, 'obecny', 060, 00437),
	(0002129, 'spóźniony', 053, 01521),
	(0002130, 'obecny', 002, 03445),
	(0002131, 'obecny', 071, 01799),
	(0002132, 'nieobecny', 076, 03045),
	(0002133, 'obecny', 072, 00122),
	(0002134, 'nieobecny', 096, 03759),
	(0002135, 'spóźniony', 085, 02895),
	(0002136, 'obecny', 047, 02661),
	(0002137, 'nieobecny', 018, 04104),
	(0002138, 'spóźniony', 094, 00768),
	(0002139, 'obecny', 048, 02156),
	(0002140, 'obecny', 035, 00887),
	(0002141, 'spóźniony', 013, 00584),
	(0002142, 'nieobecny', 022, 02294),
	(0002143, 'spóźniony', 052, 02967),
	(0002144, 'nieobecny', 036, 02447),
	(0002145, 'obecny', 018, 03992),
	(0002146, 'spóźniony', 061, 00119),
	(0002147, 'obecny', 007, 04223),
	(0002148, 'nieobecny', 045, 02267),
	(0002149, 'spóźniony', 082, 00826),
	(0002150, 'spóźniony', 030, 04021),
	(0002151, 'spóźniony', 077, 02371),
	(0002152, 'nieobecny', 027, 01552),
	(0002153, 'obecny', 026, 02852),
	(0002154, 'obecny', 014, 03201),
	(0002155, 'nieobecny', 053, 00734),
	(0002156, 'spóźniony', 061, 01401),
	(0002157, 'obecny', 022, 00843),
	(0002158, 'spóźniony', 009, 03492),
	(0002159, 'nieobecny', 079, 04073),
	(0002160, 'obecny', 045, 00955),
	(0002161, 'nieobecny', 099, 01248),
	(0002162, 'spóźniony', 053, 04090),
	(0002163, 'nieobecny', 007, 03730),
	(0002164, 'spóźniony', 033, 02387),
	(0002165, 'spóźniony', 033, 02721),
	(0002166, 'obecny', 008, 00699),
	(0002167, 'obecny', 046, 00877),
	(0002168, 'spóźniony', 019, 02554),
	(0002169, 'spóźniony', 017, 02095),
	(0002170, 'spóźniony', 048, 02074),
	(0002171, 'obecny', 080, 01211),
	(0002172, 'nieobecny', 079, 00424),
	(0002173, 'obecny', 065, 01652),
	(0002174, 'nieobecny', 086, 00646),
	(0002175, 'nieobecny', 025, 03649),
	(0002176, 'nieobecny', 032, 03203),
	(0002177, 'spóźniony', 046, 03717),
	(0002178, 'obecny', 080, 02245),
	(0002179, 'spóźniony', 041, 01063),
	(0002180, 'nieobecny', 092, 03660),
	(0002181, 'spóźniony', 058, 03653),
	(0002182, 'nieobecny', 016, 02945),
	(0002183, 'nieobecny', 075, 00700),
	(0002184, 'obecny', 092, 01939),
	(0002185, 'obecny', 040, 02809),
	(0002186, 'obecny', 015, 03542),
	(0002187, 'obecny', 090, 00776),
	(0002188, 'spóźniony', 100, 01861),
	(0002189, 'spóźniony', 015, 02643),
	(0002190, 'spóźniony', 075, 02385),
	(0002191, 'obecny', 062, 00538),
	(0002192, 'spóźniony', 006, 02316),
	(0002193, 'obecny', 074, 02633),
	(0002194, 'nieobecny', 037, 01089),
	(0002195, 'spóźniony', 073, 00735),
	(0002196, 'obecny', 033, 01419),
	(0002197, 'spóźniony', 068, 00683),
	(0002198, 'obecny', 012, 03882),
	(0002199, 'obecny', 048, 02480),
	(0002200, 'nieobecny', 021, 02111),
	(0002201, 'spóźniony', 011, 01971),
	(0002202, 'nieobecny', 018, 01607),
	(0002203, 'spóźniony', 016, 00588),
	(0002204, 'spóźniony', 022, 00072),
	(0002205, 'spóźniony', 069, 02543),
	(0002206, 'obecny', 036, 03140),
	(0002207, 'spóźniony', 073, 01440),
	(0002208, 'obecny', 077, 00939),
	(0002209, 'spóźniony', 072, 03629),
	(0002210, 'obecny', 037, 02454),
	(0002211, 'nieobecny', 087, 02508),
	(0002212, 'spóźniony', 093, 03410),
	(0002213, 'nieobecny', 032, 00679),
	(0002214, 'obecny', 023, 00113),
	(0002215, 'spóźniony', 067, 01169),
	(0002216, 'spóźniony', 052, 02564),
	(0002217, 'spóźniony', 074, 01672),
	(0002218, 'spóźniony', 094, 02485),
	(0002219, 'nieobecny', 054, 01001),
	(0002220, 'obecny', 022, 03461),
	(0002221, 'obecny', 067, 03437),
	(0002222, 'spóźniony', 081, 02807),
	(0002223, 'obecny', 067, 03144),
	(0002224, 'obecny', 023, 03086),
	(0002225, 'spóźniony', 041, 03296),
	(0002226, 'nieobecny', 054, 02294),
	(0002227, 'obecny', 047, 00485),
	(0002228, 'nieobecny', 032, 03244),
	(0002229, 'spóźniony', 091, 00418),
	(0002230, 'nieobecny', 075, 02798),
	(0002231, 'obecny', 006, 02921),
	(0002232, 'nieobecny', 028, 01834),
	(0002233, 'spóźniony', 018, 03600),
	(0002234, 'spóźniony', 080, 01670),
	(0002235, 'obecny', 011, 01339),
	(0002236, 'nieobecny', 045, 02124),
	(0002237, 'nieobecny', 057, 02396),
	(0002238, 'obecny', 098, 01203),
	(0002239, 'obecny', 005, 03315),
	(0002240, 'obecny', 028, 03905),
	(0002241, 'obecny', 041, 03558),
	(0002242, 'spóźniony', 091, 01014),
	(0002243, 'obecny', 039, 03859),
	(0002244, 'spóźniony', 030, 03320),
	(0002245, 'obecny', 052, 03915),
	(0002246, 'nieobecny', 030, 00519),
	(0002247, 'spóźniony', 042, 02465),
	(0002248, 'obecny', 014, 00325),
	(0002249, 'nieobecny', 034, 03315),
	(0002250, 'spóźniony', 010, 03138),
	(0002251, 'obecny', 043, 04212),
	(0002252, 'spóźniony', 020, 00745),
	(0002253, 'spóźniony', 091, 01398),
	(0002254, 'spóźniony', 020, 03755),
	(0002255, 'obecny', 091, 02076),
	(0002256, 'obecny', 059, 02539),
	(0002257, 'obecny', 038, 03909),
	(0002258, 'obecny', 056, 03171),
	(0002259, 'spóźniony', 079, 00911),
	(0002260, 'obecny', 002, 02089),
	(0002261, 'spóźniony', 060, 02125),
	(0002262, 'nieobecny', 082, 01053),
	(0002263, 'obecny', 040, 03287),
	(0002264, 'obecny', 098, 00808),
	(0002265, 'nieobecny', 004, 02748),
	(0002266, 'nieobecny', 004, 00915),
	(0002267, 'obecny', 086, 03513),
	(0002268, 'nieobecny', 083, 03241),
	(0002269, 'nieobecny', 012, 01116),
	(0002270, 'spóźniony', 022, 00122),
	(0002271, 'obecny', 011, 01168),
	(0002272, 'spóźniony', 054, 01027),
	(0002273, 'nieobecny', 025, 03784),
	(0002274, 'nieobecny', 059, 03028),
	(0002275, 'obecny', 041, 00571),
	(0002276, 'nieobecny', 006, 03457),
	(0002277, 'spóźniony', 062, 03275),
	(0002278, 'nieobecny', 039, 01261),
	(0002279, 'spóźniony', 030, 00050),
	(0002280, 'obecny', 059, 03780),
	(0002281, 'spóźniony', 056, 03004),
	(0002282, 'spóźniony', 038, 02097),
	(0002283, 'spóźniony', 051, 01378),
	(0002284, 'spóźniony', 097, 02700),
	(0002285, 'obecny', 057, 03111),
	(0002286, 'spóźniony', 065, 02434),
	(0002287, 'obecny', 062, 03123),
	(0002288, 'nieobecny', 038, 02015),
	(0002289, 'obecny', 029, 03024),
	(0002290, 'spóźniony', 086, 02114),
	(0002291, 'obecny', 054, 01056),
	(0002292, 'obecny', 078, 03687),
	(0002293, 'nieobecny', 061, 02684),
	(0002294, 'spóźniony', 094, 00392),
	(0002295, 'nieobecny', 056, 02367),
	(0002296, 'nieobecny', 021, 04226),
	(0002297, 'spóźniony', 029, 03701),
	(0002298, 'nieobecny', 069, 01828),
	(0002299, 'spóźniony', 044, 02477),
	(0002300, 'spóźniony', 043, 00163),
	(0002301, 'spóźniony', 048, 00831),
	(0002302, 'nieobecny', 002, 02649),
	(0002303, 'obecny', 072, 03586),
	(0002304, 'obecny', 038, 04214),
	(0002305, 'spóźniony', 017, 03817),
	(0002306, 'spóźniony', 004, 03293),
	(0002307, 'spóźniony', 063, 00229),
	(0002308, 'spóźniony', 050, 00116),
	(0002309, 'obecny', 008, 01485),
	(0002310, 'obecny', 030, 01595),
	(0002311, 'spóźniony', 029, 00126),
	(0002312, 'nieobecny', 096, 04063),
	(0002313, 'nieobecny', 099, 00896),
	(0002314, 'spóźniony', 076, 00135),
	(0002315, 'nieobecny', 069, 03805),
	(0002316, 'spóźniony', 060, 02918),
	(0002317, 'obecny', 044, 02646),
	(0002318, 'nieobecny', 098, 04208),
	(0002319, 'spóźniony', 054, 00498),
	(0002320, 'obecny', 054, 00206),
	(0002321, 'nieobecny', 087, 02735),
	(0002322, 'nieobecny', 045, 01342),
	(0002323, 'spóźniony', 090, 02587),
	(0002324, 'nieobecny', 070, 03643),
	(0002325, 'spóźniony', 005, 03866),
	(0002326, 'nieobecny', 055, 02679),
	(0002327, 'nieobecny', 024, 02122),
	(0002328, 'spóźniony', 027, 02963),
	(0002329, 'nieobecny', 056, 01755),
	(0002330, 'nieobecny', 051, 01799),
	(0002331, 'obecny', 070, 03892),
	(0002332, 'spóźniony', 040, 04272),
	(0002333, 'obecny', 063, 01436),
	(0002334, 'nieobecny', 074, 02231),
	(0002335, 'spóźniony', 007, 02842),
	(0002336, 'nieobecny', 080, 00946),
	(0002337, 'spóźniony', 074, 04227),
	(0002338, 'spóźniony', 026, 01769),
	(0002339, 'nieobecny', 038, 02582),
	(0002340, 'nieobecny', 006, 03149),
	(0002341, 'nieobecny', 079, 01693),
	(0002342, 'nieobecny', 072, 04294),
	(0002343, 'spóźniony', 008, 01153),
	(0002344, 'nieobecny', 085, 03264),
	(0002345, 'nieobecny', 028, 00629),
	(0002346, 'spóźniony', 013, 03594),
	(0002347, 'spóźniony', 070, 02284),
	(0002348, 'spóźniony', 049, 01884),
	(0002349, 'spóźniony', 017, 02669),
	(0002350, 'nieobecny', 081, 02722),
	(0002351, 'obecny', 094, 01191),
	(0002352, 'spóźniony', 059, 01574),
	(0002353, 'nieobecny', 069, 03366),
	(0002354, 'nieobecny', 075, 00033),
	(0002355, 'obecny', 059, 02860),
	(0002356, 'spóźniony', 008, 02437),
	(0002357, 'spóźniony', 029, 04259),
	(0002358, 'obecny', 026, 02672),
	(0002359, 'nieobecny', 085, 02840),
	(0002360, 'spóźniony', 062, 03930),
	(0002361, 'obecny', 053, 03912),
	(0002362, 'spóźniony', 065, 01347),
	(0002363, 'spóźniony', 063, 00469),
	(0002364, 'obecny', 043, 01153),
	(0002365, 'obecny', 037, 02644),
	(0002366, 'nieobecny', 052, 00508),
	(0002367, 'spóźniony', 078, 01011),
	(0002368, 'spóźniony', 027, 00271),
	(0002369, 'spóźniony', 013, 04020),
	(0002370, 'nieobecny', 038, 00423),
	(0002371, 'obecny', 099, 02672),
	(0002372, 'spóźniony', 030, 02309),
	(0002373, 'spóźniony', 056, 03459),
	(0002374, 'obecny', 028, 00907),
	(0002375, 'nieobecny', 074, 03209),
	(0002376, 'nieobecny', 088, 03757),
	(0002377, 'spóźniony', 096, 03416),
	(0002378, 'nieobecny', 062, 03317),
	(0002379, 'nieobecny', 059, 00266),
	(0002380, 'nieobecny', 033, 03794),
	(0002381, 'spóźniony', 025, 02939),
	(0002382, 'obecny', 041, 04059),
	(0002383, 'spóźniony', 085, 01734),
	(0002384, 'obecny', 047, 00121),
	(0002385, 'spóźniony', 070, 04208),
	(0002386, 'obecny', 050, 00273),
	(0002387, 'spóźniony', 023, 03258),
	(0002388, 'nieobecny', 075, 01486),
	(0002389, 'spóźniony', 100, 01004),
	(0002390, 'nieobecny', 033, 02252),
	(0002391, 'obecny', 073, 02377),
	(0002392, 'obecny', 008, 00442),
	(0002393, 'obecny', 021, 01266),
	(0002394, 'nieobecny', 034, 02669),
	(0002395, 'obecny', 049, 02098),
	(0002396, 'nieobecny', 022, 03685),
	(0002397, 'nieobecny', 081, 03850),
	(0002398, 'obecny', 006, 01626),
	(0002399, 'obecny', 063, 03033),
	(0002400, 'nieobecny', 034, 03293),
	(0002401, 'obecny', 044, 00221),
	(0002402, 'obecny', 098, 00585),
	(0002403, 'nieobecny', 006, 04229),
	(0002404, 'obecny', 077, 01766),
	(0002405, 'obecny', 038, 01487),
	(0002406, 'spóźniony', 070, 02400),
	(0002407, 'spóźniony', 016, 00124),
	(0002408, 'nieobecny', 016, 01540),
	(0002409, 'nieobecny', 044, 04011),
	(0002410, 'nieobecny', 048, 01108),
	(0002411, 'spóźniony', 010, 02020),
	(0002412, 'obecny', 045, 03539),
	(0002413, 'spóźniony', 081, 02610),
	(0002414, 'nieobecny', 066, 02549),
	(0002415, 'nieobecny', 047, 04069),
	(0002416, 'spóźniony', 065, 02587),
	(0002417, 'spóźniony', 026, 01125),
	(0002418, 'spóźniony', 054, 01157),
	(0002419, 'obecny', 085, 01485),
	(0002420, 'obecny', 081, 01026),
	(0002421, 'spóźniony', 025, 03264),
	(0002422, 'obecny', 058, 00105),
	(0002423, 'spóźniony', 055, 02796),
	(0002424, 'nieobecny', 044, 04208),
	(0002425, 'spóźniony', 096, 04260),
	(0002426, 'obecny', 005, 00415),
	(0002427, 'spóźniony', 055, 02082),
	(0002428, 'nieobecny', 031, 01960),
	(0002429, 'nieobecny', 065, 02784),
	(0002430, 'nieobecny', 088, 02420),
	(0002431, 'nieobecny', 023, 00760),
	(0002432, 'nieobecny', 046, 02026),
	(0002433, 'nieobecny', 039, 00615),
	(0002434, 'obecny', 087, 03090),
	(0002435, 'spóźniony', 045, 02103),
	(0002436, 'nieobecny', 095, 03084),
	(0002437, 'spóźniony', 074, 00969),
	(0002438, 'spóźniony', 078, 00418),
	(0002439, 'spóźniony', 089, 03035),
	(0002440, 'nieobecny', 052, 03925),
	(0002441, 'obecny', 018, 02781),
	(0002442, 'nieobecny', 087, 00284),
	(0002443, 'nieobecny', 059, 03039),
	(0002444, 'obecny', 086, 03418),
	(0002445, 'obecny', 004, 02824),
	(0002446, 'nieobecny', 020, 02301),
	(0002447, 'spóźniony', 093, 04261),
	(0002448, 'nieobecny', 095, 04102),
	(0002449, 'nieobecny', 024, 00363),
	(0002450, 'spóźniony', 011, 00041),
	(0002451, 'nieobecny', 054, 00355),
	(0002452, 'nieobecny', 021, 00317),
	(0002453, 'nieobecny', 081, 01575),
	(0002454, 'spóźniony', 006, 01035),
	(0002455, 'nieobecny', 012, 02204),
	(0002456, 'spóźniony', 097, 00780),
	(0002457, 'obecny', 014, 03932),
	(0002458, 'nieobecny', 027, 03705),
	(0002459, 'nieobecny', 046, 04252),
	(0002460, 'spóźniony', 076, 03403),
	(0002461, 'obecny', 062, 02535),
	(0002462, 'spóźniony', 038, 01919),
	(0002463, 'obecny', 083, 03890),
	(0002464, 'nieobecny', 044, 01338),
	(0002465, 'spóźniony', 081, 00647),
	(0002466, 'obecny', 071, 00517),
	(0002467, 'obecny', 027, 04305),
	(0002468, 'nieobecny', 043, 00447),
	(0002469, 'nieobecny', 073, 02971),
	(0002470, 'nieobecny', 079, 01422),
	(0002471, 'nieobecny', 098, 02503),
	(0002472, 'obecny', 052, 01964),
	(0002473, 'spóźniony', 016, 02029),
	(0002474, 'spóźniony', 015, 02380),
	(0002475, 'obecny', 016, 03203),
	(0002476, 'obecny', 022, 02598),
	(0002477, 'spóźniony', 087, 04300),
	(0002478, 'nieobecny', 049, 03337),
	(0002479, 'nieobecny', 025, 00562),
	(0002480, 'nieobecny', 088, 01782),
	(0002481, 'obecny', 039, 01750),
	(0002482, 'nieobecny', 036, 01217),
	(0002483, 'obecny', 070, 03418),
	(0002484, 'spóźniony', 068, 01098),
	(0002485, 'obecny', 039, 01480),
	(0002486, 'obecny', 009, 02194),
	(0002487, 'obecny', 005, 03362),
	(0002488, 'nieobecny', 099, 01662),
	(0002489, 'nieobecny', 060, 03067),
	(0002490, 'obecny', 059, 04072),
	(0002491, 'nieobecny', 004, 00168),
	(0002492, 'spóźniony', 024, 00242),
	(0002493, 'nieobecny', 018, 00425),
	(0002494, 'obecny', 077, 00939),
	(0002495, 'nieobecny', 024, 01999),
	(0002496, 'spóźniony', 049, 01149),
	(0002497, 'obecny', 042, 02562),
	(0002498, 'nieobecny', 038, 01023),
	(0002499, 'spóźniony', 015, 02510),
	(0002500, 'obecny', 060, 00791),
	(0002501, 'nieobecny', 084, 02950),
	(0002502, 'spóźniony', 084, 00561),
	(0002503, 'spóźniony', 045, 03272),
	(0002504, 'nieobecny', 019, 00105),
	(0002505, 'nieobecny', 034, 02928),
	(0002506, 'nieobecny', 020, 00954),
	(0002507, 'nieobecny', 017, 03204),
	(0002508, 'obecny', 055, 04197),
	(0002509, 'spóźniony', 039, 00615),
	(0002510, 'nieobecny', 061, 03897),
	(0002511, 'nieobecny', 025, 02325),
	(0002512, 'nieobecny', 048, 00511),
	(0002513, 'obecny', 099, 00425),
	(0002514, 'spóźniony', 068, 02781),
	(0002515, 'nieobecny', 099, 02119),
	(0002516, 'nieobecny', 093, 03474),
	(0002517, 'obecny', 073, 02777),
	(0002518, 'spóźniony', 094, 03989),
	(0002519, 'nieobecny', 012, 00082),
	(0002520, 'spóźniony', 004, 02636),
	(0002521, 'nieobecny', 053, 02175),
	(0002522, 'spóźniony', 015, 03598),
	(0002523, 'obecny', 017, 00943),
	(0002524, 'spóźniony', 003, 00457),
	(0002525, 'nieobecny', 083, 01803),
	(0002526, 'obecny', 037, 03721),
	(0002527, 'obecny', 017, 04209),
	(0002528, 'spóźniony', 037, 02121),
	(0002529, 'nieobecny', 070, 00723),
	(0002530, 'nieobecny', 025, 00487),
	(0002531, 'nieobecny', 014, 03325),
	(0002532, 'nieobecny', 089, 04073),
	(0002533, 'nieobecny', 028, 00792),
	(0002534, 'obecny', 034, 00102),
	(0002535, 'nieobecny', 060, 01401),
	(0002536, 'obecny', 001, 01769),
	(0002537, 'obecny', 047, 00792),
	(0002538, 'spóźniony', 091, 00147),
	(0002539, 'spóźniony', 036, 02461),
	(0002540, 'obecny', 067, 03687),
	(0002541, 'obecny', 077, 01940),
	(0002542, 'obecny', 086, 00571),
	(0002543, 'spóźniony', 048, 02302),
	(0002544, 'spóźniony', 082, 00116),
	(0002545, 'nieobecny', 036, 02618),
	(0002546, 'spóźniony', 093, 01385),
	(0002547, 'nieobecny', 036, 03235),
	(0002548, 'nieobecny', 031, 00392),
	(0002549, 'spóźniony', 066, 03944),
	(0002550, 'spóźniony', 011, 00285),
	(0002551, 'nieobecny', 032, 00029),
	(0002552, 'nieobecny', 064, 02991),
	(0002553, 'spóźniony', 051, 01023),
	(0002554, 'nieobecny', 037, 01464),
	(0002555, 'nieobecny', 029, 00736),
	(0002556, 'obecny', 075, 03773),
	(0002557, 'obecny', 088, 03431),
	(0002558, 'nieobecny', 081, 01326),
	(0002559, 'obecny', 087, 01542),
	(0002560, 'obecny', 073, 02095),
	(0002561, 'spóźniony', 053, 01689),
	(0002562, 'obecny', 030, 00920),
	(0002563, 'nieobecny', 016, 01070),
	(0002564, 'spóźniony', 085, 01450),
	(0002565, 'spóźniony', 079, 03049),
	(0002566, 'obecny', 048, 02067),
	(0002567, 'obecny', 080, 01862),
	(0002568, 'nieobecny', 005, 00834),
	(0002569, 'spóźniony', 006, 00933),
	(0002570, 'nieobecny', 029, 00175),
	(0002571, 'obecny', 026, 01201),
	(0002572, 'obecny', 044, 00144),
	(0002573, 'spóźniony', 085, 01635),
	(0002574, 'nieobecny', 084, 02097),
	(0002575, 'obecny', 065, 01001),
	(0002576, 'obecny', 008, 00181),
	(0002577, 'spóźniony', 062, 03439),
	(0002578, 'nieobecny', 023, 00366),
	(0002579, 'spóźniony', 067, 02485),
	(0002580, 'obecny', 018, 02149),
	(0002581, 'nieobecny', 015, 00239),
	(0002582, 'obecny', 031, 01968),
	(0002583, 'nieobecny', 047, 03439),
	(0002584, 'spóźniony', 002, 01318),
	(0002585, 'obecny', 061, 03134),
	(0002586, 'nieobecny', 090, 00724),
	(0002587, 'nieobecny', 013, 02282),
	(0002588, 'spóźniony', 089, 01399),
	(0002589, 'nieobecny', 037, 02938),
	(0002590, 'nieobecny', 040, 00224),
	(0002591, 'spóźniony', 003, 03883),
	(0002592, 'obecny', 004, 00511),
	(0002593, 'nieobecny', 097, 00450),
	(0002594, 'nieobecny', 099, 03294),
	(0002595, 'obecny', 012, 00208),
	(0002596, 'obecny', 018, 01880),
	(0002597, 'nieobecny', 050, 00609),
	(0002598, 'spóźniony', 088, 01734),
	(0002599, 'obecny', 043, 01140),
	(0002600, 'spóźniony', 095, 02518),
	(0002601, 'obecny', 082, 01871),
	(0002602, 'obecny', 096, 01199),
	(0002603, 'obecny', 055, 01365),
	(0002604, 'spóźniony', 091, 03477),
	(0002605, 'spóźniony', 081, 00303),
	(0002606, 'spóźniony', 042, 01635),
	(0002607, 'obecny', 099, 02344),
	(0002608, 'nieobecny', 034, 02228),
	(0002609, 'spóźniony', 015, 01269),
	(0002610, 'spóźniony', 042, 00962),
	(0002611, 'nieobecny', 012, 03337),
	(0002612, 'obecny', 004, 00708),
	(0002613, 'spóźniony', 074, 01323),
	(0002614, 'nieobecny', 006, 01166),
	(0002615, 'spóźniony', 079, 03179),
	(0002616, 'spóźniony', 038, 00919),
	(0002617, 'obecny', 082, 02443),
	(0002618, 'nieobecny', 061, 01445),
	(0002619, 'spóźniony', 081, 03682),
	(0002620, 'obecny', 071, 01925),
	(0002621, 'nieobecny', 090, 01092),
	(0002622, 'nieobecny', 072, 02690),
	(0002623, 'obecny', 085, 00776),
	(0002624, 'obecny', 017, 00050),
	(0002625, 'spóźniony', 020, 00017),
	(0002626, 'obecny', 074, 00826),
	(0002627, 'spóźniony', 044, 03332),
	(0002628, 'obecny', 051, 03191),
	(0002629, 'nieobecny', 064, 04301),
	(0002630, 'nieobecny', 100, 02560),
	(0002631, 'spóźniony', 053, 00843),
	(0002632, 'nieobecny', 024, 02815),
	(0002633, 'obecny', 029, 03516),
	(0002634, 'nieobecny', 053, 03032),
	(0002635, 'obecny', 086, 02511),
	(0002636, 'obecny', 093, 02592),
	(0002637, 'nieobecny', 048, 00267),
	(0002638, 'obecny', 032, 00021),
	(0002639, 'obecny', 098, 01973),
	(0002640, 'obecny', 073, 02877),
	(0002641, 'nieobecny', 051, 00055),
	(0002642, 'nieobecny', 067, 04184),
	(0002643, 'nieobecny', 053, 03902),
	(0002644, 'obecny', 031, 02105),
	(0002645, 'obecny', 009, 00538),
	(0002646, 'spóźniony', 082, 00825),
	(0002647, 'spóźniony', 087, 03965),
	(0002648, 'obecny', 011, 01539),
	(0002649, 'spóźniony', 010, 02655),
	(0002650, 'obecny', 003, 03961),
	(0002651, 'nieobecny', 012, 00623),
	(0002652, 'spóźniony', 085, 02345),
	(0002653, 'nieobecny', 072, 03819),
	(0002654, 'nieobecny', 004, 00042),
	(0002655, 'nieobecny', 071, 02925),
	(0002656, 'spóźniony', 093, 03145),
	(0002657, 'spóźniony', 078, 00001),
	(0002658, 'obecny', 013, 00449),
	(0002659, 'nieobecny', 039, 00045),
	(0002660, 'obecny', 079, 03401),
	(0002661, 'nieobecny', 077, 01150),
	(0002662, 'nieobecny', 066, 03642),
	(0002663, 'nieobecny', 029, 03299),
	(0002664, 'nieobecny', 036, 03914),
	(0002665, 'spóźniony', 097, 01418),
	(0002666, 'obecny', 096, 02113),
	(0002667, 'spóźniony', 009, 00029),
	(0002668, 'nieobecny', 055, 03545),
	(0002669, 'obecny', 080, 03402),
	(0002670, 'obecny', 049, 03969),
	(0002671, 'nieobecny', 034, 03582),
	(0002672, 'obecny', 055, 00785),
	(0002673, 'obecny', 019, 03145),
	(0002674, 'nieobecny', 093, 00082),
	(0002675, 'obecny', 028, 00015),
	(0002676, 'spóźniony', 052, 03756),
	(0002677, 'nieobecny', 008, 00409),
	(0002678, 'obecny', 023, 01912),
	(0002679, 'obecny', 100, 03172),
	(0002680, 'obecny', 092, 02363),
	(0002681, 'nieobecny', 067, 00442),
	(0002682, 'spóźniony', 024, 01759),
	(0002683, 'spóźniony', 008, 00683),
	(0002684, 'spóźniony', 052, 01464),
	(0002685, 'nieobecny', 064, 01013),
	(0002686, 'spóźniony', 081, 01305),
	(0002687, 'obecny', 077, 01209),
	(0002688, 'nieobecny', 071, 01042),
	(0002689, 'nieobecny', 027, 00842),
	(0002690, 'obecny', 020, 02688),
	(0002691, 'obecny', 024, 00053),
	(0002692, 'spóźniony', 061, 01157),
	(0002693, 'spóźniony', 025, 04217),
	(0002694, 'nieobecny', 072, 03173),
	(0002695, 'spóźniony', 091, 03485),
	(0002696, 'nieobecny', 044, 01510),
	(0002697, 'spóźniony', 060, 01668),
	(0002698, 'nieobecny', 053, 00128),
	(0002699, 'obecny', 034, 01818),
	(0002700, 'nieobecny', 001, 03196),
	(0002701, 'nieobecny', 015, 03523),
	(0002702, 'obecny', 019, 00345),
	(0002703, 'spóźniony', 089, 03586),
	(0002704, 'obecny', 024, 01219),
	(0002705, 'nieobecny', 038, 04036),
	(0002706, 'nieobecny', 015, 02261),
	(0002707, 'nieobecny', 061, 02114),
	(0002708, 'obecny', 003, 04320),
	(0002709, 'obecny', 045, 02134),
	(0002710, 'spóźniony', 025, 00259),
	(0002711, 'obecny', 004, 02930),
	(0002712, 'obecny', 048, 01463),
	(0002713, 'obecny', 089, 03352),
	(0002714, 'nieobecny', 030, 03752),
	(0002715, 'obecny', 078, 03509),
	(0002716, 'nieobecny', 081, 03509),
	(0002717, 'obecny', 022, 02952),
	(0002718, 'spóźniony', 095, 00480),
	(0002719, 'obecny', 059, 00390),
	(0002720, 'nieobecny', 088, 01995),
	(0002721, 'obecny', 039, 04043),
	(0002722, 'spóźniony', 043, 00574),
	(0002723, 'obecny', 007, 03470),
	(0002724, 'nieobecny', 059, 03393),
	(0002725, 'spóźniony', 069, 02226),
	(0002726, 'spóźniony', 048, 03036),
	(0002727, 'nieobecny', 096, 00199),
	(0002728, 'nieobecny', 096, 04265),
	(0002729, 'spóźniony', 028, 00985),
	(0002730, 'spóźniony', 097, 03873),
	(0002731, 'obecny', 027, 03952),
	(0002732, 'nieobecny', 091, 02865),
	(0002733, 'spóźniony', 050, 01237),
	(0002734, 'spóźniony', 060, 00110),
	(0002735, 'spóźniony', 004, 00686),
	(0002736, 'spóźniony', 096, 02313),
	(0002737, 'nieobecny', 036, 02892),
	(0002738, 'nieobecny', 044, 04079),
	(0002739, 'obecny', 040, 01869),
	(0002740, 'spóźniony', 013, 01242),
	(0002741, 'spóźniony', 016, 00889),
	(0002742, 'obecny', 099, 01506),
	(0002743, 'spóźniony', 007, 00711),
	(0002744, 'nieobecny', 089, 03470),
	(0002745, 'spóźniony', 072, 00576),
	(0002746, 'obecny', 076, 03165),
	(0002747, 'nieobecny', 089, 02794),
	(0002748, 'nieobecny', 049, 02027),
	(0002749, 'nieobecny', 044, 02725),
	(0002750, 'nieobecny', 020, 03511),
	(0002751, 'spóźniony', 097, 04157),
	(0002752, 'nieobecny', 048, 03726),
	(0002753, 'nieobecny', 021, 04249),
	(0002754, 'spóźniony', 030, 03532),
	(0002755, 'nieobecny', 001, 02041),
	(0002756, 'spóźniony', 009, 01635),
	(0002757, 'spóźniony', 060, 03677),
	(0002758, 'obecny', 041, 03314),
	(0002759, 'nieobecny', 023, 01693),
	(0002760, 'spóźniony', 092, 01500),
	(0002761, 'obecny', 068, 03866),
	(0002762, 'spóźniony', 066, 04068),
	(0002763, 'nieobecny', 088, 04167),
	(0002764, 'spóźniony', 095, 03740),
	(0002765, 'spóźniony', 087, 03786),
	(0002766, 'spóźniony', 034, 02472),
	(0002767, 'obecny', 065, 03627),
	(0002768, 'spóźniony', 041, 01362),
	(0002769, 'spóźniony', 082, 03759),
	(0002770, 'obecny', 052, 03958),
	(0002771, 'spóźniony', 039, 03435),
	(0002772, 'nieobecny', 061, 03168),
	(0002773, 'nieobecny', 058, 03371),
	(0002774, 'obecny', 077, 03499),
	(0002775, 'nieobecny', 077, 00529),
	(0002776, 'obecny', 089, 02186),
	(0002777, 'nieobecny', 085, 01242),
	(0002778, 'nieobecny', 074, 01500),
	(0002779, 'spóźniony', 041, 04089),
	(0002780, 'spóźniony', 009, 00321),
	(0002781, 'nieobecny', 045, 00900),
	(0002782, 'spóźniony', 077, 00419),
	(0002783, 'nieobecny', 083, 00084),
	(0002784, 'spóźniony', 043, 02472),
	(0002785, 'spóźniony', 016, 01261),
	(0002786, 'obecny', 052, 03901),
	(0002787, 'nieobecny', 078, 03173),
	(0002788, 'spóźniony', 087, 04114),
	(0002789, 'obecny', 095, 03778),
	(0002790, 'nieobecny', 055, 01260),
	(0002791, 'obecny', 034, 04300),
	(0002792, 'nieobecny', 013, 00568),
	(0002793, 'nieobecny', 045, 01021),
	(0002794, 'nieobecny', 005, 01928),
	(0002795, 'obecny', 047, 01718),
	(0002796, 'nieobecny', 079, 01835),
	(0002797, 'nieobecny', 068, 02296),
	(0002798, 'spóźniony', 045, 02560),
	(0002799, 'obecny', 033, 01579),
	(0002800, 'spóźniony', 066, 03977),
	(0002801, 'obecny', 028, 03414),
	(0002802, 'nieobecny', 027, 04187),
	(0002803, 'nieobecny', 072, 00796),
	(0002804, 'obecny', 054, 01036),
	(0002805, 'obecny', 087, 02557),
	(0002806, 'nieobecny', 094, 00894),
	(0002807, 'nieobecny', 044, 04164),
	(0002808, 'spóźniony', 028, 04126),
	(0002809, 'spóźniony', 099, 01363),
	(0002810, 'nieobecny', 058, 03194),
	(0002811, 'spóźniony', 034, 02820),
	(0002812, 'obecny', 076, 03352),
	(0002813, 'obecny', 033, 02425),
	(0002814, 'nieobecny', 012, 01448),
	(0002815, 'nieobecny', 013, 04309),
	(0002816, 'obecny', 037, 01951),
	(0002817, 'nieobecny', 046, 00355),
	(0002818, 'spóźniony', 098, 02430),
	(0002819, 'spóźniony', 047, 00669),
	(0002820, 'spóźniony', 031, 04283),
	(0002821, 'spóźniony', 069, 00367),
	(0002822, 'spóźniony', 083, 01775),
	(0002823, 'spóźniony', 037, 02375),
	(0002824, 'spóźniony', 082, 03829),
	(0002825, 'obecny', 035, 03181),
	(0002826, 'spóźniony', 078, 00964),
	(0002827, 'spóźniony', 010, 00643),
	(0002828, 'nieobecny', 001, 00374),
	(0002829, 'obecny', 080, 01386),
	(0002830, 'spóźniony', 048, 02290),
	(0002831, 'nieobecny', 003, 03615),
	(0002832, 'obecny', 073, 00963),
	(0002833, 'obecny', 015, 01495),
	(0002834, 'spóźniony', 003, 00916),
	(0002835, 'obecny', 069, 00994),
	(0002836, 'obecny', 014, 00721),
	(0002837, 'obecny', 032, 02081),
	(0002838, 'nieobecny', 008, 02964),
	(0002839, 'nieobecny', 045, 01883),
	(0002840, 'spóźniony', 012, 00749),
	(0002841, 'nieobecny', 099, 00188),
	(0002842, 'spóźniony', 028, 02696),
	(0002843, 'nieobecny', 087, 01415),
	(0002844, 'nieobecny', 097, 03765),
	(0002845, 'obecny', 001, 00344),
	(0002846, 'nieobecny', 020, 04205),
	(0002847, 'nieobecny', 024, 00199),
	(0002848, 'spóźniony', 011, 02401),
	(0002849, 'nieobecny', 018, 04023),
	(0002850, 'obecny', 030, 04184),
	(0002851, 'obecny', 050, 01345),
	(0002852, 'spóźniony', 085, 02244),
	(0002853, 'obecny', 043, 01940),
	(0002854, 'spóźniony', 025, 03646),
	(0002855, 'obecny', 013, 02754),
	(0002856, 'nieobecny', 028, 00879),
	(0002857, 'nieobecny', 095, 00505),
	(0002858, 'nieobecny', 078, 01639),
	(0002859, 'spóźniony', 061, 03803),
	(0002860, 'obecny', 081, 02175),
	(0002861, 'spóźniony', 069, 00912),
	(0002862, 'obecny', 090, 03522),
	(0002863, 'obecny', 014, 01743),
	(0002864, 'spóźniony', 057, 03174),
	(0002865, 'obecny', 030, 02321),
	(0002866, 'nieobecny', 013, 02900),
	(0002867, 'obecny', 019, 03398),
	(0002868, 'nieobecny', 053, 03705),
	(0002869, 'nieobecny', 045, 02123),
	(0002870, 'spóźniony', 059, 02798),
	(0002871, 'obecny', 095, 00859),
	(0002872, 'obecny', 074, 03401),
	(0002873, 'nieobecny', 018, 02106),
	(0002874, 'nieobecny', 038, 02777),
	(0002875, 'nieobecny', 099, 01056),
	(0002876, 'obecny', 017, 00515),
	(0002877, 'spóźniony', 049, 02862),
	(0002878, 'nieobecny', 094, 00375),
	(0002879, 'nieobecny', 080, 02169),
	(0002880, 'obecny', 054, 03455),
	(0002881, 'obecny', 056, 03086),
	(0002882, 'obecny', 048, 01358),
	(0002883, 'nieobecny', 014, 02140),
	(0002884, 'spóźniony', 012, 00776),
	(0002885, 'obecny', 075, 01388),
	(0002886, 'obecny', 075, 01678),
	(0002887, 'nieobecny', 009, 00871),
	(0002888, 'obecny', 053, 03053),
	(0002889, 'nieobecny', 068, 01042),
	(0002890, 'nieobecny', 094, 02708),
	(0002891, 'spóźniony', 057, 03127),
	(0002892, 'obecny', 031, 00026),
	(0002893, 'obecny', 054, 00684),
	(0002894, 'nieobecny', 017, 01217),
	(0002895, 'spóźniony', 011, 03714),
	(0002896, 'nieobecny', 095, 02721),
	(0002897, 'spóźniony', 088, 04149),
	(0002898, 'nieobecny', 003, 02071),
	(0002899, 'obecny', 052, 04261),
	(0002900, 'nieobecny', 059, 01169),
	(0002901, 'obecny', 045, 00326),
	(0002902, 'obecny', 079, 00142),
	(0002903, 'spóźniony', 023, 00229),
	(0002904, 'spóźniony', 090, 00168),
	(0002905, 'nieobecny', 022, 02081),
	(0002906, 'spóźniony', 093, 01544),
	(0002907, 'spóźniony', 081, 02514),
	(0002908, 'obecny', 035, 02304),
	(0002909, 'nieobecny', 077, 04144),
	(0002910, 'spóźniony', 097, 01242),
	(0002911, 'spóźniony', 073, 03409),
	(0002912, 'obecny', 058, 00380),
	(0002913, 'spóźniony', 067, 00623),
	(0002914, 'nieobecny', 089, 03433),
	(0002915, 'obecny', 027, 04026),
	(0002916, 'nieobecny', 051, 01074),
	(0002917, 'obecny', 018, 01136),
	(0002918, 'nieobecny', 071, 03831),
	(0002919, 'nieobecny', 006, 00264),
	(0002920, 'obecny', 096, 00470),
	(0002921, 'obecny', 076, 01978),
	(0002922, 'obecny', 038, 00091),
	(0002923, 'spóźniony', 011, 01421),
	(0002924, 'obecny', 068, 02672),
	(0002925, 'obecny', 088, 02588),
	(0002926, 'spóźniony', 057, 04141),
	(0002927, 'obecny', 008, 04161),
	(0002928, 'spóźniony', 049, 00025),
	(0002929, 'obecny', 048, 02524),
	(0002930, 'nieobecny', 068, 00626),
	(0002931, 'spóźniony', 014, 02602),
	(0002932, 'spóźniony', 073, 01027),
	(0002933, 'obecny', 077, 00082),
	(0002934, 'nieobecny', 034, 00471),
	(0002935, 'spóźniony', 071, 03787),
	(0002936, 'obecny', 096, 03764),
	(0002937, 'spóźniony', 017, 02277),
	(0002938, 'nieobecny', 085, 01451),
	(0002939, 'obecny', 073, 01508),
	(0002940, 'obecny', 075, 01519),
	(0002941, 'obecny', 018, 01470),
	(0002942, 'obecny', 090, 01349),
	(0002943, 'obecny', 023, 02504),
	(0002944, 'spóźniony', 038, 03982),
	(0002945, 'obecny', 057, 01189),
	(0002946, 'nieobecny', 007, 03705),
	(0002947, 'nieobecny', 055, 02672),
	(0002948, 'obecny', 064, 03229),
	(0002949, 'obecny', 030, 00553),
	(0002950, 'nieobecny', 019, 02656),
	(0002951, 'nieobecny', 035, 01743),
	(0002952, 'spóźniony', 061, 01693),
	(0002953, 'nieobecny', 021, 02615),
	(0002954, 'nieobecny', 049, 01202),
	(0002955, 'obecny', 001, 00308),
	(0002956, 'nieobecny', 092, 02873),
	(0002957, 'spóźniony', 069, 01176),
	(0002958, 'spóźniony', 099, 01166),
	(0002959, 'nieobecny', 091, 01754),
	(0002960, 'obecny', 015, 01589),
	(0002961, 'nieobecny', 007, 03532),
	(0002962, 'nieobecny', 029, 03549),
	(0002963, 'obecny', 047, 00374),
	(0002964, 'nieobecny', 043, 01606),
	(0002965, 'nieobecny', 044, 03749),
	(0002966, 'nieobecny', 042, 03467),
	(0002967, 'nieobecny', 038, 03540),
	(0002968, 'spóźniony', 039, 02906),
	(0002969, 'obecny', 001, 01836),
	(0002970, 'spóźniony', 065, 04072),
	(0002971, 'spóźniony', 087, 02997),
	(0002972, 'spóźniony', 098, 01008),
	(0002973, 'nieobecny', 099, 04245),
	(0002974, 'nieobecny', 069, 01043),
	(0002975, 'nieobecny', 023, 03231),
	(0002976, 'obecny', 011, 01023),
	(0002977, 'obecny', 049, 03994),
	(0002978, 'obecny', 059, 03704),
	(0002979, 'obecny', 053, 04068),
	(0002980, 'obecny', 030, 01758),
	(0002981, 'obecny', 033, 03714),
	(0002982, 'nieobecny', 051, 03415),
	(0002983, 'spóźniony', 068, 01104),
	(0002984, 'spóźniony', 008, 01663),
	(0002985, 'nieobecny', 099, 02269),
	(0002986, 'obecny', 067, 03670),
	(0002987, 'obecny', 005, 01601),
	(0002988, 'spóźniony', 025, 02069),
	(0002989, 'spóźniony', 067, 00238),
	(0002990, 'nieobecny', 097, 02128),
	(0002991, 'spóźniony', 041, 00769),
	(0002992, 'obecny', 046, 03975),
	(0002993, 'spóźniony', 018, 03766),
	(0002994, 'obecny', 091, 01029),
	(0002995, 'spóźniony', 018, 03175),
	(0002996, 'obecny', 020, 02295),
	(0002997, 'spóźniony', 056, 03837),
	(0002998, 'nieobecny', 008, 01010),
	(0002999, 'obecny', 045, 03200),
	(0003000, 'nieobecny', 097, 01186),
	(0003001, 'spóźniony', 027, 00544),
	(0003002, 'nieobecny', 018, 01304),
	(0003003, 'spóźniony', 050, 00533),
	(0003004, 'spóźniony', 082, 01813),
	(0003005, 'spóźniony', 069, 02345),
	(0003006, 'nieobecny', 012, 02510),
	(0003007, 'obecny', 033, 02943),
	(0003008, 'obecny', 066, 03207),
	(0003009, 'obecny', 050, 03915),
	(0003010, 'spóźniony', 083, 00950),
	(0003011, 'nieobecny', 051, 02413),
	(0003012, 'spóźniony', 024, 02066),
	(0003013, 'nieobecny', 054, 00005),
	(0003014, 'spóźniony', 055, 02875),
	(0003015, 'obecny', 052, 02007),
	(0003016, 'spóźniony', 063, 03124),
	(0003017, 'spóźniony', 017, 03272),
	(0003018, 'spóźniony', 016, 02249),
	(0003019, 'spóźniony', 085, 00473),
	(0003020, 'obecny', 052, 00276),
	(0003021, 'obecny', 048, 02440),
	(0003022, 'spóźniony', 020, 00833),
	(0003023, 'obecny', 038, 04001),
	(0003024, 'spóźniony', 008, 01549),
	(0003025, 'nieobecny', 042, 02063);
/*!40000 ALTER TABLE `obecnosc` ENABLE KEYS */;

-- Zrzut struktury tabela id13767441_dziennik.ocena
CREATE TABLE IF NOT EXISTS `ocena` (
  `ocena_ID` int(6) unsigned zerofill NOT NULL AUTO_INCREMENT,
  `stopien` enum('0','1','2','3','4','5','6') COLLATE utf8_polish_ci NOT NULL DEFAULT '0',
  `waga` int(1) unsigned NOT NULL DEFAULT 1,
  `opis` varchar(100) COLLATE utf8_polish_ci DEFAULT 'Brak opisu',
  `data` date NOT NULL DEFAULT curdate(),
  `uczen_id` int(3) unsigned zerofill NOT NULL,
  `nauczyciel_przedmiotu_id` int(3) unsigned zerofill NOT NULL,
  PRIMARY KEY (`ocena_ID`),
  UNIQUE KEY `Indeks 1` (`ocena_ID`) USING BTREE,
  KEY `nauczyciel` (`nauczyciel_przedmiotu_id`),
  KEY `uczen` (`uczen_id`),
  KEY `data` (`data`) USING BTREE,
  CONSTRAINT `FK_ocena_nauczyciel_przedmiotu` FOREIGN KEY (`nauczyciel_przedmiotu_id`) REFERENCES `nauczyciel_przedmiotu` (`nauczyciel_przedmiotu_ID`),
  CONSTRAINT `FK_ocena_uczen` FOREIGN KEY (`uczen_id`) REFERENCES `uczen` (`uczen_ID`)
) ENGINE=InnoDB AUTO_INCREMENT=550 DEFAULT CHARSET=utf8 COLLATE=utf8_polish_ci;

-- Zrzucanie danych dla tabeli id13767441_dziennik.ocena: ~549 rows (około)
/*!40000 ALTER TABLE `ocena` DISABLE KEYS */;
REPLACE INTO `ocena` (`ocena_ID`, `stopien`, `waga`, `opis`, `data`, `uczen_id`, `nauczyciel_przedmiotu_id`) VALUES
	(000001, '4', 8, '', '2020-10-03', 024, 049),
	(000002, '4', 4, '', '2020-11-10', 078, 016),
	(000003, '6', 1, '', '2020-09-15', 056, 031),
	(000004, '5', 4, '', '2020-10-20', 065, 043),
	(000005, '4', 8, '', '2020-10-16', 007, 039),
	(000006, '1', 9, '', '2020-09-11', 068, 014),
	(000007, '5', 9, '', '2020-10-13', 004, 066),
	(000008, '2', 4, '', '2020-10-08', 027, 032),
	(000009, '1', 1, '', '2020-09-15', 039, 038),
	(000010, '3', 4, '', '2020-12-17', 014, 025),
	(000011, '3', 3, '', '2020-10-21', 097, 041),
	(000012, '1', 4, '', '2020-09-19', 031, 034),
	(000013, '0', 9, '', '2020-12-18', 053, 021),
	(000014, '3', 1, '', '2020-10-20', 033, 039),
	(000015, '4', 4, '', '2020-10-13', 062, 019),
	(000016, '6', 7, '', '2020-12-03', 051, 018),
	(000017, '2', 4, '', '2020-10-06', 082, 050),
	(000018, '5', 1, '', '2020-09-09', 027, 061),
	(000019, '6', 6, '', '2020-11-04', 020, 018),
	(000020, '1', 3, '', '2020-09-10', 091, 046),
	(000021, '2', 3, '', '2020-09-13', 050, 002),
	(000022, '1', 1, '', '2020-11-16', 093, 063),
	(000023, '4', 3, '', '2020-11-15', 090, 040),
	(000024, '0', 4, '', '2020-11-07', 010, 023),
	(000025, '0', 9, '', '2020-12-19', 059, 032),
	(000026, '5', 8, '', '2020-10-19', 019, 041),
	(000027, '4', 4, '', '2020-09-29', 009, 049),
	(000028, '2', 5, '', '2020-09-06', 055, 051),
	(000029, '4', 7, '', '2020-11-10', 001, 055),
	(000030, '2', 8, '', '2020-09-26', 012, 014),
	(000031, '2', 8, '', '2020-12-10', 039, 050),
	(000032, '6', 5, '', '2020-11-17', 022, 063),
	(000033, '2', 2, '', '2020-09-05', 089, 025),
	(000034, '4', 9, '', '2020-12-11', 030, 009),
	(000035, '6', 0, '', '2020-12-03', 060, 011),
	(000036, '2', 5, '', '2020-10-30', 087, 034),
	(000037, '6', 8, '', '2020-10-22', 007, 048),
	(000038, '1', 5, '', '2020-11-08', 086, 031),
	(000039, '6', 3, '', '2020-11-22', 008, 052),
	(000040, '0', 3, '', '2020-09-08', 061, 056),
	(000041, '3', 3, '', '2020-12-18', 077, 060),
	(000042, '6', 4, '', '2020-10-09', 032, 059),
	(000043, '2', 4, '', '2020-11-30', 001, 012),
	(000044, '3', 1, '', '2020-09-30', 002, 047),
	(000045, '5', 2, '', '2020-11-04', 004, 048),
	(000046, '4', 6, '', '2020-11-01', 019, 039),
	(000047, '5', 7, '', '2020-10-17', 062, 018),
	(000048, '3', 2, '', '2020-09-30', 019, 056),
	(000049, '2', 1, '', '2020-11-01', 023, 016),
	(000050, '6', 2, '', '2020-10-16', 053, 034),
	(000051, '3', 9, '', '2020-09-26', 005, 018),
	(000052, '6', 0, '', '2020-10-23', 098, 065),
	(000053, '4', 1, '', '2020-09-24', 072, 050),
	(000054, '6', 7, '', '2020-11-10', 009, 046),
	(000055, '3', 8, '', '2020-09-04', 094, 052),
	(000056, '6', 8, '', '2020-09-05', 053, 019),
	(000057, '3', 3, '', '2020-10-14', 064, 033),
	(000058, '5', 5, '', '2020-09-30', 060, 026),
	(000059, '1', 7, '', '2020-11-16', 044, 014),
	(000060, '0', 2, '', '2020-09-26', 071, 055),
	(000061, '3', 9, '', '2020-11-22', 034, 063),
	(000062, '1', 0, '', '2020-09-01', 092, 059),
	(000063, '4', 1, '', '2020-11-05', 047, 059),
	(000064, '1', 5, '', '2020-09-12', 068, 012),
	(000065, '4', 8, '', '2020-11-12', 017, 057),
	(000066, '3', 7, '', '2020-09-20', 099, 066),
	(000067, '4', 5, '', '2020-11-25', 053, 031),
	(000068, '1', 2, '', '2020-12-15', 023, 040),
	(000069, '3', 0, '', '2020-09-21', 051, 043),
	(000070, '1', 1, '', '2020-11-10', 011, 004),
	(000071, '2', 4, '', '2020-09-15', 065, 002),
	(000072, '3', 7, '', '2020-09-06', 092, 002),
	(000073, '6', 2, '', '2020-09-17', 039, 020),
	(000074, '3', 7, '', '2020-11-23', 043, 061),
	(000075, '0', 1, '', '2020-09-06', 095, 064),
	(000076, '3', 8, '', '2020-10-27', 004, 008),
	(000077, '3', 6, '', '2020-09-23', 005, 003),
	(000078, '5', 5, '', '2020-10-31', 003, 038),
	(000079, '5', 2, '', '2020-10-24', 041, 029),
	(000080, '6', 6, '', '2020-12-07', 077, 058),
	(000081, '1', 9, '', '2020-11-01', 054, 011),
	(000082, '5', 2, '', '2020-12-09', 020, 050),
	(000083, '4', 0, '', '2020-11-11', 051, 039),
	(000084, '3', 4, '', '2020-12-13', 005, 023),
	(000085, '0', 4, '', '2020-12-15', 032, 064),
	(000086, '2', 7, '', '2020-09-11', 093, 023),
	(000087, '5', 0, '', '2020-09-20', 005, 010),
	(000088, '5', 0, '', '2020-09-29', 003, 054),
	(000089, '3', 7, '', '2020-10-19', 042, 002),
	(000090, '3', 9, '', '2020-10-23', 078, 013),
	(000091, '4', 6, '', '2020-11-23', 020, 032),
	(000092, '5', 3, '', '2020-11-26', 013, 011),
	(000093, '2', 2, '', '2020-09-27', 073, 051),
	(000094, '1', 3, '', '2020-12-04', 006, 033),
	(000095, '4', 4, '', '2020-11-14', 070, 044),
	(000096, '3', 1, '', '2020-12-13', 061, 004),
	(000097, '2', 4, '', '2020-12-05', 034, 007),
	(000098, '1', 6, '', '2020-09-21', 056, 021),
	(000099, '2', 3, '', '2020-11-05', 073, 058),
	(000100, '0', 8, '', '2020-12-22', 007, 035),
	(000101, '2', 2, '', '2020-11-30', 050, 060),
	(000102, '4', 3, '', '2020-11-09', 062, 026),
	(000103, '1', 8, '', '2020-10-02', 051, 062),
	(000104, '1', 8, '', '2020-10-20', 076, 040),
	(000105, '6', 6, '', '2020-10-05', 036, 038),
	(000106, '6', 2, '', '2020-12-03', 026, 060),
	(000107, '5', 5, '', '2020-10-06', 024, 030),
	(000108, '1', 5, '', '2020-11-17', 039, 048),
	(000109, '5', 8, '', '2020-10-27', 043, 043),
	(000110, '2', 1, '', '2020-11-02', 083, 042),
	(000111, '5', 6, '', '2020-09-23', 012, 022),
	(000112, '6', 5, '', '2020-10-20', 056, 036),
	(000113, '2', 5, '', '2020-09-21', 018, 019),
	(000114, '2', 3, '', '2020-10-25', 082, 065),
	(000115, '2', 2, '', '2020-10-29', 063, 007),
	(000116, '5', 2, '', '2020-10-08', 015, 010),
	(000117, '5', 1, '', '2020-11-24', 003, 062),
	(000118, '6', 4, '', '2020-11-11', 070, 014),
	(000119, '2', 2, '', '2020-12-21', 053, 008),
	(000120, '1', 7, '', '2020-12-06', 086, 024),
	(000121, '5', 9, '', '2020-10-12', 048, 058),
	(000122, '0', 5, '', '2020-11-14', 039, 026),
	(000123, '5', 3, '', '2020-09-15', 072, 057),
	(000124, '5', 6, '', '2020-12-08', 086, 065),
	(000125, '3', 0, '', '2020-11-30', 044, 034),
	(000126, '2', 5, '', '2020-11-11', 067, 027),
	(000127, '3', 0, '', '2020-09-18', 013, 008),
	(000128, '5', 0, '', '2020-10-28', 058, 014),
	(000129, '0', 9, '', '2020-12-02', 069, 047),
	(000130, '6', 5, '', '2020-12-02', 044, 035),
	(000131, '6', 1, '', '2020-09-22', 083, 013),
	(000132, '4', 8, '', '2020-11-04', 058, 010),
	(000133, '4', 2, '', '2020-12-20', 067, 031),
	(000134, '5', 2, '', '2020-11-23', 071, 006),
	(000135, '1', 1, '', '2020-10-01', 007, 025),
	(000136, '6', 7, '', '2020-11-22', 024, 048),
	(000137, '3', 5, '', '2020-12-11', 013, 026),
	(000138, '6', 1, '', '2020-11-09', 043, 051),
	(000139, '5', 6, '', '2020-09-13', 072, 044),
	(000140, '6', 7, '', '2020-12-19', 040, 018),
	(000141, '0', 5, '', '2020-11-11', 053, 053),
	(000142, '3', 8, '', '2020-11-05', 013, 049),
	(000143, '2', 1, '', '2020-12-08', 054, 034),
	(000144, '4', 7, '', '2020-10-23', 082, 014),
	(000145, '1', 2, '', '2020-10-21', 016, 046),
	(000146, '4', 1, '', '2020-09-05', 092, 039),
	(000147, '6', 4, '', '2020-12-01', 031, 021),
	(000148, '0', 4, '', '2020-10-05', 060, 009),
	(000149, '4', 7, '', '2020-09-12', 015, 047),
	(000150, '2', 7, '', '2020-09-07', 032, 064),
	(000151, '1', 6, '', '2020-10-15', 033, 030),
	(000152, '2', 8, '', '2020-12-07', 017, 013),
	(000153, '5', 3, '', '2020-09-02', 001, 020),
	(000154, '4', 3, '', '2020-11-04', 091, 007),
	(000155, '6', 5, '', '2020-10-07', 030, 057),
	(000156, '2', 5, '', '2020-09-23', 023, 021),
	(000157, '6', 1, '', '2020-10-18', 099, 006),
	(000158, '2', 5, '', '2020-10-13', 053, 053),
	(000159, '3', 6, '', '2020-10-16', 075, 057),
	(000160, '2', 6, '', '2020-09-05', 044, 026),
	(000161, '5', 3, '', '2020-10-16', 074, 023),
	(000162, '2', 2, '', '2020-12-17', 014, 045),
	(000163, '0', 0, '', '2020-09-23', 093, 016),
	(000164, '5', 8, '', '2020-12-11', 080, 026),
	(000165, '2', 6, '', '2020-10-28', 082, 055),
	(000166, '2', 3, '', '2020-10-12', 005, 011),
	(000167, '3', 1, '', '2020-10-09', 001, 056),
	(000168, '0', 6, '', '2020-11-22', 019, 044),
	(000169, '1', 0, '', '2020-10-07', 081, 055),
	(000170, '0', 6, '', '2020-10-31', 037, 015),
	(000171, '1', 0, '', '2020-09-27', 045, 045),
	(000172, '2', 5, '', '2020-09-20', 099, 045),
	(000173, '0', 2, '', '2020-11-18', 053, 049),
	(000174, '5', 5, '', '2020-12-12', 022, 064),
	(000175, '6', 7, '', '2020-10-04', 020, 003),
	(000176, '6', 3, '', '2020-09-03', 023, 049),
	(000177, '6', 8, '', '2020-11-25', 041, 065),
	(000178, '1', 4, '', '2020-10-20', 093, 037),
	(000179, '3', 6, '', '2020-11-20', 077, 040),
	(000180, '0', 6, '', '2020-09-13', 060, 042),
	(000181, '1', 3, '', '2020-09-05', 086, 034),
	(000182, '6', 8, '', '2020-11-13', 060, 025),
	(000183, '1', 8, '', '2020-12-09', 023, 057),
	(000184, '1', 4, '', '2020-11-17', 061, 066),
	(000185, '0', 4, '', '2020-12-03', 099, 012),
	(000186, '4', 4, '', '2020-10-25', 097, 036),
	(000187, '5', 3, '', '2020-10-12', 063, 066),
	(000188, '3', 0, '', '2020-11-02', 051, 023),
	(000189, '0', 9, '', '2020-11-30', 083, 017),
	(000190, '3', 8, '', '2020-11-01', 057, 020),
	(000191, '1', 6, '', '2020-10-24', 097, 027),
	(000192, '6', 9, '', '2020-12-18', 007, 016),
	(000193, '1', 9, '', '2020-12-12', 064, 048),
	(000194, '6', 5, '', '2020-09-03', 033, 063),
	(000195, '3', 9, '', '2020-10-03', 075, 004),
	(000196, '2', 8, '', '2020-09-17', 076, 049),
	(000197, '1', 6, '', '2020-10-13', 058, 036),
	(000198, '1', 4, '', '2020-11-02', 085, 053),
	(000199, '3', 3, '', '2020-11-23', 095, 049),
	(000200, '2', 0, '', '2020-11-27', 080, 059),
	(000201, '1', 4, '', '2020-12-12', 010, 010),
	(000202, '5', 8, '', '2020-10-30', 048, 051),
	(000203, '1', 1, '', '2020-10-06', 023, 054),
	(000204, '0', 1, '', '2020-11-25', 086, 023),
	(000205, '6', 5, '', '2020-11-02', 058, 055),
	(000206, '6', 3, '', '2020-11-14', 082, 059),
	(000207, '3', 3, '', '2020-10-10', 089, 035),
	(000208, '3', 6, '', '2020-10-11', 064, 036),
	(000209, '6', 1, '', '2020-10-27', 086, 021),
	(000210, '0', 1, '', '2020-09-14', 077, 006),
	(000211, '2', 2, '', '2020-09-23', 057, 034),
	(000212, '4', 1, '', '2020-11-04', 013, 027),
	(000213, '4', 3, '', '2020-11-08', 077, 027),
	(000214, '6', 2, '', '2020-10-07', 040, 009),
	(000215, '5', 3, '', '2020-12-10', 038, 045),
	(000216, '2', 5, '', '2020-10-13', 003, 047),
	(000217, '3', 8, '', '2020-10-26', 018, 058),
	(000218, '1', 5, '', '2020-11-01', 050, 052),
	(000219, '4', 6, '', '2020-10-19', 031, 028),
	(000220, '1', 8, '', '2020-09-13', 071, 054),
	(000221, '2', 3, '', '2020-11-25', 098, 027),
	(000222, '0', 0, '', '2020-11-10', 056, 011),
	(000223, '3', 5, '', '2020-11-29', 072, 018),
	(000224, '2', 2, '', '2020-09-13', 094, 066),
	(000225, '6', 2, '', '2020-10-12', 052, 013),
	(000226, '4', 0, '', '2020-12-21', 020, 022),
	(000227, '4', 2, '', '2020-11-04', 092, 021),
	(000228, '4', 1, '', '2020-10-04', 072, 030),
	(000229, '0', 3, '', '2020-09-21', 002, 004),
	(000230, '5', 3, '', '2020-12-02', 029, 004),
	(000231, '6', 7, '', '2020-10-26', 035, 055),
	(000232, '3', 1, '', '2020-11-11', 030, 045),
	(000233, '5', 1, '', '2020-10-25', 023, 055),
	(000234, '0', 0, '', '2020-11-06', 078, 036),
	(000235, '5', 6, '', '2020-10-20', 041, 046),
	(000236, '5', 6, '', '2020-12-03', 093, 010),
	(000237, '0', 1, '', '2020-09-11', 005, 028),
	(000238, '5', 8, '', '2020-12-07', 095, 066),
	(000239, '4', 5, '', '2020-09-25', 092, 066),
	(000240, '1', 0, '', '2020-12-07', 083, 063),
	(000241, '0', 2, '', '2020-11-23', 033, 048),
	(000242, '2', 0, '', '2020-12-19', 092, 061),
	(000243, '4', 6, '', '2020-11-04', 043, 053),
	(000244, '1', 0, '', '2020-09-01', 004, 057),
	(000245, '0', 3, '', '2020-11-20', 074, 025),
	(000246, '4', 3, '', '2020-12-15', 029, 034),
	(000247, '2', 3, '', '2020-09-04', 007, 007),
	(000248, '5', 3, '', '2020-09-23', 089, 041),
	(000249, '2', 9, '', '2020-09-01', 006, 022),
	(000250, '4', 5, '', '2020-12-04', 021, 038),
	(000251, '4', 2, '', '2020-11-04', 084, 066),
	(000252, '2', 9, '', '2020-10-08', 097, 057),
	(000253, '6', 2, '', '2020-12-08', 054, 019),
	(000254, '1', 5, '', '2020-10-26', 017, 058),
	(000255, '1', 8, '', '2020-11-04', 051, 026),
	(000256, '0', 8, '', '2020-11-26', 089, 029),
	(000257, '6', 3, '', '2020-10-30', 004, 059),
	(000258, '1', 0, '', '2020-12-09', 042, 003),
	(000259, '5', 2, '', '2020-11-09', 057, 028),
	(000260, '6', 1, '', '2020-09-03', 097, 049),
	(000261, '3', 4, '', '2020-11-08', 034, 008),
	(000262, '2', 6, '', '2020-12-22', 059, 010),
	(000263, '2', 9, '', '2020-12-16', 011, 007),
	(000264, '1', 1, '', '2020-09-27', 009, 027),
	(000265, '1', 2, '', '2020-09-11', 046, 050),
	(000266, '2', 8, '', '2020-12-04', 064, 025),
	(000267, '5', 1, '', '2020-10-30', 085, 044),
	(000268, '0', 7, '', '2020-12-18', 060, 006),
	(000269, '0', 1, '', '2020-10-13', 024, 057),
	(000270, '5', 9, '', '2020-11-23', 051, 031),
	(000271, '3', 8, '', '2020-11-06', 071, 026),
	(000272, '4', 2, '', '2020-10-29', 057, 017),
	(000273, '4', 8, '', '2020-09-24', 067, 048),
	(000274, '2', 9, '', '2020-09-15', 023, 037),
	(000275, '3', 6, '', '2020-10-22', 072, 030),
	(000276, '0', 2, '', '2020-09-14', 028, 001),
	(000277, '6', 4, '', '2020-12-06', 038, 039),
	(000278, '5', 0, '', '2020-12-05', 021, 002),
	(000279, '3', 6, '', '2020-11-01', 041, 055),
	(000280, '2', 5, '', '2020-09-08', 020, 059),
	(000281, '6', 8, '', '2020-12-01', 087, 006),
	(000282, '4', 1, '', '2020-09-08', 094, 046),
	(000283, '3', 2, '', '2020-09-14', 063, 019),
	(000284, '1', 2, '', '2020-09-21', 085, 021),
	(000285, '5', 3, '', '2020-10-23', 053, 041),
	(000286, '5', 9, '', '2020-09-08', 021, 063),
	(000287, '1', 4, '', '2020-09-26', 023, 058),
	(000288, '3', 1, '', '2020-10-15', 040, 058),
	(000289, '4', 6, '', '2020-11-29', 013, 048),
	(000290, '3', 0, '', '2020-10-24', 005, 003),
	(000291, '5', 2, '', '2020-12-01', 052, 015),
	(000292, '4', 7, '', '2020-10-16', 048, 048),
	(000293, '3', 9, '', '2020-11-21', 067, 048),
	(000294, '1', 9, '', '2020-09-02', 096, 052),
	(000295, '0', 9, '', '2020-10-06', 026, 019),
	(000296, '6', 2, '', '2020-09-03', 063, 053),
	(000297, '6', 9, '', '2020-10-05', 098, 024),
	(000298, '3', 4, '', '2020-09-12', 092, 061),
	(000299, '3', 5, '', '2020-09-18', 079, 013),
	(000300, '6', 0, '', '2020-11-08', 010, 021),
	(000301, '0', 7, '', '2020-09-15', 099, 024),
	(000302, '3', 5, '', '2020-12-18', 077, 002),
	(000303, '4', 3, '', '2020-09-10', 008, 028),
	(000304, '1', 1, '', '2020-12-08', 089, 027),
	(000305, '6', 3, '', '2020-10-15', 002, 016),
	(000306, '6', 2, '', '2020-09-01', 046, 035),
	(000307, '6', 9, '', '2020-12-08', 010, 013),
	(000308, '5', 9, '', '2020-11-29', 053, 029),
	(000309, '1', 2, '', '2020-09-21', 063, 023),
	(000310, '1', 4, '', '2020-09-18', 057, 009),
	(000311, '1', 0, '', '2020-11-20', 046, 043),
	(000312, '5', 7, '', '2020-11-30', 090, 020),
	(000313, '0', 2, '', '2020-09-07', 031, 028),
	(000314, '0', 5, '', '2020-09-12', 059, 013),
	(000315, '1', 6, '', '2020-12-13', 067, 023),
	(000316, '3', 5, '', '2020-11-17', 094, 014),
	(000317, '6', 8, '', '2020-11-24', 069, 022),
	(000318, '6', 4, '', '2020-12-09', 046, 058),
	(000319, '6', 6, '', '2020-09-02', 002, 006),
	(000320, '1', 6, '', '2020-11-12', 092, 040),
	(000321, '3', 4, '', '2020-12-15', 002, 051),
	(000322, '5', 3, '', '2020-10-03', 018, 017),
	(000323, '5', 6, '', '2020-11-04', 091, 055),
	(000324, '4', 7, '', '2020-12-14', 057, 008),
	(000325, '4', 0, '', '2020-11-05', 059, 043),
	(000326, '4', 3, '', '2020-12-15', 084, 045),
	(000327, '2', 7, '', '2020-12-20', 027, 056),
	(000328, '4', 2, '', '2020-12-15', 010, 028),
	(000329, '2', 6, '', '2020-09-18', 066, 030),
	(000330, '1', 9, '', '2020-10-02', 004, 014),
	(000331, '1', 7, '', '2020-11-15', 022, 044),
	(000332, '3', 0, '', '2020-11-06', 004, 056),
	(000333, '6', 2, '', '2020-11-15', 066, 064),
	(000334, '6', 3, '', '2020-10-19', 061, 020),
	(000335, '6', 5, '', '2020-10-08', 019, 007),
	(000336, '3', 2, '', '2020-10-23', 098, 010),
	(000337, '6', 8, '', '2020-09-16', 061, 013),
	(000338, '5', 1, '', '2020-12-10', 062, 014),
	(000339, '5', 9, '', '2020-12-19', 065, 022),
	(000340, '4', 2, '', '2020-11-27', 081, 029),
	(000341, '6', 0, '', '2020-10-26', 055, 059),
	(000342, '6', 0, '', '2020-09-22', 052, 030),
	(000343, '3', 3, '', '2020-09-28', 055, 033),
	(000344, '6', 7, '', '2020-10-05', 030, 055),
	(000345, '0', 9, '', '2020-12-07', 005, 025),
	(000346, '1', 9, '', '2020-11-05', 005, 016),
	(000347, '6', 2, '', '2020-09-30', 095, 024),
	(000348, '2', 8, '', '2020-09-28', 096, 001),
	(000349, '1', 3, '', '2020-10-11', 089, 028),
	(000350, '6', 7, '', '2020-10-24', 072, 053),
	(000351, '1', 9, '', '2020-11-20', 051, 007),
	(000352, '1', 0, '', '2020-12-10', 055, 012),
	(000353, '1', 5, '', '2020-09-11', 007, 038),
	(000354, '6', 2, '', '2020-12-10', 042, 044),
	(000355, '4', 0, '', '2020-11-08', 098, 013),
	(000356, '2', 4, '', '2020-12-17', 028, 024),
	(000357, '3', 3, '', '2020-09-24', 015, 034),
	(000358, '2', 9, '', '2020-10-30', 100, 060),
	(000359, '1', 1, '', '2020-09-09', 090, 066),
	(000360, '3', 3, '', '2020-12-09', 048, 058),
	(000361, '2', 4, '', '2020-11-25', 091, 057),
	(000362, '0', 0, '', '2020-09-16', 097, 061),
	(000363, '0', 8, '', '2020-10-29', 016, 018),
	(000364, '3', 7, '', '2020-09-17', 076, 023),
	(000365, '6', 6, '', '2020-11-07', 021, 050),
	(000366, '4', 5, '', '2020-09-04', 068, 018),
	(000367, '1', 6, '', '2020-11-03', 028, 035),
	(000368, '6', 4, '', '2020-11-17', 060, 029),
	(000369, '0', 2, '', '2020-09-22', 046, 065),
	(000370, '0', 2, '', '2020-09-20', 026, 031),
	(000371, '0', 5, '', '2020-12-18', 026, 019),
	(000372, '5', 8, '', '2020-12-14', 098, 039),
	(000373, '6', 2, '', '2020-12-20', 065, 041),
	(000374, '0', 9, '', '2020-11-11', 012, 053),
	(000375, '6', 8, '', '2020-12-18', 025, 028),
	(000376, '1', 8, '', '2020-11-21', 043, 005),
	(000377, '2', 9, '', '2020-10-30', 045, 019),
	(000378, '6', 0, '', '2020-09-22', 033, 048),
	(000379, '0', 4, '', '2020-11-12', 068, 064),
	(000380, '5', 9, '', '2020-11-21', 091, 054),
	(000381, '0', 4, '', '2020-11-19', 072, 036),
	(000382, '4', 4, '', '2020-09-06', 004, 017),
	(000383, '5', 0, '', '2020-09-27', 026, 035),
	(000384, '4', 3, '', '2020-12-20', 091, 052),
	(000385, '4', 0, '', '2020-09-05', 081, 044),
	(000386, '5', 5, '', '2020-11-24', 049, 025),
	(000387, '6', 7, '', '2020-10-16', 014, 002),
	(000388, '1', 9, '', '2020-11-17', 091, 047),
	(000389, '0', 6, '', '2020-10-23', 063, 008),
	(000390, '4', 1, '', '2020-12-05', 003, 062),
	(000391, '0', 6, '', '2020-11-28', 046, 043),
	(000392, '0', 9, '', '2020-11-19', 045, 057),
	(000393, '6', 7, '', '2020-11-28', 010, 001),
	(000394, '5', 2, '', '2020-12-21', 002, 058),
	(000395, '4', 0, '', '2020-11-21', 066, 028),
	(000396, '3', 8, '', '2020-11-23', 021, 006),
	(000397, '5', 7, '', '2020-10-21', 073, 004),
	(000398, '4', 7, '', '2020-12-06', 080, 043),
	(000399, '6', 3, '', '2020-11-08', 053, 033),
	(000400, '6', 7, '', '2020-09-17', 086, 006),
	(000401, '4', 6, '', '2020-11-25', 089, 044),
	(000402, '3', 5, '', '2020-12-08', 016, 014),
	(000403, '3', 5, '', '2020-11-22', 026, 057),
	(000404, '4', 9, '', '2020-11-16', 040, 044),
	(000405, '1', 9, '', '2020-09-20', 049, 037),
	(000406, '2', 9, '', '2020-09-16', 033, 012),
	(000407, '5', 5, '', '2020-11-23', 077, 042),
	(000408, '5', 0, '', '2020-09-13', 070, 025),
	(000409, '5', 5, '', '2020-09-07', 049, 019),
	(000410, '4', 3, '', '2020-11-09', 018, 045),
	(000411, '2', 2, '', '2020-11-01', 045, 033),
	(000412, '6', 3, '', '2020-11-21', 050, 062),
	(000413, '5', 2, '', '2020-10-05', 040, 025),
	(000414, '4', 5, '', '2020-12-03', 074, 017),
	(000415, '4', 2, '', '2020-09-29', 015, 047),
	(000416, '1', 4, '', '2020-09-18', 077, 063),
	(000417, '5', 8, '', '2020-10-13', 016, 020),
	(000418, '1', 7, '', '2020-11-01', 005, 023),
	(000419, '3', 0, '', '2020-12-17', 006, 018),
	(000420, '6', 5, '', '2020-11-06', 068, 048),
	(000421, '2', 0, '', '2020-09-08', 010, 022),
	(000422, '5', 8, '', '2020-11-13', 088, 015),
	(000423, '5', 4, '', '2020-12-12', 079, 054),
	(000424, '6', 3, '', '2020-10-01', 083, 019),
	(000425, '0', 1, '', '2020-11-07', 029, 058),
	(000426, '0', 0, '', '2020-10-07', 078, 033),
	(000427, '4', 1, '', '2020-10-23', 027, 036),
	(000428, '0', 0, '', '2020-12-13', 087, 037),
	(000429, '1', 2, '', '2020-09-02', 094, 010),
	(000430, '6', 2, '', '2020-12-18', 067, 020),
	(000431, '1', 3, '', '2020-10-31', 032, 044),
	(000432, '5', 5, '', '2020-10-14', 001, 013),
	(000433, '5', 6, '', '2020-09-09', 024, 009),
	(000434, '2', 4, '', '2020-11-09', 052, 018),
	(000435, '2', 1, '', '2020-09-26', 023, 034),
	(000436, '0', 3, '', '2020-12-06', 054, 058),
	(000437, '3', 0, '', '2020-10-25', 007, 001),
	(000438, '1', 2, '', '2020-09-14', 057, 052),
	(000439, '0', 0, '', '2020-10-17', 078, 013),
	(000440, '4', 9, '', '2020-12-07', 058, 016),
	(000441, '3', 4, '', '2020-11-13', 095, 061),
	(000442, '6', 5, '', '2020-11-25', 027, 041),
	(000443, '1', 9, '', '2020-12-01', 046, 006),
	(000444, '1', 5, '', '2020-10-07', 093, 035),
	(000445, '6', 6, '', '2020-12-14', 070, 031),
	(000446, '2', 0, '', '2020-11-21', 010, 063),
	(000447, '6', 6, '', '2020-11-08', 082, 019),
	(000448, '3', 1, '', '2020-09-10', 011, 061),
	(000449, '1', 4, '', '2020-11-21', 006, 046),
	(000450, '3', 2, '', '2020-11-02', 064, 026),
	(000451, '1', 2, '', '2020-10-26', 063, 002),
	(000452, '1', 4, '', '2020-10-15', 026, 057),
	(000453, '6', 6, '', '2020-12-13', 018, 041),
	(000454, '4', 8, '', '2020-09-06', 016, 018),
	(000455, '2', 0, '', '2020-12-11', 018, 032),
	(000456, '0', 5, '', '2020-11-27', 092, 047),
	(000457, '0', 1, '', '2020-11-16', 044, 051),
	(000458, '6', 0, '', '2020-09-13', 082, 036),
	(000459, '4', 3, '', '2020-09-11', 033, 002),
	(000460, '1', 0, '', '2020-09-22', 083, 032),
	(000461, '0', 6, '', '2020-12-19', 040, 031),
	(000462, '6', 0, '', '2020-11-27', 092, 034),
	(000463, '0', 3, '', '2020-09-18', 083, 042),
	(000464, '0', 8, '', '2020-10-26', 065, 053),
	(000465, '4', 3, '', '2020-09-03', 054, 022),
	(000466, '6', 7, '', '2020-09-05', 038, 003),
	(000467, '5', 2, '', '2020-10-28', 011, 009),
	(000468, '0', 3, '', '2020-12-15', 095, 019),
	(000469, '1', 2, '', '2020-12-21', 082, 013),
	(000470, '5', 2, '', '2020-10-23', 023, 004),
	(000471, '2', 6, '', '2020-09-05', 040, 065),
	(000472, '0', 0, '', '2020-11-05', 008, 046),
	(000473, '1', 9, '', '2020-12-12', 097, 039),
	(000474, '2', 0, '', '2020-11-09', 028, 058),
	(000475, '4', 4, '', '2020-09-19', 021, 052),
	(000476, '3', 1, '', '2020-11-24', 039, 037),
	(000477, '2', 8, '', '2020-10-16', 040, 055),
	(000478, '5', 7, '', '2020-10-13', 074, 041),
	(000479, '1', 2, '', '2020-11-23', 057, 051),
	(000480, '5', 9, '', '2020-11-04', 014, 066),
	(000481, '0', 9, '', '2020-09-04', 048, 053),
	(000482, '6', 9, '', '2020-11-10', 064, 009),
	(000483, '4', 5, '', '2020-10-08', 014, 039),
	(000484, '6', 8, '', '2020-09-29', 098, 032),
	(000485, '3', 2, '', '2020-09-09', 041, 044),
	(000486, '5', 9, '', '2020-10-13', 087, 012),
	(000487, '6', 5, '', '2020-09-09', 029, 053),
	(000488, '1', 6, '', '2020-12-18', 026, 003),
	(000489, '0', 3, '', '2020-09-24', 073, 064),
	(000490, '2', 6, '', '2020-12-10', 027, 011),
	(000491, '3', 9, '', '2020-12-05', 042, 062),
	(000492, '6', 1, '', '2020-10-30', 088, 002),
	(000493, '3', 5, '', '2020-10-15', 045, 028),
	(000494, '3', 7, '', '2020-10-02', 036, 023),
	(000495, '4', 0, '', '2020-10-03', 037, 020),
	(000496, '2', 1, '', '2020-09-06', 026, 064),
	(000497, '4', 9, '', '2020-09-16', 054, 009),
	(000498, '5', 5, '', '2020-09-09', 036, 065),
	(000499, '3', 8, '', '2020-10-21', 017, 037),
	(000500, '6', 2, '', '2020-12-14', 016, 014),
	(000501, '3', 3, '', '2020-09-24', 044, 032),
	(000502, '3', 8, '', '2020-11-12', 025, 021),
	(000503, '5', 5, '', '2020-09-01', 016, 018),
	(000504, '6', 2, '', '2020-09-26', 019, 033),
	(000505, '0', 2, '', '2020-10-06', 004, 003),
	(000506, '1', 2, '', '2020-11-13', 100, 019),
	(000507, '5', 6, '', '2020-10-01', 079, 013),
	(000508, '0', 0, '', '2020-09-20', 018, 039),
	(000509, '0', 1, '', '2020-10-05', 041, 054),
	(000510, '4', 1, '', '2020-10-13', 031, 016),
	(000511, '6', 5, '', '2020-11-19', 054, 060),
	(000512, '5', 4, '', '2020-12-22', 049, 014),
	(000513, '0', 4, '', '2020-12-10', 027, 003),
	(000514, '4', 9, '', '2020-09-16', 087, 014),
	(000515, '2', 0, '', '2020-11-22', 088, 037),
	(000516, '6', 1, '', '2020-09-26', 019, 023),
	(000517, '0', 9, '', '2020-12-19', 063, 056),
	(000518, '0', 2, '', '2020-11-10', 097, 028),
	(000519, '4', 2, '', '2020-09-04', 085, 001),
	(000520, '0', 5, '', '2020-10-24', 075, 047),
	(000521, '2', 7, '', '2020-12-11', 032, 019),
	(000522, '2', 3, '', '2020-12-02', 027, 048),
	(000523, '2', 2, '', '2020-12-04', 036, 058),
	(000524, '5', 8, '', '2020-12-03', 018, 008),
	(000525, '1', 9, '', '2020-11-04', 007, 026),
	(000526, '6', 3, '', '2020-11-14', 076, 014),
	(000527, '4', 4, '', '2020-11-08', 040, 002),
	(000528, '3', 7, '', '2020-10-12', 025, 002),
	(000529, '1', 1, '', '2020-10-29', 062, 004),
	(000530, '4', 7, '', '2020-11-12', 044, 019),
	(000531, '5', 4, '', '2020-11-25', 061, 060),
	(000532, '4', 8, '', '2020-11-29', 028, 063),
	(000533, '1', 8, '', '2020-11-25', 063, 065),
	(000534, '3', 9, '', '2020-12-05', 038, 051),
	(000535, '6', 2, '', '2020-10-07', 058, 032),
	(000536, '0', 9, '', '2020-11-04', 002, 044),
	(000537, '2', 7, '', '2020-11-06', 100, 065),
	(000538, '3', 4, '', '2020-10-11', 077, 042),
	(000539, '0', 0, '', '2020-12-10', 021, 010),
	(000540, '6', 0, '', '2020-09-01', 035, 038),
	(000541, '4', 3, '', '2020-12-14', 090, 006),
	(000542, '5', 2, '', '2020-11-30', 049, 018),
	(000543, '1', 6, '', '2020-11-23', 044, 008),
	(000544, '0', 2, '', '2020-10-10', 029, 061),
	(000545, '6', 6, '', '2020-10-04', 033, 034),
	(000546, '0', 8, '', '2020-11-03', 009, 066),
	(000547, '5', 5, '', '2020-09-01', 049, 025),
	(000548, '1', 1, '', '2020-10-06', 006, 046),
	(000549, '0', 7, '', '2020-12-14', 006, 018);
/*!40000 ALTER TABLE `ocena` ENABLE KEYS */;

-- Zrzut struktury widok id13767441_dziennik.ocena_full_info
-- Tworzenie tymczasowej tabeli, aby przezwyciężyć błędy z zależnościami w WIDOKU
CREATE TABLE `ocena_full_info` (
	`ocena_ID` INT(6) UNSIGNED ZEROFILL NOT NULL,
	`stopien` ENUM('0','1','2','3','4','5','6') NOT NULL COLLATE 'utf8_polish_ci',
	`waga` INT(1) UNSIGNED NOT NULL,
	`opis` VARCHAR(100) NULL COLLATE 'utf8_polish_ci',
	`data` DATE NOT NULL,
	`uczen_id` INT(3) UNSIGNED ZEROFILL NOT NULL,
	`imie` VARCHAR(20) NOT NULL COLLATE 'utf8_polish_ci',
	`nazwisko` VARCHAR(30) NOT NULL COLLATE 'utf8_polish_ci',
	`przedmiot` VARCHAR(32) NULL COLLATE 'utf8_polish_ci'
) ENGINE=MyISAM;

-- Zrzut struktury procedura id13767441_dziennik.oceny_ucznia
DELIMITER //
CREATE PROCEDURE `oceny_ucznia`(
	IN `uczen_id` INT
)
select * 
from ocena_full_info as o
where o.uczen_id = uczen_id
ORDER BY o.`przedmiot`, o.`data` ASC//
DELIMITER ;

-- Zrzut struktury tabela id13767441_dziennik.opiekunowie
CREATE TABLE IF NOT EXISTS `opiekunowie` (
  `opiekunowie_ID` int(3) unsigned zerofill NOT NULL AUTO_INCREMENT,
  PRIMARY KEY (`opiekunowie_ID`),
  UNIQUE KEY `ID` (`opiekunowie_ID`)
) ENGINE=InnoDB AUTO_INCREMENT=300 DEFAULT CHARSET=utf8 COLLATE=utf8_polish_ci;

-- Zrzucanie danych dla tabeli id13767441_dziennik.opiekunowie: ~299 rows (około)
/*!40000 ALTER TABLE `opiekunowie` DISABLE KEYS */;
REPLACE INTO `opiekunowie` (`opiekunowie_ID`) VALUES
	(001),
	(002),
	(003),
	(004),
	(005),
	(006),
	(007),
	(008),
	(009),
	(010),
	(011),
	(012),
	(013),
	(014),
	(015),
	(016),
	(017),
	(018),
	(019),
	(020),
	(021),
	(022),
	(023),
	(024),
	(025),
	(026),
	(027),
	(028),
	(029),
	(030),
	(031),
	(032),
	(033),
	(034),
	(035),
	(036),
	(037),
	(038),
	(039),
	(040),
	(041),
	(042),
	(043),
	(044),
	(045),
	(046),
	(047),
	(048),
	(049),
	(050),
	(051),
	(052),
	(053),
	(054),
	(055),
	(056),
	(057),
	(058),
	(059),
	(060),
	(061),
	(062),
	(063),
	(064),
	(065),
	(066),
	(067),
	(068),
	(069),
	(070),
	(071),
	(072),
	(073),
	(074),
	(075),
	(076),
	(077),
	(078),
	(079),
	(080),
	(081),
	(082),
	(083),
	(084),
	(085),
	(086),
	(087),
	(088),
	(089),
	(090),
	(091),
	(092),
	(093),
	(094),
	(095),
	(096),
	(097),
	(098),
	(099),
	(100),
	(101),
	(102),
	(103),
	(104),
	(105),
	(106),
	(107),
	(108),
	(109),
	(110),
	(111),
	(112),
	(113),
	(114),
	(115),
	(116),
	(117),
	(118),
	(119),
	(120),
	(121),
	(122),
	(123),
	(124),
	(125),
	(126),
	(127),
	(128),
	(129),
	(130),
	(131),
	(132),
	(133),
	(134),
	(135),
	(136),
	(137),
	(138),
	(139),
	(140),
	(141),
	(142),
	(143),
	(144),
	(145),
	(146),
	(147),
	(148),
	(149),
	(150),
	(151),
	(152),
	(153),
	(154),
	(155),
	(156),
	(157),
	(158),
	(159),
	(160),
	(161),
	(162),
	(163),
	(164),
	(165),
	(166),
	(167),
	(168),
	(169),
	(170),
	(171),
	(172),
	(173),
	(174),
	(175),
	(176),
	(177),
	(178),
	(179),
	(180),
	(181),
	(182),
	(183),
	(184),
	(185),
	(186),
	(187),
	(188),
	(189),
	(190),
	(191),
	(192),
	(193),
	(194),
	(195),
	(196),
	(197),
	(198),
	(199),
	(200),
	(201),
	(202),
	(203),
	(204),
	(205),
	(206),
	(207),
	(208),
	(209),
	(210),
	(211),
	(212),
	(213),
	(214),
	(215),
	(216),
	(217),
	(218),
	(219),
	(220),
	(221),
	(222),
	(223),
	(224),
	(225),
	(226),
	(227),
	(228),
	(229),
	(230),
	(231),
	(232),
	(233),
	(234),
	(235),
	(236),
	(237),
	(238),
	(239),
	(240),
	(241),
	(242),
	(243),
	(244),
	(245),
	(246),
	(247),
	(248),
	(249),
	(250),
	(251),
	(252),
	(253),
	(254),
	(255),
	(256),
	(257),
	(258),
	(259),
	(260),
	(261),
	(262),
	(263),
	(264),
	(265),
	(266),
	(267),
	(268),
	(269),
	(270),
	(271),
	(272),
	(273),
	(274),
	(275),
	(276),
	(277),
	(278),
	(279),
	(280),
	(281),
	(282),
	(283),
	(284),
	(285),
	(286),
	(287),
	(288),
	(289),
	(290),
	(291),
	(292),
	(293),
	(294),
	(295),
	(296),
	(297),
	(298),
	(299);
/*!40000 ALTER TABLE `opiekunowie` ENABLE KEYS */;

-- Zrzut struktury procedura id13767441_dziennik.plan_lekcji_klasy
DELIMITER //
CREATE PROCEDURE `plan_lekcji_klasy`(
	IN `klasa_id` INT





)
select *
from lekcja_full_info as l
join klasa as k on l.oddzial = k.oddzial
where k.klasa_ID = klasa_id//
DELIMITER ;

-- Zrzut struktury procedura id13767441_dziennik.pokaz_frekwencje_ucznia
DELIMITER //
CREATE PROCEDURE `pokaz_frekwencje_ucznia`(
	IN `uczen_id` INT
)
SELECT l.`data`, l.godz_start, l.godz_koniec, l.sala, l.przedmiot, l.imie, l.nazwisko, l.temat, o.`status`
FROM lekcja_full_info AS l
JOIN obecnosc AS o ON l.lekcja_ID = o.lekcja_id
WHERE o.uczen_id = uczen_id
ORDER BY l.`data` AND l.godz_start//
DELIMITER ;

-- Zrzut struktury tabela id13767441_dziennik.przedmiot
CREATE TABLE IF NOT EXISTS `przedmiot` (
  `przedmiot_nazwa` varchar(32) COLLATE utf8_polish_ci NOT NULL,
  PRIMARY KEY (`przedmiot_nazwa`),
  UNIQUE KEY `przedmiot_nazwa` (`przedmiot_nazwa`)
) ENGINE=InnoDB DEFAULT CHARSET=utf8 COLLATE=utf8_polish_ci;

-- Zrzucanie danych dla tabeli id13767441_dziennik.przedmiot: ~15 rows (około)
/*!40000 ALTER TABLE `przedmiot` DISABLE KEYS */;
REPLACE INTO `przedmiot` (`przedmiot_nazwa`) VALUES
	('biologia'),
	('chemia'),
	('edukacja dla bezpieczeństwa'),
	('fizyka'),
	('geografia'),
	('historia'),
	('informatyka'),
	('język angielski'),
	('język niemiecki'),
	('język polski'),
	('matematyka'),
	('podstawy przedsiębiorczości'),
	('wiedza o kulturze'),
	('wiedza o społeczeństwie'),
	('wychowanie fizyczne');
/*!40000 ALTER TABLE `przedmiot` ENABLE KEYS */;

-- Zrzut struktury tabela id13767441_dziennik.rodzic
CREATE TABLE IF NOT EXISTS `rodzic` (
  `rodzic_ID` int(3) unsigned zerofill NOT NULL AUTO_INCREMENT,
  `uzytkownik_login` varchar(16) COLLATE utf8_polish_ci NOT NULL,
  `nr_telefonu` varchar(12) COLLATE utf8_polish_ci DEFAULT NULL,
  `opiekunowie_id` int(3) unsigned zerofill NOT NULL,
  PRIMARY KEY (`rodzic_ID`),
  UNIQUE KEY `ID` (`rodzic_ID`),
  UNIQUE KEY `uzytkownik_login` (`uzytkownik_login`),
  KEY `powiazanie` (`opiekunowie_id`),
  CONSTRAINT `FK_rodzic_powiazanie` FOREIGN KEY (`opiekunowie_id`) REFERENCES `opiekunowie` (`opiekunowie_ID`),
  CONSTRAINT `FK_rodzic_uzytkownik` FOREIGN KEY (`uzytkownik_login`) REFERENCES `uzytkownik` (`uzytkownik_login`)
) ENGINE=InnoDB AUTO_INCREMENT=201 DEFAULT CHARSET=utf8 COLLATE=utf8_polish_ci;

-- Zrzucanie danych dla tabeli id13767441_dziennik.rodzic: ~200 rows (około)
/*!40000 ALTER TABLE `rodzic` DISABLE KEYS */;
REPLACE INTO `rodzic` (`rodzic_ID`, `uzytkownik_login`, `nr_telefonu`, `opiekunowie_id`) VALUES
	(001, 'Sa3Pi7Fh5', '409962984', 001),
	(002, 'Hw3Pw0Zr4', '295790742', 002),
	(003, 'Xn2Kr4Qd3', '663878828', 003),
	(004, 'Wt7Gc2Ku6', '649077417', 004),
	(005, 'Zq0Zn6Wq9', '688060384', 005),
	(006, 'Sm3Go4Jm3', '348842593', 006),
	(007, 'Ld3Yz9Rk4', '314727728', 007),
	(008, 'Fq5Xr1Cz3', '257628109', 008),
	(009, 'An8Bb7Zu1', '808109074', 009),
	(010, 'Zc9Kv9Hk6', '475361378', 010),
	(011, 'Ny7Pl2Of5', '412137907', 011),
	(012, 'Wr4Wg7Qc0', '785508013', 012),
	(013, 'Xi8Hh8Mb9', '329751796', 013),
	(014, 'Lk2Zq4Pb9', '390529379', 014),
	(015, 'Qi2Yt2Ac9', '430944165', 015),
	(016, 'Hs7Cv2Od6', '302274666', 016),
	(017, 'Nv8Hq5Xt6', '233929858', 017),
	(018, 'Aa8Sf9Me1', '884345293', 018),
	(019, 'Cu5Wp0Ps9', '298994758', 019),
	(020, 'Zb4Rn8Bc5', '863379468', 020),
	(021, 'Ua6Km5Kf4', '654832163', 021),
	(022, 'Bq7Lb4Je9', '868547878', 022),
	(023, 'No4Qv6Dw3', '185204902', 023),
	(024, 'Km0Pe5Io0', '762302838', 024),
	(025, 'Dx4Sp0Pz3', '773006683', 025),
	(026, 'Oh5Jl6Ui7', '588796110', 026),
	(027, 'Ec3Cf4Jn6', '713876993', 027),
	(028, 'Dm8Di0Yg3', '877191068', 028),
	(029, 'Ig6Sb1Ej5', '219192663', 029),
	(030, 'Rx6Ae3Od4', '722731774', 030),
	(031, 'Ni3Bi0Gi0', '933478758', 031),
	(032, 'Iv0On4Up2', '299030577', 032),
	(033, 'Uh7Rv8Ps6', '823184028', 033),
	(034, 'Kd7Sb5By8', '908293345', 034),
	(035, 'Ed0Mt7Pc3', '135620179', 035),
	(036, 'Lm7Pu9Il6', '303439990', 036),
	(037, 'Qe1Uz6Ey7', '209545430', 037),
	(038, 'Wb0Bv6Ti9', '978251319', 038),
	(039, 'Of3Xx5Qc2', '950313402', 039),
	(040, 'Xc3Bg6Ag8', '777234872', 040),
	(041, 'Ol8Ij7Ih7', '177682660', 041),
	(042, 'Bj7Ye4Cy7', '675215335', 042),
	(043, 'Ly7Zc2Ie6', '772934611', 043),
	(044, 'Hr1Uu8Ql9', '115735313', 044),
	(045, 'Je9Wx1Vr8', '135258544', 045),
	(046, 'Ec3Xw0Ot7', '395212145', 046),
	(047, 'Zx5Yz7Ni2', '381263099', 047),
	(048, 'Ak6Ip7Jm5', '670566373', 048),
	(049, 'Gg5Mf9Ax8', '489893064', 049),
	(050, 'Ii8Bo6Zb7', '227396776', 050),
	(051, 'Ni2Hl6Ip8', '154203192', 051),
	(052, 'Oy7Sv0Vg9', '320701789', 052),
	(053, 'Mc0Iv4Hk0', '880294839', 053),
	(054, 'Kh2Rp2Oe5', '311662078', 054),
	(055, 'Rj7Gi7Ye3', '795524718', 055),
	(056, 'Lk6Yu6Kw3', '973142604', 056),
	(057, 'Wk1Na6Hl2', '352895099', 057),
	(058, 'Db1Vx4Ha8', '218063891', 058),
	(059, 'Qo3Dt9Ru5', '173121363', 059),
	(060, 'Mo0Hj3Pf6', '450470172', 060),
	(061, 'Se3Md8Tm1', '310356189', 061),
	(062, 'Ya2Np0Yj9', '723929693', 062),
	(063, 'Fw5Wi2Gz1', '254974360', 063),
	(064, 'Lg4Sm1Ld7', '376401595', 064),
	(065, 'Dv7Ph1Qe8', '649141153', 065),
	(066, 'Gy1Kd9Ob7', '617783855', 066),
	(067, 'Me3Rg7Is1', '172760908', 067),
	(068, 'Wt2By8Ao1', '853382769', 068),
	(069, 'Sj5Ou6Bx2', '231359763', 069),
	(070, 'Tb9Do4Ph9', '647422280', 070),
	(071, 'Uf8Ng6Bh5', '970087754', 071),
	(072, 'Da9Qa6Zy1', '901481158', 072),
	(073, 'Yb7Qr9Nt2', '576566324', 073),
	(074, 'Df1Xp9Kh5', '897212078', 074),
	(075, 'Xa4Eb9Nw4', '668336135', 075),
	(076, 'Va7Gs3Eu9', '344320823', 076),
	(077, 'Jw3Oj6Be7', '496597650', 077),
	(078, 'Rp0Ls2Mt7', '459873859', 078),
	(079, 'Zq3Qn6By7', '453744087', 079),
	(080, 'Ns6Cy1Dg1', '880498194', 080),
	(081, 'Wt8At3Pz9', '311751222', 081),
	(082, 'Pd5Ta0Bq0', '289055448', 082),
	(083, 'Bv2Kd9Ox5', '129571173', 083),
	(084, 'Xe7Nr9Cu6', '617399395', 084),
	(085, 'Xu7Nu4Qe0', '282240144', 085),
	(086, 'Og2Un1Xk5', '401837957', 086),
	(087, 'Ah2Im0Nh8', '277657842', 087),
	(088, 'Kg9Cs0Jq7', '757481071', 088),
	(089, 'Ie1Xv6Sg3', '814635305', 089),
	(090, 'Cf4Ti0Jm2', '195079241', 090),
	(091, 'Eh3Ha6Sp3', '832273060', 091),
	(092, 'Ma3Mr5Yi4', '781788252', 092),
	(093, 'Ra0Bz5Br4', '429233420', 093),
	(094, 'Sy3Fg2Zu1', '598931549', 094),
	(095, 'Pl9Db9Rr8', '121259177', 095),
	(096, 'Da9Ng3Ff0', '226887617', 096),
	(097, 'Cg4Us2Rh7', '753602548', 097),
	(098, 'Mw9Zd3If4', '133956368', 098),
	(099, 'Kk9Yb9Jm1', '617964490', 099),
	(100, 'Dy4Iy9Xe8', '115058364', 100),
	(101, 'Ex9Uk6Xy0', '501877086', 001),
	(102, 'Li9To4Xh3', '750580256', 002),
	(103, 'Bj8Sx4Rq7', '937622660', 003),
	(104, 'Vy1Tb6Yq6', '433708971', 004),
	(105, 'No9Nj6Jf9', '640183499', 005),
	(106, 'Kx1Ym9Zf4', '533039964', 006),
	(107, 'Mu5Xj5Ty3', '927281733', 007),
	(108, 'Xs6Jn1Im4', '577859600', 008),
	(109, 'Zs8Xd6Yy1', '916083792', 009),
	(110, 'Ub7Sb4Oo4', '813500776', 010),
	(111, 'Ft9Fx5Ll8', '657571378', 011),
	(112, 'Ww9Qm6Ih3', '878963886', 012),
	(113, 'Kb0Cv2Tb7', '742602988', 013),
	(114, 'We2Qm2Pb1', '576487630', 014),
	(115, 'Ev5Bo5Qj0', '654987623', 015),
	(116, 'Ku6Xo0Ck3', '214922880', 016),
	(117, 'Qg0Zq3Zy7', '686494565', 017),
	(118, 'Hs2Lf7Vb5', '181982427', 018),
	(119, 'Zb6Ma6Er9', '824493256', 019),
	(120, 'Ky2Uo9Kc4', '108033111', 020),
	(121, 'Vv5Qx0Nz0', '100262069', 021),
	(122, 'Le5Te7Qq2', '654429907', 022),
	(123, 'Cu3Zb2Jd9', '209842059', 023),
	(124, 'Fi2Jm8Nr4', '428829655', 024),
	(125, 'On7Aj7Do4', '868734335', 025),
	(126, 'Cg6Tj3Tt5', '348479657', 026),
	(127, 'Nl7Gw7Xi3', '692560560', 027),
	(128, 'Rl0Vy3Pe6', '676538669', 028),
	(129, 'Gn7Gc3Cx9', '777483102', 029),
	(130, 'Ox9Sq5Ji4', '231322292', 030),
	(131, 'Fy5Zg8Ek4', '126057452', 031),
	(132, 'Kc2Iu6Xt9', '573455445', 032),
	(133, 'Vg4Ek7Nj2', '425403393', 033),
	(134, 'Jm6Lj5Ih6', '367628768', 034),
	(135, 'Rx3Tk8Ve4', '682862668', 035),
	(136, 'Vh1Pu3Mh6', '222602741', 036),
	(137, 'Uu4Eq1Sh9', '350091920', 037),
	(138, 'Rq0Lh2Rm7', '619226828', 038),
	(139, 'Kt2Vr0Bd0', '535844042', 039),
	(140, 'Co6Fr2Uh8', '582301071', 040),
	(141, 'Tp5Ie3Bz7', '365201735', 041),
	(142, 'Ye2Jq3Zt5', '160735715', 042),
	(143, 'Eo6Ih2Cu2', '804178395', 043),
	(144, 'Xs4Ys7Wc3', '974710636', 044),
	(145, 'Je4Hi3Ra6', '737895852', 045),
	(146, 'Ke2Kp7Ey4', '826170180', 046),
	(147, 'Rg0If8Ns0', '895655659', 047),
	(148, 'Bp6Cd4Zt1', '197682711', 048),
	(149, 'Kd9Nw9Uj7', '933657694', 049),
	(150, 'Wm0Sk0Om6', '347188703', 050),
	(151, 'Ti8Zr0Fv6', '332258625', 051),
	(152, 'Uy6Qa1An8', '172526093', 052),
	(153, 'Df3Co6Ay1', '840414469', 053),
	(154, 'Ln4Tj7Ux1', '117723747', 054),
	(155, 'Jy4Ax2Dx1', '589672353', 055),
	(156, 'Ic6Tt4Yh3', '834698846', 056),
	(157, 'Vr2Oa7Kf5', '369298567', 057),
	(158, 'Ri4Ew6Js1', '702021958', 058),
	(159, 'Jy7Is4Yw5', '468889173', 059),
	(160, 'Wc0Kp2Nz5', '247936910', 060),
	(161, 'Yo8Yr2Vd0', '840452049', 061),
	(162, 'Xh5Ky3Vc9', '906350806', 062),
	(163, 'Um1Cc6El5', '789148293', 063),
	(164, 'Hr1Yz1Lh5', '508550081', 064),
	(165, 'Vl3Zb3My8', '397365511', 065),
	(166, 'Ex7Ul2Qz8', '828834682', 066),
	(167, 'Nd1Dg3Ci5', '328064098', 067),
	(168, 'Tr3Fy5Xr7', '113188385', 068),
	(169, 'Pv1Qn5Tx1', '731864793', 069),
	(170, 'Ik9Rw9Qb4', '329473415', 070),
	(171, 'Ct7Xz3Af9', '194618981', 071),
	(172, 'Mn2Fh7Ac2', '824106498', 072),
	(173, 'Wk6Ef1Uu7', '767713278', 073),
	(174, 'Zs2Kb5Cc9', '640104802', 074),
	(175, 'Tc3Bl0Vg8', '836935635', 075),
	(176, 'Ba9Cf4Jr3', '926704906', 076),
	(177, 'Ly7Yj3Pz1', '331790499', 077),
	(178, 'Ll4Jn9Cl0', '477674021', 078),
	(179, 'Dk2Tj3Cd6', '515247475', 079),
	(180, 'Kz1Rt8Lm2', '544417333', 080),
	(181, 'Cz1Op8Rl1', '690700435', 081),
	(182, 'Oo7Dj7Ct2', '632804359', 082),
	(183, 'Yp1Av8Iq5', '116794105', 083),
	(184, 'Ee2Hp0Ur1', '516962326', 084),
	(185, 'Pz2Zr6In0', '700340606', 085),
	(186, 'Hx6Cw6Ic9', '450351732', 086),
	(187, 'Lr8Sl7Cx4', '401150292', 087),
	(188, 'Nc7Ik1Iy4', '264051369', 088),
	(189, 'Yj6Mu1Fj0', '252261462', 089),
	(190, 'Pe0Tf5Xp6', '204466498', 090),
	(191, 'Ps7Pm2Bt8', '829284871', 091),
	(192, 'Os1Px4Xw2', '328565632', 092),
	(193, 'Sq5Dp6Ue1', '236598133', 093),
	(194, 'Vp1Bb3Fq6', '146839483', 094),
	(195, 'St4Ca8Tb5', '916008813', 095),
	(196, 'Gf0Km0Tj6', '493002059', 096),
	(197, 'Gw7Fp7Jt7', '278391245', 097),
	(198, 'Tv1Bi2Sz6', '495504475', 098),
	(199, 'Ei0Cu0Oq8', '777017043', 099),
	(200, 'Wy3Kk4Co9', '665759716', 100);
/*!40000 ALTER TABLE `rodzic` ENABLE KEYS */;

-- Zrzut struktury procedura id13767441_dziennik.rodzice_ucznia
DELIMITER //
CREATE PROCEDURE `rodzice_ucznia`(
	IN `uczen_id` INT






)
select r.imie, r.nazwisko, r.email, r.nr_telefonu
from opiekunowie as o
join uczen as u on o.opiekunowie_ID = u.opiekunowie_id
join rodzic_full_info as r on o.opiekunowie_ID = r.opiekunowie_id
where u.uczen_ID = uczen_id//
DELIMITER ;

-- Zrzut struktury procedura id13767441_dziennik.rodzice_w_klasie
DELIMITER //
CREATE PROCEDURE `rodzice_w_klasie`(
	IN `klasa_id` INT





)
select r.imie, r.nazwisko, r.email, r.nr_telefonu
from uczen_full_info as u
join rodzic_full_info as r on u.opiekunowie_id = r.opiekunowie_id
where u.klasa_id = klasa_id//
DELIMITER ;

-- Zrzut struktury widok id13767441_dziennik.rodzic_full_info
-- Tworzenie tymczasowej tabeli, aby przezwyciężyć błędy z zależnościami w WIDOKU
CREATE TABLE `rodzic_full_info` (
	`rodzic_ID` INT(3) UNSIGNED ZEROFILL NOT NULL,
	`nr_telefonu` VARCHAR(12) NULL COLLATE 'utf8_polish_ci',
	`imie` VARCHAR(20) NULL COLLATE 'utf8_polish_ci',
	`nazwisko` VARCHAR(30) NULL COLLATE 'utf8_polish_ci',
	`email` VARCHAR(32) NULL COLLATE 'utf8_polish_ci',
	`opiekunowie_id` INT(3) UNSIGNED ZEROFILL NOT NULL
) ENGINE=MyISAM;

-- Zrzut struktury procedura id13767441_dziennik.rodzic_info
DELIMITER //
CREATE PROCEDURE `rodzic_info`(
	IN `rodzic_id` INT



)
select r.imie, r.nazwisko, r.email, r.nr_telefonu
from rodzic_full_info as r
where r.rodzic_ID  = rodzic_id//
DELIMITER ;

-- Zrzut struktury tabela id13767441_dziennik.terminarz
CREATE TABLE IF NOT EXISTS `terminarz` (
  `terminarz_ID` int(6) unsigned zerofill NOT NULL AUTO_INCREMENT,
  `typ` enum('Sprawdzian','Kartkówka','Zadanie domowe','Inne') NOT NULL,
  `data` date NOT NULL,
  `godz` time NOT NULL,
  `grupa_lekcji_id` int(3) unsigned zerofill NOT NULL,
  `opis` varchar(250) DEFAULT NULL,
  PRIMARY KEY (`terminarz_ID`),
  UNIQUE KEY `terminarz_ID` (`terminarz_ID`),
  KEY `FK_terminarz_grupa_lekcji` (`grupa_lekcji_id`),
  CONSTRAINT `FK_terminarz_grupa_lekcji` FOREIGN KEY (`grupa_lekcji_id`) REFERENCES `grupa_lekcji` (`grupa_lekcji_ID`)
) ENGINE=InnoDB AUTO_INCREMENT=54 DEFAULT CHARSET=utf8mb4;

-- Zrzucanie danych dla tabeli id13767441_dziennik.terminarz: ~53 rows (około)
/*!40000 ALTER TABLE `terminarz` DISABLE KEYS */;
REPLACE INTO `terminarz` (`terminarz_ID`, `typ`, `data`, `godz`, `grupa_lekcji_id`, `opis`) VALUES
	(000001, 'Zadanie domowe', '2020-11-23', '14:05:00', 226, 'Brak opisu'),
	(000002, 'Zadanie domowe', '2020-10-24', '15:50:00', 110, 'Brak opisu'),
	(000003, 'Kartkówka', '2020-10-25', '15:00:00', 028, 'Brak opisu'),
	(000004, 'Zadanie domowe', '2020-11-13', '09:35:00', 179, 'Brak opisu'),
	(000005, 'Inne', '2020-10-21', '09:35:00', 166, 'Brak opisu'),
	(000006, 'Kartkówka', '2020-10-23', '15:50:00', 006, 'Brak opisu'),
	(000007, 'Inne', '2020-12-03', '15:00:00', 149, 'Brak opisu'),
	(000008, 'Inne', '2020-09-22', '10:30:00', 228, 'Brak opisu'),
	(000009, 'Zadanie domowe', '2020-10-16', '12:10:00', 200, 'Brak opisu'),
	(000010, 'Kartkówka', '2020-12-08', '08:45:00', 103, 'Brak opisu'),
	(000011, 'Sprawdzian', '2020-09-29', '08:45:00', 109, 'Brak opisu'),
	(000012, 'Inne', '2020-10-06', '15:00:00', 175, 'Brak opisu'),
	(000013, 'Sprawdzian', '2020-11-15', '13:10:00', 095, 'Brak opisu'),
	(000014, 'Inne', '2020-11-25', '15:00:00', 216, 'Brak opisu'),
	(000015, 'Sprawdzian', '2020-10-10', '10:30:00', 105, 'Brak opisu'),
	(000016, 'Zadanie domowe', '2020-10-10', '08:45:00', 088, 'Brak opisu'),
	(000017, 'Sprawdzian', '2020-10-16', '12:10:00', 016, 'Brak opisu'),
	(000018, 'Inne', '2020-10-09', '14:05:00', 002, 'Brak opisu'),
	(000019, 'Sprawdzian', '2020-12-04', '14:05:00', 157, 'Brak opisu'),
	(000020, 'Kartkówka', '2020-11-13', '14:05:00', 125, 'Brak opisu'),
	(000021, 'Zadanie domowe', '2020-10-27', '09:35:00', 064, 'Brak opisu'),
	(000022, 'Sprawdzian', '2020-11-07', '12:10:00', 061, 'Brak opisu'),
	(000023, 'Zadanie domowe', '2020-11-17', '13:10:00', 176, 'Brak opisu'),
	(000024, 'Zadanie domowe', '2020-09-26', '13:10:00', 217, 'Brak opisu'),
	(000025, 'Inne', '2020-10-19', '14:05:00', 001, 'Brak opisu'),
	(000026, 'Inne', '2020-11-22', '11:25:00', 015, 'Brak opisu'),
	(000027, 'Inne', '2020-10-28', '11:25:00', 066, 'Brak opisu'),
	(000028, 'Sprawdzian', '2020-09-11', '09:35:00', 146, 'Brak opisu'),
	(000029, 'Sprawdzian', '2020-11-13', '08:45:00', 029, 'Brak opisu'),
	(000030, 'Zadanie domowe', '2020-09-22', '15:50:00', 016, 'Brak opisu'),
	(000031, 'Kartkówka', '2020-09-21', '13:10:00', 172, 'Brak opisu'),
	(000032, 'Inne', '2020-11-27', '08:45:00', 046, 'Brak opisu'),
	(000033, 'Kartkówka', '2020-09-20', '14:05:00', 143, 'Brak opisu'),
	(000034, 'Zadanie domowe', '2020-11-17', '11:25:00', 044, 'Brak opisu'),
	(000035, 'Zadanie domowe', '2020-11-25', '11:25:00', 200, 'Brak opisu'),
	(000036, 'Sprawdzian', '2020-11-27', '15:00:00', 063, 'Brak opisu'),
	(000037, 'Inne', '2020-11-24', '11:25:00', 141, 'Brak opisu'),
	(000038, 'Sprawdzian', '2020-09-12', '08:45:00', 108, 'Brak opisu'),
	(000039, 'Sprawdzian', '2020-12-03', '15:50:00', 140, 'Brak opisu'),
	(000040, 'Kartkówka', '2020-10-12', '10:30:00', 184, 'Brak opisu'),
	(000041, 'Zadanie domowe', '2020-09-18', '11:25:00', 219, 'Brak opisu'),
	(000042, 'Sprawdzian', '2020-10-21', '11:25:00', 235, 'Brak opisu'),
	(000043, 'Inne', '2020-12-01', '09:35:00', 019, 'Brak opisu'),
	(000044, 'Kartkówka', '2020-10-03', '15:00:00', 005, 'Brak opisu'),
	(000045, 'Kartkówka', '2020-10-13', '11:25:00', 224, 'Brak opisu'),
	(000046, 'Sprawdzian', '2020-09-28', '09:35:00', 010, 'Brak opisu'),
	(000047, 'Sprawdzian', '2020-09-27', '13:10:00', 199, 'Brak opisu'),
	(000048, 'Inne', '2020-10-31', '14:05:00', 096, 'Brak opisu'),
	(000049, 'Zadanie domowe', '2020-11-12', '14:05:00', 162, 'Brak opisu'),
	(000050, 'Kartkówka', '2020-10-10', '09:35:00', 113, 'Brak opisu'),
	(000051, 'Zadanie domowe', '2020-09-23', '15:50:00', 227, 'Brak opisu'),
	(000052, 'Inne', '2020-09-15', '15:00:00', 151, 'Brak opisu'),
	(000053, 'Inne', '2020-10-19', '15:50:00', 116, 'Brak opisu');
/*!40000 ALTER TABLE `terminarz` ENABLE KEYS */;

-- Zrzut struktury widok id13767441_dziennik.terminarz_full_info
-- Tworzenie tymczasowej tabeli, aby przezwyciężyć błędy z zależnościami w WIDOKU
CREATE TABLE `terminarz_full_info` (
	`terminarz_ID` INT(6) UNSIGNED ZEROFILL NOT NULL,
	`typ` ENUM('Sprawdzian','Kartkówka','Zadanie domowe','Inne') NOT NULL COLLATE 'utf8mb4_general_ci',
	`data` DATE NOT NULL,
	`godz` TIME NOT NULL,
	`opis` VARCHAR(250) NULL COLLATE 'utf8mb4_general_ci',
	`imie` VARCHAR(20) NOT NULL COLLATE 'utf8_polish_ci',
	`nazwisko` VARCHAR(30) NOT NULL COLLATE 'utf8_polish_ci',
	`przedmiot` VARCHAR(32) NULL COLLATE 'utf8_polish_ci',
	`klasa_id` INT(2) UNSIGNED ZEROFILL NOT NULL
) ENGINE=MyISAM;

-- Zrzut struktury procedura id13767441_dziennik.terminarz_klasy
DELIMITER //
CREATE PROCEDURE `terminarz_klasy`(
	IN `klasa_id` INT
)
select * 
from terminarz_full_info as t
where t.klasa_id = klasa_id
order by t.`data`, t.godz ASC//
DELIMITER ;

-- Zrzut struktury tabela id13767441_dziennik.uczen
CREATE TABLE IF NOT EXISTS `uczen` (
  `uczen_ID` int(3) unsigned zerofill NOT NULL AUTO_INCREMENT,
  `pesel` char(11) COLLATE utf8_polish_ci NOT NULL,
  `adres_id` int(3) unsigned zerofill NOT NULL,
  `klasa_id` int(2) unsigned zerofill NOT NULL,
  `opiekunowie_id` int(3) unsigned zerofill NOT NULL,
  `uzytkownik_login` varchar(16) COLLATE utf8_polish_ci NOT NULL,
  PRIMARY KEY (`uczen_ID`),
  UNIQUE KEY `ID` (`uczen_ID`,`pesel`),
  UNIQUE KEY `uzytkownik_login` (`uzytkownik_login`),
  KEY `powiazanie` (`opiekunowie_id`),
  KEY `uzytkownik` (`uzytkownik_login`),
  KEY `klasa` (`klasa_id`),
  KEY `FK_uczen_adres` (`adres_id`),
  CONSTRAINT `FK_uczen_adres` FOREIGN KEY (`adres_id`) REFERENCES `adres` (`adres_ID`),
  CONSTRAINT `FK_uczen_klasa` FOREIGN KEY (`klasa_id`) REFERENCES `klasa` (`klasa_ID`),
  CONSTRAINT `FK_uczen_powiazanie` FOREIGN KEY (`opiekunowie_id`) REFERENCES `opiekunowie` (`opiekunowie_ID`),
  CONSTRAINT `FK_uczen_uzytkownik` FOREIGN KEY (`uzytkownik_login`) REFERENCES `uzytkownik` (`uzytkownik_login`)
) ENGINE=InnoDB AUTO_INCREMENT=101 DEFAULT CHARSET=utf8 COLLATE=utf8_polish_ci;

-- Zrzucanie danych dla tabeli id13767441_dziennik.uczen: ~100 rows (około)
/*!40000 ALTER TABLE `uczen` DISABLE KEYS */;
REPLACE INTO `uczen` (`uczen_ID`, `pesel`, `adres_id`, `klasa_id`, `opiekunowie_id`, `uzytkownik_login`) VALUES
	(001, '25247707723', 001, 01, 001, 'Eq0At0Uo2'),
	(002, '21095016306', 002, 13, 002, 'By7Mv8Gt5'),
	(003, '26577186521', 003, 10, 003, 'Ku7Qr0Dh1'),
	(004, '28164491825', 004, 07, 004, 'Zn4Hu0Gg5'),
	(005, '23758491432', 005, 10, 005, 'Au2Rg3Tm3'),
	(006, '20228728141', 006, 01, 006, 'Ne0La3Gw6'),
	(007, '22135196611', 007, 15, 007, 'Zb1Yv2Mm9'),
	(008, '21573983022', 008, 13, 008, 'Jn9Ru8Hm0'),
	(009, '21012104942', 009, 05, 009, 'Cd9Pm9Rb2'),
	(010, '25692936961', 010, 15, 010, 'Qq3Cz7Pf0'),
	(011, '25336906782', 011, 16, 011, 'Tg4Zn1Xw0'),
	(012, '26842619080', 012, 07, 012, 'Cs7Kf6Dt2'),
	(013, '25837717702', 013, 13, 013, 'Iv4Ev4Ke7'),
	(014, '20796731037', 014, 02, 014, 'Of6Ef8Ji0'),
	(015, '24636323788', 015, 16, 015, 'Tx1Xd4Vd0'),
	(016, '23087816181', 016, 10, 016, 'Rv1No4Yq6'),
	(017, '20616126069', 017, 03, 017, 'Fy3Kw8Ep9'),
	(018, '22744599738', 018, 16, 018, 'Hr0Tc7Qx3'),
	(019, '26014470504', 019, 04, 019, 'Kr2Oc7Li7'),
	(020, '24611133916', 020, 12, 020, 'Yl8Hl5Ox7'),
	(021, '26026764223', 021, 02, 021, 'Ht2Hg4Dj2'),
	(022, '23739849774', 022, 07, 022, 'Lu9Eo0Cn1'),
	(023, '23975398123', 023, 09, 023, 'Ib3Jd8Va8'),
	(024, '20145378420', 024, 08, 024, 'Wn2Zv7Av0'),
	(025, '20252611631', 025, 13, 025, 'Ud4Bi7Wc1'),
	(026, '22201028462', 026, 04, 026, 'Gy9Jz9Xk9'),
	(027, '21978677733', 027, 13, 027, 'Ut4Wu8Iz2'),
	(028, '22850036069', 028, 07, 028, 'Ap9Pq3Cx2'),
	(029, '22110267995', 029, 11, 029, 'Nl4Tr4Ju2'),
	(030, '26805663994', 030, 10, 030, 'Vq3Oc0Ew0'),
	(031, '24539632037', 031, 06, 031, 'Iw4St7Hz9'),
	(032, '24109544375', 032, 07, 032, 'Gh2Fv6Pt8'),
	(033, '24751146177', 033, 14, 033, 'Kt0Iq7Th3'),
	(034, '20197314030', 034, 05, 034, 'Ik2Fl4Ps6'),
	(035, '21476987816', 035, 03, 035, 'Uk1Eg3Vi2'),
	(036, '25792108707', 036, 16, 036, 'Fj7Sb8Vm6'),
	(037, '22627360771', 037, 10, 037, 'Sy3Wr6Vm9'),
	(038, '28005535399', 038, 07, 038, 'Fj6Xu6Op9'),
	(039, '26258475240', 039, 02, 039, 'Wa0Gt2Mo6'),
	(040, '21991373822', 040, 07, 040, 'Eh2Mu4Ys1'),
	(041, '21734597344', 041, 11, 041, 'Xv9Zp8Cj9'),
	(042, '23278893607', 042, 05, 042, 'Zn0Fo4Ng3'),
	(043, '26710629514', 043, 07, 043, 'Cc6Ge6Ne9'),
	(044, '20698008471', 044, 12, 044, 'Wd5Re1Ya8'),
	(045, '23774156716', 045, 07, 045, 'Ml1Zz7Cu3'),
	(046, '24949623286', 046, 05, 046, 'Xm7Tn9Mk8'),
	(047, '25392350952', 047, 01, 047, 'Wx3Nl0Oi9'),
	(048, '28749122699', 048, 04, 048, 'Qf0Pj6Fh0'),
	(049, '27009325641', 049, 05, 049, 'Ig5Dq4Nb8'),
	(050, '22794275918', 050, 12, 050, 'We5Mt4Lj5'),
	(051, '25637943569', 051, 04, 051, 'Cp3Ga0Va4'),
	(052, '22495052842', 052, 04, 052, 'Xu3Kh8Ox7'),
	(053, '20236237083', 053, 09, 053, 'Rk6Wr8Ly0'),
	(054, '23467269855', 054, 09, 054, 'Rt2Fa4Iv2'),
	(055, '25731263544', 055, 14, 055, 'Mc2Rd3Zt9'),
	(056, '21906293167', 056, 13, 056, 'Jc3Cj9Yz4'),
	(057, '26614976673', 057, 07, 057, 'Od0Pa7Mi5'),
	(058, '23946909642', 058, 08, 058, 'Jk5Bv8Sp8'),
	(059, '24021038089', 059, 11, 059, 'Ln6Vb1Zz3'),
	(060, '27427724840', 060, 07, 060, 'Bd7Jz9Ji8'),
	(061, '28681438662', 061, 13, 061, 'Tr1Dc9Ji0'),
	(062, '26233576897', 062, 16, 062, 'Rl2Ar3De1'),
	(063, '24409450145', 063, 13, 063, 'Jh8Pq5Ky9'),
	(064, '20031074916', 064, 05, 064, 'Rd1Nk0Ge2'),
	(065, '24970755744', 065, 12, 065, 'Xi6Eu3Jz4'),
	(066, '22067933956', 066, 10, 066, 'Ev1Yl0Mq4'),
	(067, '28263713977', 067, 16, 067, 'Kf3Vw2Ap5'),
	(068, '23726969767', 068, 03, 068, 'Zu6Ln1Dj8'),
	(069, '20985720040', 069, 02, 069, 'Kl0Ro1Ft8'),
	(070, '24769882494', 070, 04, 070, 'Qk4Mr8Wj7'),
	(071, '25195328629', 071, 12, 071, 'Ty6Tj2Vl2'),
	(072, '24082091073', 072, 12, 072, 'Lf7Gb6Rn2'),
	(073, '28765427941', 073, 08, 073, 'Za4Zb3Qt7'),
	(074, '24978363555', 074, 12, 074, 'Uy4Sm7Ct0'),
	(075, '25402336523', 075, 03, 075, 'Bw6Ex5Ts3'),
	(076, '24985174429', 076, 05, 076, 'Te2Co8Re6'),
	(077, '27240642164', 077, 14, 077, 'Wb4Tr5Hb3'),
	(078, '21759213860', 078, 06, 078, 'Ey7Tb6Ih7'),
	(079, '26252850290', 079, 14, 079, 'Uj4Pt5Pa0'),
	(080, '23911821530', 080, 14, 080, 'Tc5Tq0Lt9'),
	(081, '22208230278', 081, 14, 081, 'Py5Sl2Ca8'),
	(082, '25322503695', 082, 09, 082, 'Um8Rx2Hk6'),
	(083, '28665525290', 083, 06, 083, 'Bd5Am1Gs3'),
	(084, '23877913658', 084, 06, 084, 'Mf8Er7Uh9'),
	(085, '23556904981', 085, 08, 085, 'Ob5Qf3St2'),
	(086, '21922625512', 086, 13, 086, 'Oe2Dd7Nb6'),
	(087, '28798247764', 087, 10, 087, 'Yv7Db8Ju9'),
	(088, '20889095019', 088, 14, 088, 'Ge5Jz0Qe7'),
	(089, '27697936085', 089, 05, 089, 'Qh3Pv2Ng2'),
	(090, '26231822556', 090, 11, 090, 'Vo1Rw9Rv8'),
	(091, '20537138799', 091, 10, 091, 'Pr5Rv2Yq4'),
	(092, '26503119499', 092, 11, 092, 'Lo7De0Fg3'),
	(093, '21576161226', 093, 05, 093, 'Yy0Ll5Hq8'),
	(094, '26971116758', 094, 05, 094, 'Px6Um6Cn3'),
	(095, '26520049039', 095, 04, 095, 'Lm0Pz8If9'),
	(096, '23859207601', 096, 05, 096, 'Hs0Bh9Ke6'),
	(097, '24786031193', 097, 05, 097, 'Wp6Mq9Vh8'),
	(098, '21788857846', 098, 10, 098, 'Ti8Ha6Rs5'),
	(099, '23939024524', 099, 11, 099, 'Az2Ef6Qn5'),
	(100, '22871776675', 100, 08, 100, 'Oh2Ox5Kf4');
/*!40000 ALTER TABLE `uczen` ENABLE KEYS */;

-- Zrzut struktury widok id13767441_dziennik.uczen_full_info
-- Tworzenie tymczasowej tabeli, aby przezwyciężyć błędy z zależnościami w WIDOKU
CREATE TABLE `uczen_full_info` (
	`uczen_ID` INT(3) UNSIGNED ZEROFILL NOT NULL,
	`klasa_ID` INT(2) UNSIGNED ZEROFILL NOT NULL,
	`oddzial` VARCHAR(3) NOT NULL COLLATE 'utf8_polish_ci',
	`imie` VARCHAR(20) NOT NULL COLLATE 'utf8_polish_ci',
	`nazwisko` VARCHAR(30) NOT NULL COLLATE 'utf8_polish_ci',
	`pesel` CHAR(11) NOT NULL COLLATE 'utf8_polish_ci',
	`email` VARCHAR(32) NULL COLLATE 'utf8_polish_ci',
	`miejscowosc` VARCHAR(30) NOT NULL COLLATE 'utf8_polish_ci',
	`kod` INT(5) UNSIGNED NOT NULL,
	`ulica` VARCHAR(60) NOT NULL COLLATE 'utf8_polish_ci',
	`nr_domu` VARCHAR(6) NOT NULL COLLATE 'utf8_polish_ci',
	`nr_mieszkania` VARCHAR(4) NULL COLLATE 'utf8_polish_ci',
	`opiekunowie_id` INT(3) UNSIGNED ZEROFILL NOT NULL
) ENGINE=MyISAM;

-- Zrzut struktury procedura id13767441_dziennik.uczen_info
DELIMITER //
CREATE PROCEDURE `uczen_info`(
	IN `uczen_id` INT



)
select * 
from uczen_full_info as u
where u.uczen_ID = uczen_id//
DELIMITER ;

-- Zrzut struktury tabela id13767441_dziennik.ulica
CREATE TABLE IF NOT EXISTS `ulica` (
  `ulica_ID` int(3) unsigned zerofill NOT NULL AUTO_INCREMENT,
  `nazwa` varchar(60) COLLATE utf8_polish_ci NOT NULL,
  PRIMARY KEY (`ulica_ID`),
  UNIQUE KEY `ID` (`ulica_ID`)
) ENGINE=InnoDB AUTO_INCREMENT=51 DEFAULT CHARSET=utf8 COLLATE=utf8_polish_ci;

-- Zrzucanie danych dla tabeli id13767441_dziennik.ulica: ~50 rows (około)
/*!40000 ALTER TABLE `ulica` DISABLE KEYS */;
REPLACE INTO `ulica` (`ulica_ID`, `nazwa`) VALUES
	(001, 'Świętego Leonarda'),
	(002, 'Gabrieli Zapolskiej'),
	(003, 'Marszałka Józefa Piłsudskiego'),
	(004, 'Rafała Hadziewicza'),
	(005, 'Przegony'),
	(006, 'Biskupa Mieczysława Jaworskiego'),
	(007, 'Bobrowa'),
	(008, 'Wygon'),
	(009, 'Pańska'),
	(010, 'Wspólna'),
	(011, 'Kalinowa'),
	(012, 'Stare Sieje'),
	(013, 'Ojca Kolumbina Tomaszewskiego'),
	(014, 'Kosynierów'),
	(015, 'Żurawia'),
	(016, 'Targowa'),
	(017, 'Lubrzanka'),
	(018, 'Cisowa'),
	(019, 'Wojciecha Bogusławskiego'),
	(020, 'Jana Karskiego'),
	(021, 'Topolowa'),
	(022, 'Hubalczyków'),
	(023, 'Bobrzańska'),
	(024, 'Dobromyśl'),
	(025, 'Grochowa'),
	(026, 'Wybraniecka'),
	(027, 'Seminaryjska'),
	(028, 'Romualda Mielczarskiego'),
	(029, 'Galenowa'),
	(030, 'Świerczyńska'),
	(031, 'Leona Skibińskiego'),
	(032, 'Mleczna'),
	(033, 'Wiślicka'),
	(034, 'Zygmunta Noskowskiego'),
	(035, 'Poleska'),
	(036, 'Cedzyńska'),
	(037, 'Skibowa'),
	(038, 'Górna'),
	(039, 'Nastole'),
	(040, 'Andrzeja Frycza Modrzewskiego'),
	(041, 'Ciepła'),
	(042, 'Lecha'),
	(043, 'Owsiana'),
	(044, 'Daleszycka'),
	(045, 'Króla Jana III Sobieskiego'),
	(046, 'Warzywna'),
	(047, 'Ślichowicka'),
	(048, 'Uniwersytecka'),
	(049, 'Mieczysława Karłowicza'),
	(050, 'Spokojna');
/*!40000 ALTER TABLE `ulica` ENABLE KEYS */;

-- Zrzut struktury tabela id13767441_dziennik.ulice_miejscowosci
CREATE TABLE IF NOT EXISTS `ulice_miejscowosci` (
  `ulice_miejscowosci_ID` int(6) unsigned zerofill NOT NULL AUTO_INCREMENT,
  `miejscowosc_id` int(3) unsigned zerofill NOT NULL,
  `ulica_id` int(3) unsigned zerofill NOT NULL,
  `kod` int(5) unsigned NOT NULL,
  PRIMARY KEY (`ulice_miejscowosci_ID`),
  UNIQUE KEY `ID` (`ulice_miejscowosci_ID`) USING BTREE,
  KEY `FK_ulice_miejscowosci_miejscowosc` (`miejscowosc_id`),
  KEY `FK_ulice_miejscowosci_ulica` (`ulica_id`),
  CONSTRAINT `FK_ulice_miejscowosci_miejscowosc` FOREIGN KEY (`miejscowosc_id`) REFERENCES `miejscowosc` (`miejscowosc_ID`),
  CONSTRAINT `FK_ulice_miejscowosci_ulica` FOREIGN KEY (`ulica_id`) REFERENCES `ulica` (`ulica_ID`)
) ENGINE=InnoDB AUTO_INCREMENT=101 DEFAULT CHARSET=utf8 COLLATE=utf8_polish_ci;

-- Zrzucanie danych dla tabeli id13767441_dziennik.ulice_miejscowosci: ~100 rows (około)
/*!40000 ALTER TABLE `ulice_miejscowosci` DISABLE KEYS */;
REPLACE INTO `ulice_miejscowosci` (`ulice_miejscowosci_ID`, `miejscowosc_id`, `ulica_id`, `kod`) VALUES
	(000001, 006, 001, 13583),
	(000002, 007, 013, 14790),
	(000003, 016, 026, 14480),
	(000004, 013, 018, 14756),
	(000005, 001, 030, 13089),
	(000006, 016, 030, 14676),
	(000007, 007, 011, 14162),
	(000008, 014, 033, 14948),
	(000009, 008, 040, 13990),
	(000010, 011, 024, 13521),
	(000011, 012, 049, 13535),
	(000012, 018, 023, 14057),
	(000013, 011, 045, 14687),
	(000014, 015, 030, 14535),
	(000015, 002, 007, 14738),
	(000016, 006, 017, 13064),
	(000017, 007, 035, 14241),
	(000018, 009, 037, 14472),
	(000019, 016, 003, 14218),
	(000020, 012, 047, 13647),
	(000021, 001, 024, 14514),
	(000022, 008, 008, 13019),
	(000023, 015, 017, 14946),
	(000024, 019, 018, 14489),
	(000025, 007, 002, 14142),
	(000026, 006, 037, 14313),
	(000027, 008, 042, 13693),
	(000028, 003, 024, 13228),
	(000029, 008, 005, 13092),
	(000030, 001, 024, 13845),
	(000031, 019, 017, 14034),
	(000032, 010, 046, 13888),
	(000033, 002, 024, 14514),
	(000034, 001, 016, 13048),
	(000035, 017, 043, 14212),
	(000036, 012, 024, 13419),
	(000037, 004, 045, 13529),
	(000038, 005, 014, 14383),
	(000039, 007, 045, 14612),
	(000040, 001, 030, 13271),
	(000041, 017, 035, 13651),
	(000042, 016, 021, 14901),
	(000043, 018, 001, 14653),
	(000044, 020, 050, 13507),
	(000045, 008, 007, 13521),
	(000046, 011, 042, 14208),
	(000047, 015, 034, 13468),
	(000048, 001, 029, 14386),
	(000049, 006, 016, 13777),
	(000050, 002, 004, 14889),
	(000051, 019, 030, 13557),
	(000052, 008, 049, 13121),
	(000053, 002, 018, 14984),
	(000054, 015, 017, 13139),
	(000055, 003, 019, 14753),
	(000056, 012, 018, 14913),
	(000057, 012, 050, 13442),
	(000058, 010, 023, 14010),
	(000059, 014, 009, 13648),
	(000060, 010, 050, 13119),
	(000061, 010, 016, 14538),
	(000062, 011, 017, 14264),
	(000063, 020, 023, 14385),
	(000064, 003, 021, 13596),
	(000065, 006, 035, 14511),
	(000066, 008, 003, 14418),
	(000067, 011, 007, 14780),
	(000068, 013, 035, 14776),
	(000069, 010, 020, 14827),
	(000070, 015, 046, 14998),
	(000071, 005, 012, 13008),
	(000072, 012, 035, 14873),
	(000073, 006, 005, 13058),
	(000074, 007, 012, 14576),
	(000075, 010, 024, 13333),
	(000076, 016, 013, 14594),
	(000077, 004, 026, 14672),
	(000078, 002, 009, 14170),
	(000079, 005, 040, 14235),
	(000080, 014, 039, 14500),
	(000081, 001, 041, 14727),
	(000082, 014, 036, 13934),
	(000083, 002, 019, 14196),
	(000084, 009, 024, 14091),
	(000085, 004, 012, 13599),
	(000086, 007, 009, 14409),
	(000087, 020, 026, 14821),
	(000088, 010, 016, 13944),
	(000089, 011, 038, 13345),
	(000090, 014, 032, 13038),
	(000091, 008, 021, 14543),
	(000092, 006, 031, 14626),
	(000093, 014, 031, 13400),
	(000094, 011, 014, 13925),
	(000095, 007, 023, 14314),
	(000096, 017, 041, 14349),
	(000097, 002, 021, 14258),
	(000098, 018, 001, 13698),
	(000099, 013, 050, 13389),
	(000100, 001, 027, 14037);
/*!40000 ALTER TABLE `ulice_miejscowosci` ENABLE KEYS */;

-- Zrzut struktury tabela id13767441_dziennik.uzytkownik
CREATE TABLE IF NOT EXISTS `uzytkownik` (
  `uzytkownik_login` varchar(16) COLLATE utf8_polish_ci NOT NULL DEFAULT left(md5(rand()),6),
  `nazwisko` varchar(30) COLLATE utf8_polish_ci NOT NULL,
  `imie` varchar(20) COLLATE utf8_polish_ci NOT NULL,
  `haslo` char(32) COLLATE utf8_polish_ci NOT NULL DEFAULT md5('123456'),
  `rodzaj` enum('U','N','R','I','A') COLLATE utf8_polish_ci DEFAULT 'I',
  `email` varchar(32) COLLATE utf8_polish_ci DEFAULT NULL,
  PRIMARY KEY (`uzytkownik_login`) USING BTREE,
  UNIQUE KEY `login` (`uzytkownik_login`),
  KEY `haslo` (`haslo`) USING BTREE
) ENGINE=InnoDB DEFAULT CHARSET=utf8 COLLATE=utf8_polish_ci;

-- Zrzucanie danych dla tabeli id13767441_dziennik.uzytkownik: ~360 rows (około)
/*!40000 ALTER TABLE `uzytkownik` DISABLE KEYS */;
REPLACE INTO `uzytkownik` (`uzytkownik_login`, `nazwisko`, `imie`, `haslo`, `rodzaj`, `email`) VALUES
	('Aa8Sf9Me1', 'STEFAŃSKA', 'LENA', 'haslo_r', 'R', 'przykladowy@mail.xd'),
	('Ae8Cp6Ox7', 'KOWALCZYK', 'MARIAN', 'haslo_n', 'N', 'przykladowy@mail.xd'),
	('Ah2Im0Nh8', 'WILK', 'URSZULA', 'haslo_r', 'R', 'przykladowy@mail.xd'),
	('Ak6Ip7Jm5', 'MICHALAK', 'ROZALIA', 'haslo_r', 'R', 'przykladowy@mail.xd'),
	('Ak8Ds6Hg6', 'STASIAK', 'IGNACY', 'haslo_n', 'N', 'przykladowy@mail.xd'),
	('An8Bb7Zu1', 'WŁODARCZYK', 'EDYTA', 'haslo_r', 'R', 'przykladowy@mail.xd'),
	('Ap9Pq3Cx2', 'MADEJ', 'MIŁOSZ', 'haslo', 'U', 'przykladowy@mail.xd'),
	('Au2Rg3Tm3', 'KANIA', 'WERONIKA', 'haslo', 'U', 'przykladowy@mail.xd'),
	('Az2Ef6Qn5', 'MAZURKIEWICZ', 'DAMIAN', 'haslo', 'U', 'przykladowy@mail.xd'),
	('Ba9Cf4Jr3', 'OWCZAREK', 'FELIKS', 'haslo_r', 'R', 'przykladowy@mail.xd'),
	('Bd5Am1Gs3', 'KOZAK', 'MARTA', 'haslo', 'U', 'przykladowy@mail.xd'),
	('Bd7Jz9Ji8', 'DOMAGAŁA', 'AMELIA', 'haslo', 'U', 'przykladowy@mail.xd'),
	('Bj7Ye4Cy7', 'GRABOWSKA', 'JADWIGA', 'haslo_r', 'R', 'przykladowy@mail.xd'),
	('Bj8Sx4Rq7', 'BEDNAREK', 'DAMIAN', 'haslo_r', 'R', 'przykladowy@mail.xd'),
	('Bk9We4Oa5', 'ANDRZEJEWSKA', 'AMELIA', 'haslo_n', 'N', 'przykladowy@mail.xd'),
	('Bp6Cd4Zt1', 'MICHALAK', 'ZDZISŁAW', 'haslo_r', 'R', 'przykladowy@mail.xd'),
	('Bq7Lb4Je9', 'DZIEDZIC', 'SANDRA', 'haslo_r', 'R', 'przykladowy@mail.xd'),
	('Bt3Pz4Ba3', 'WOŹNIAK', 'AMELIA', 'haslo_n', 'N', 'przykladowy@mail.xd'),
	('Bv2Kd9Ox5', 'KOZAK', 'GERTRUDA', 'haslo_r', 'R', 'przykladowy@mail.xd'),
	('Bv6Gl0Av8', 'CHMIELEWSKI', 'MARIOLA', 'haslo_n', 'N', 'przykladowy@mail.xd'),
	('Bw6Ex5Ts3', 'CIEŚLAK', 'STANISŁAWA', 'haslo', 'U', 'przykladowy@mail.xd'),
	('By7Mv8Gt5', 'CIESIELSKI', 'STEFANIA', 'haslo', 'U', 'przykladowy@mail.xd'),
	('Cb7Zo0Vp2', 'KRAWCZYK', 'KAMILA', 'haslo_n', 'N', 'przykladowy@mail.xd'),
	('Cc6Ge6Ne9', 'SOSNOWSKI', 'BOGUSŁAWA', 'haslo', 'U', 'przykladowy@mail.xd'),
	('Cd9Pm9Rb2', 'WŁODARCZYK', 'KONRAD', 'haslo', 'U', 'przykladowy@mail.xd'),
	('Cf4Ti0Jm2', 'STANKIEWICZ', 'MAJA', 'haslo_r', 'R', 'przykladowy@mail.xd'),
	('Cg4Us2Rh7', 'KASPRZAK', 'MAJA', 'haslo_r', 'R', 'przykladowy@mail.xd'),
	('Cg6Tj3Tt5', 'DZIEDZIC', 'KAROL', 'haslo_r', 'R', 'przykladowy@mail.xd'),
	('Ch3Cl9Yz2', 'ZALEWSKI', 'FRANCISZEK', 'haslo_n', 'N', 'przykladowy@mail.xd'),
	('Co6Fr2Uh8', 'KUREK', 'IGOR', 'haslo_r', 'R', 'przykladowy@mail.xd'),
	('Cp3Ga0Va4', 'MAZUREK', 'WITOLD', 'haslo', 'U', 'przykladowy@mail.xd'),
	('Cs7Kf6Dt2', 'MACIEJEWSKI', 'JULIAN', 'haslo', 'U', 'przykladowy@mail.xd'),
	('Ct7Xz3Af9', 'URBAŃSKA', 'BARTOSZ', 'haslo_r', 'R', 'przykladowy@mail.xd'),
	('Cu3Zb2Jd9', 'ADAMCZYK', 'BRONISŁAW', 'haslo_r', 'R', 'przykladowy@mail.xd'),
	('Cu5Wp0Ps9', 'MATUSIAK', 'WERONIKA', 'haslo_r', 'R', 'przykladowy@mail.xd'),
	('Cz1Op8Rl1', 'OLSZEWSKA', 'ANDRZEJ', 'haslo_r', 'R', 'przykladowy@mail.xd'),
	('Da1Et2Mq6', 'MILEWSKA', 'ZOFIA', 'haslo_n', 'N', 'przykladowy@mail.xd'),
	('Da9Ng3Ff0', 'SOBCZAK', 'MIROSŁAWA', 'haslo_r', 'R', 'przykladowy@mail.xd'),
	('Da9Qa6Zy1', 'TOMASZEWSKA', 'NIKOLA', 'haslo_r', 'R', 'przykladowy@mail.xd'),
	('Db1Vx4Ha8', 'ADAMCZYK', 'OLGA', 'haslo_r', 'R', 'przykladowy@mail.xd'),
	('Df1Xp9Kh5', 'PAWŁOWSKI', 'PAULINA', 'haslo_r', 'R', 'przykladowy@mail.xd'),
	('Df3Co6Ay1', 'JAWORSKI', 'LUDWIK', 'haslo_r', 'R', 'przykladowy@mail.xd'),
	('Dk2Tj3Cd6', 'MUCHA', 'MAREK', 'haslo_r', 'R', 'przykladowy@mail.xd'),
	('Dm8Di0Yg3', 'MADEJ', 'AMELIA', 'haslo_r', 'R', 'przykladowy@mail.xd'),
	('Dp4Ht7Kr6', 'PIĄTEK', 'DANUTA', 'haslo_n', 'N', 'przykladowy@mail.xd'),
	('Dv7Ph1Qe8', 'JANICKI', 'DOROTA', 'haslo_r', 'R', 'przykladowy@mail.xd'),
	('Dx4Sp0Pz3', 'KOWALIK', 'IZABELA', 'haslo_r', 'R', 'przykladowy@mail.xd'),
	('Dy4Iy9Xe8', 'CIESIELSKA', 'STEFANIA', 'haslo_r', 'R', 'przykladowy@mail.xd'),
	('Ec3Cf4Jn6', 'SIKORA', 'ROZALIA', 'haslo_r', 'R', 'przykladowy@mail.xd'),
	('Ec3Xw0Ot7', 'BARANOWSKI', 'MIROSŁAWA', 'haslo_r', 'R', 'przykladowy@mail.xd'),
	('Ed0Mt7Pc3', 'JASIŃSKA', 'MAŁGORZATA', 'haslo_r', 'R', 'przykladowy@mail.xd'),
	('Ee2Hp0Ur1', 'MATUSZEWSKI', 'MAKSYMILIAN', 'haslo_r', 'R', 'przykladowy@mail.xd'),
	('Eh2Mu4Ys1', 'KUREK', 'RENATA', 'haslo', 'U', 'przykladowy@mail.xd'),
	('Eh3Ha6Sp3', 'SAWICKI', 'HENRYKA', 'haslo_r', 'R', 'przykladowy@mail.xd'),
	('Ei0Cu0Oq8', 'MAZURKIEWICZ', 'KRYSTIAN', 'haslo_r', 'R', 'przykladowy@mail.xd'),
	('Eo6Ih2Cu2', 'SOSNOWSKI', 'ADRIAN', 'haslo_r', 'R', 'przykladowy@mail.xd'),
	('Eq0At0Uo2', 'TOMCZAK', 'EWELINA', 'haslo', 'U', 'przykladowy@mail.xd'),
	('Eq2Bh3Fx4', 'MICHALSKA', 'JULIA', 'haslo_n', 'N', 'przykladowy@mail.xd'),
	('Ev1Yl0Mq4', 'MAJEWSKA', 'ŁUKASZ', 'haslo', 'U', 'przykladowy@mail.xd'),
	('Ev5Bo5Qj0', 'ZAKRZEWSKA', 'CZESŁAW', 'haslo_r', 'R', 'przykladowy@mail.xd'),
	('Ex7Ul2Qz8', 'MAJEWSKA', 'ANDRZEJ', 'haslo_r', 'R', 'przykladowy@mail.xd'),
	('Ex9Uk6Xy0', 'TOMCZAK', 'ZENON', 'haslo_r', 'R', 'przykladowy@mail.xd'),
	('Ey7Tb6Ih7', 'URBAN', 'DOMINIKA', 'haslo', 'U', 'przykladowy@mail.xd'),
	('Fi2Jm8Nr4', 'KOWAL', 'DOMINIK', 'haslo_r', 'R', 'przykladowy@mail.xd'),
	('Fj6Xu6Op9', 'KOZIOŁ', 'FRANCISZKA', 'haslo', 'U', 'przykladowy@mail.xd'),
	('Fj7Sb8Vm6', 'KUCHARSKI', 'WITOLD', 'haslo', 'U', 'przykladowy@mail.xd'),
	('Fp3Cy3Kg7', 'KOŁODZIEJCZYK', 'STANISŁAW', 'haslo_n', 'N', 'przykladowy@mail.xd'),
	('Fq5Xr1Cz3', 'PAJĄK', 'LUCYNA', 'haslo_r', 'R', 'przykladowy@mail.xd'),
	('Ft9Fx5Ll8', 'MILEWSKI', 'ZDZISŁAW', 'haslo_r', 'R', 'przykladowy@mail.xd'),
	('Fw5Wi2Gz1', 'URBAŃSKI', 'MICHALINA', 'haslo_r', 'R', 'przykladowy@mail.xd'),
	('Fy2Wj7Cl0', 'ORŁOWSKA', 'STEFAN', 'haslo_n', 'N', 'przykladowy@mail.xd'),
	('Fy3Kw8Ep9', 'ROGOWSKI', 'BARBARA', 'haslo', 'U', 'przykladowy@mail.xd'),
	('Fy5Zg8Ek4', 'WÓJCIK', 'LEON', 'haslo_r', 'R', 'przykladowy@mail.xd'),
	('Gc2Gq4Qu7', 'ZAWADZKA', 'KAROL', 'haslo_n', 'N', 'przykladowy@mail.xd'),
	('Ge5Jz0Qe7', 'ZIELIŃSKA', 'IRENEUSZ', 'haslo', 'U', 'przykladowy@mail.xd'),
	('Gf0Km0Tj6', 'SOBCZAK', 'ADAM', 'haslo_r', 'R', 'przykladowy@mail.xd'),
	('Gg5Mf9Ax8', 'KOŁODZIEJ', 'NIKOLA', 'haslo_r', 'R', 'przykladowy@mail.xd'),
	('Gh2Fv6Pt8', 'PAWLIK', 'BOLESŁAW', 'haslo', 'U', 'przykladowy@mail.xd'),
	('Gh6Qw8Xy6', 'MADEJ', 'DAWID', 'haslo_n', 'N', 'przykladowy@mail.xd'),
	('Gi3Bl0Kt8', 'NOWAK', 'FRANCISZEK', 'haslo_n', 'N', 'przykladowy@mail.xd'),
	('Gn7Gc3Cx9', 'KOT', 'BOGDAN', 'haslo_r', 'R', 'przykladowy@mail.xd'),
	('Gq5Ez6It5', 'ŁUCZAK', 'HUBERT', 'haslo_n', 'N', 'przykladowy@mail.xd'),
	('Gr4Iv0Yy7', 'GRABOWSKA', 'JANINA', 'haslo_n', 'N', 'przykladowy@mail.xd'),
	('Gw0Co0Zz9', 'GŁOWACKA', 'MARTA', 'haslo_n', 'N', 'przykladowy@mail.xd'),
	('Gw7Fp7Jt7', 'KASPRZAK', 'WIKTOR', 'haslo_r', 'R', 'przykladowy@mail.xd'),
	('Gy1Kd9Ob7', 'MAJEWSKA', 'KINGA', 'haslo_r', 'R', 'przykladowy@mail.xd'),
	('Gy9Jz9Xk9', 'DZIEDZIC', 'ALAN', 'haslo', 'U', 'przykladowy@mail.xd'),
	('Hl7My5Ce5', 'OLSZEWSKI', 'ANIELA', 'haslo_n', 'N', 'przykladowy@mail.xd'),
	('Hq5No2Wj9', 'LIS', 'BARTŁOMIEJ', 'haslo_n', 'N', 'przykladowy@mail.xd'),
	('Hr0Tc7Qx3', 'STEFAŃSKA', 'STEFANIA', 'haslo', 'U', 'przykladowy@mail.xd'),
	('Hr1Uu8Ql9', 'ADAMSKI', 'ALICJA', 'haslo_r', 'R', 'przykladowy@mail.xd'),
	('Hr1Yz1Lh5', 'MAZUR', 'NIKODEM', 'haslo_r', 'R', 'przykladowy@mail.xd'),
	('Hs0Bh9Ke6', 'SOBCZAK', 'HANNA', 'haslo', 'U', 'przykladowy@mail.xd'),
	('Hs2Lf7Vb5', 'STEFAŃSKA', 'WACŁAW', 'haslo_r', 'R', 'przykladowy@mail.xd'),
	('Hs7Cv2Od6', 'MAJ', 'NATALIA', 'haslo_r', 'R', 'przykladowy@mail.xd'),
	('Ht2Hg4Dj2', 'WRONA', 'JULIAN', 'haslo', 'U', 'przykladowy@mail.xd'),
	('Hw3Pw0Zr4', 'CIESIELSKI', 'AGATA', 'haslo_r', 'R', 'przykladowy@mail.xd'),
	('Hx6Cw6Ic9', 'KOZŁOWSKA', 'ROBERT', 'haslo_r', 'R', 'przykladowy@mail.xd'),
	('Ia1Mf8Su6', 'MAKOWSKA', 'HUBERT', 'haslo_n', 'N', 'przykladowy@mail.xd'),
	('Ib3Jd8Va8', 'ADAMCZYK', 'GABRIELA', 'haslo', 'U', 'przykladowy@mail.xd'),
	('Ic6Tt4Yh3', 'TOMCZYK', 'ZBIGNIEW', 'haslo_r', 'R', 'przykladowy@mail.xd'),
	('Ie1Xv6Sg3', 'ŚLIWIŃSKA', 'WANDA', 'haslo_r', 'R', 'przykladowy@mail.xd'),
	('Ig5Dq4Nb8', 'KOŁODZIEJ', 'IRENA', 'haslo', 'U', 'przykladowy@mail.xd'),
	('Ig6Sb1Ej5', 'KOT', 'EMILIA', 'haslo_r', 'R', 'przykladowy@mail.xd'),
	('Ii8Bo6Zb7', 'CHOJNACKA', 'AMELIA', 'haslo_r', 'R', 'przykladowy@mail.xd'),
	('Ii8Xz5If2', 'ZAKRZEWSKI', 'PRZEMYSŁAW', 'haslo_n', 'N', 'przykladowy@mail.xd'),
	('Ik2Fl4Ps6', 'KRAJEWSKA', 'MARIANNA', 'haslo', 'U', 'przykladowy@mail.xd'),
	('Ik9Rw9Qb4', 'URBAN', 'EDWARD', 'haslo_r', 'R', 'przykladowy@mail.xd'),
	('It4Qr0Wm5', 'KRUK', 'STEFAN', 'haslo_n', 'N', 'przykladowy@mail.xd'),
	('Iv0On4Up2', 'PAWLIK', 'WERONIKA', 'haslo_r', 'R', 'przykladowy@mail.xd'),
	('Iv4Ev4Ke7', 'BOROWSKI', 'FRANCISZKA', 'haslo', 'U', 'przykladowy@mail.xd'),
	('Iw4St7Hz9', 'WÓJCIK', 'LECH', 'haslo', 'U', 'przykladowy@mail.xd'),
	('Iw9Ce6Uf8', 'SOSNOWSKI', 'MIŁOSZ', 'haslo_n', 'N', 'przykladowy@mail.xd'),
	('Jc3Cj9Yz4', 'TOMCZYK', 'KRYSTIAN', 'haslo', 'U', 'przykladowy@mail.xd'),
	('Je4Hi3Ra6', 'LEWANDOWSKA', 'OSKAR', 'haslo_r', 'R', 'przykladowy@mail.xd'),
	('Je9Wx1Vr8', 'LEWANDOWSKA', 'JÓZEFA', 'haslo_r', 'R', 'przykladowy@mail.xd'),
	('Jh8Pq5Ky9', 'URBAŃSKI', 'WOJCIECH', 'haslo', 'U', 'przykladowy@mail.xd'),
	('Jk5Bv8Sp8', 'ADAMCZYK', 'JACEK', 'haslo', 'U', 'przykladowy@mail.xd'),
	('Jm6Lj5Ih6', 'KRAJEWSKA', 'MAKSYMILIAN', 'haslo_r', 'R', 'przykladowy@mail.xd'),
	('Jn9Ru8Hm0', 'PAJĄK', 'IGOR', 'haslo', 'U', 'przykladowy@mail.xd'),
	('Jw3Oj6Be7', 'LEŚNIAK', 'WŁADYSŁAWA', 'haslo_r', 'R', 'przykladowy@mail.xd'),
	('Jw7Fr1Bd9', 'BUKOWSKI', 'RENATA', 'haslo_n', 'N', 'przykladowy@mail.xd'),
	('Jy4Ax2Dx1', 'PIOTROWSKA', 'MIROSŁAW', 'haslo_r', 'R', 'przykladowy@mail.xd'),
	('Jy7Is4Yw5', 'ŚLIWIŃSKI', 'OLIWIER', 'haslo_r', 'R', 'przykladowy@mail.xd'),
	('Kb0Cv2Tb7', 'BOROWSKI', 'LECH', 'haslo_r', 'R', 'przykladowy@mail.xd'),
	('Kc2Iu6Xt9', 'PAWLIK', 'MIKOŁAJ', 'haslo_r', 'R', 'przykladowy@mail.xd'),
	('Kd7Sb5By8', 'KRAJEWSKA', 'EWA', 'haslo_r', 'R', 'przykladowy@mail.xd'),
	('Kd9Nw9Uj7', 'KOŁODZIEJ', 'ALAN', 'haslo_r', 'R', 'przykladowy@mail.xd'),
	('Ke2Kp7Ey4', 'BARANOWSKI', 'WITOLD', 'haslo_r', 'R', 'przykladowy@mail.xd'),
	('Kf3Vw2Ap5', 'GÓRSKI', 'PAWEŁ', 'haslo', 'U', 'przykladowy@mail.xd'),
	('Kg9Cs0Jq7', 'ZIELIŃSKA', 'STANISŁAWA', 'haslo_r', 'R', 'przykladowy@mail.xd'),
	('Kh2Rp2Oe5', 'WYSOCKI', 'LIDIA', 'haslo_r', 'R', 'przykladowy@mail.xd'),
	('Kk9Yb9Jm1', 'MAZURKIEWICZ', 'MARIANNA', 'haslo_r', 'R', 'przykladowy@mail.xd'),
	('Kl0Ro1Ft8', 'KARPIŃSKI', 'IRENEUSZ', 'haslo', 'U', 'przykladowy@mail.xd'),
	('Km0Pe5Io0', 'KOWAL', 'KRYSTYNA', 'haslo_r', 'R', 'przykladowy@mail.xd'),
	('Kr2Oc7Li7', 'MATUSIAK', 'SZYMON', 'haslo', 'U', 'przykladowy@mail.xd'),
	('Ks1Jt5In0', 'KOWAL', 'EMILIA', 'haslo_n', 'N', 'przykladowy@mail.xd'),
	('Ks4Xa4Et0', 'MATUSZEWSKA', 'BRONISŁAW', 'haslo_n', 'N', 'przykladowy@mail.xd'),
	('Kt0Iq7Th3', 'LIS', 'ROZALIA', 'haslo', 'U', 'przykladowy@mail.xd'),
	('Kt2Vr0Bd0', 'SOWA', 'WALDEMAR', 'haslo_r', 'R', 'przykladowy@mail.xd'),
	('Kt5Xf4Ck8', 'JASIŃSKA', 'WŁADYSŁAWA', 'haslo_n', 'N', 'przykladowy@mail.xd'),
	('Ku4Ip0Gr5', 'KAMIŃSKA', 'JANUSZ', 'haslo_n', 'N', 'przykladowy@mail.xd'),
	('Ku6Xo0Ck3', 'MAJ', 'MARIAN', 'haslo_r', 'R', 'przykladowy@mail.xd'),
	('Ku7Qr0Dh1', 'BEDNAREK', 'MARIA', 'haslo', 'U', 'przykladowy@mail.xd'),
	('Kx1Ym9Zf4', 'GŁOWACKA', 'MARCIN', 'haslo_r', 'R', 'przykladowy@mail.xd'),
	('Ky2Uo9Kc4', 'MICHALAK', 'KONRAD', 'haslo_r', 'R', 'przykladowy@mail.xd'),
	('Kz1Rt8Lm2', 'KACZMARCZYK', 'SYLWESTER', 'haslo_r', 'R', 'przykladowy@mail.xd'),
	('Kz4Ho3Fg4', 'JABŁOŃSKI', 'PAULINA', 'haslo_n', 'N', 'przykladowy@mail.xd'),
	('Ld3Yz9Rk4', 'ZALEWSKA', 'MARTA', 'haslo_r', 'R', 'przykladowy@mail.xd'),
	('Le5Te7Qq2', 'DZIEDZIC', 'SYLWESTER', 'haslo_r', 'R', 'przykladowy@mail.xd'),
	('Lf7Gb6Rn2', 'TOMASZEWSKA', 'KAMILA', 'haslo', 'U', 'przykladowy@mail.xd'),
	('Lg4Sm1Ld7', 'MAZUR', 'DANUTA', 'haslo_r', 'R', 'przykladowy@mail.xd'),
	('Li9To4Xh3', 'CIESIELSKI', 'ZBIGNIEW', 'haslo_r', 'R', 'przykladowy@mail.xd'),
	('Lk2Zq4Pb9', 'ZAKRZEWSKA', 'MARZENA', 'haslo_r', 'R', 'przykladowy@mail.xd'),
	('Lk6Yu6Kw3', 'TOMCZYK', 'FRANCISZKA', 'haslo_r', 'R', 'przykladowy@mail.xd'),
	('Ll4Jn9Cl0', 'URBAN', 'DAMIAN', 'haslo_r', 'R', 'przykladowy@mail.xd'),
	('Lm0Pz8If9', 'WILK', 'WOJCIECH', 'haslo', 'U', 'przykladowy@mail.xd'),
	('Lm7Pu9Il6', 'KUCHARSKI', 'OLIWIA', 'haslo_r', 'R', 'przykladowy@mail.xd'),
	('Ln4Tj7Ux1', 'WYSOCKI', 'JERZY', 'haslo_r', 'R', 'przykladowy@mail.xd'),
	('Ln6Vb1Zz3', 'ŚLIWIŃSKI', 'NIKOLA', 'haslo', 'U', 'przykladowy@mail.xd'),
	('Lo7De0Fg3', 'SOSNOWSKA', 'PATRYK', 'haslo', 'U', 'przykladowy@mail.xd'),
	('Lp0Nw1Ih9', 'URBAŃSKI', 'MATEUSZ', 'haslo_n', 'N', 'przykladowy@mail.xd'),
	('Lr8Sl7Cx4', 'WILK', 'MARIAN', 'haslo_r', 'R', 'przykladowy@mail.xd'),
	('Lu9Eo0Cn1', 'DZIEDZIC', 'MIROSŁAW', 'haslo', 'U', 'przykladowy@mail.xd'),
	('Lv4Zt9Nv8', 'SOWA', 'PAULINA', 'haslo_n', 'N', 'przykladowy@mail.xd'),
	('Lv5Nq5Yy7', 'BARAŃSKI', 'EWELINA', 'haslo_n', 'N', 'przykladowy@mail.xd'),
	('Ly7Yj3Pz1', 'LEŚNIAK', 'MARCEL', 'haslo_r', 'R', 'przykladowy@mail.xd'),
	('Ly7Zc2Ie6', 'SOSNOWSKI', 'NATALIA', 'haslo_r', 'R', 'przykladowy@mail.xd'),
	('Ma3Mr5Yi4', 'SOSNOWSKA', 'ZUZANNA', 'haslo_r', 'R', 'przykladowy@mail.xd'),
	('Ma4Md8Mi1', 'KOZŁOWSKI', 'KINGA', 'haslo_n', 'N', 'przykladowy@mail.xd'),
	('Mc0Iv4Hk0', 'JAWORSKI', 'LAURA', 'haslo_r', 'R', 'przykladowy@mail.xd'),
	('Mc2Rd3Zt9', 'PIOTROWSKA', 'WIESŁAWA', 'haslo', 'U', 'przykladowy@mail.xd'),
	('Mc2Un6Nc6', 'MUSIAŁ', 'RENATA', 'haslo_n', 'N', 'przykladowy@mail.xd'),
	('Md0Wr0Dj3', 'KOWAL', 'DAMIAN', 'haslo_n', 'N', 'przykladowy@mail.xd'),
	('Me3Rg7Is1', 'GÓRSKI', 'ALEKSANDRA', 'haslo_r', 'R', 'przykladowy@mail.xd'),
	('Mf8Er7Uh9', 'MATUSZEWSKI', 'JÓZEF', 'haslo', 'U', 'przykladowy@mail.xd'),
	('Ml1Zz7Cu3', 'LEWANDOWSKA', 'AGATA', 'haslo', 'U', 'przykladowy@mail.xd'),
	('Mn2Fh7Ac2', 'TOMASZEWSKA', 'ŁUKASZ', 'haslo_r', 'R', 'przykladowy@mail.xd'),
	('Mo0Hj3Pf6', 'DOMAGAŁA', 'NATALIA', 'haslo_r', 'R', 'przykladowy@mail.xd'),
	('Mu5Xj5Ty3', 'ZALEWSKA', 'PIOTR', 'haslo_r', 'R', 'przykladowy@mail.xd'),
	('Mw9Zd3If4', 'WIERZBICKI', 'MARIOLA', 'haslo_r', 'R', 'przykladowy@mail.xd'),
	('Mx0Ha0Ze1', 'SIKORA', 'HENRYKA', 'haslo_n', 'N', 'przykladowy@mail.xd'),
	('Nc7Ik1Iy4', 'ZIELIŃSKA', 'IRENEUSZ', 'haslo_r', 'R', 'przykladowy@mail.xd'),
	('Nd1Dg3Ci5', 'GÓRSKI', 'WŁODZIMIERZ', 'haslo_r', 'R', 'przykladowy@mail.xd'),
	('Ne0La3Gw6', 'GŁOWACKA', 'BRONISŁAW', 'haslo', 'U', 'przykladowy@mail.xd'),
	('Nh2Lh3Zn2', 'WIERZBICKA', 'KAMILA', 'haslo_n', 'N', 'przykladowy@mail.xd'),
	('Ni2Hl6Ip8', 'MAZUREK', 'KAMILA', 'haslo_r', 'R', 'przykladowy@mail.xd'),
	('Ni3Bi0Gi0', 'WÓJCIK', 'WŁADYSŁAWA', 'haslo_r', 'R', 'przykladowy@mail.xd'),
	('Nl4Tr4Ju2', 'KOT', 'RYSZARD', 'haslo', 'U', 'przykladowy@mail.xd'),
	('Nl7Gw7Xi3', 'SIKORA', 'SŁAWOMIR', 'haslo_r', 'R', 'przykladowy@mail.xd'),
	('No4Qv6Dw3', 'ADAMCZYK', 'WERONIKA', 'haslo_r', 'R', 'przykladowy@mail.xd'),
	('No9Nj6Jf9', 'KANIA', 'LECH', 'haslo_r', 'R', 'przykladowy@mail.xd'),
	('Nr6Ma8Ws7', 'KUROWSKA', 'ARTUR', 'haslo_n', 'N', 'przykladowy@mail.xd'),
	('Ns6Cy1Dg1', 'KACZMARCZYK', 'EWELINA', 'haslo_r', 'R', 'przykladowy@mail.xd'),
	('Nv8Hq5Xt6', 'ROGOWSKI', 'WIOLETTA', 'haslo_r', 'R', 'przykladowy@mail.xd'),
	('Ny7Pl2Of5', 'MILEWSKI', 'MONIKA', 'haslo_r', 'R', 'przykladowy@mail.xd'),
	('Ob5Qf3St2', 'SOKOŁOWSKA', 'RADOSŁAW', 'haslo', 'U', 'przykladowy@mail.xd'),
	('Od0Pa7Mi5', 'MARKIEWICZ', 'MAŁGORZATA', 'haslo', 'U', 'przykladowy@mail.xd'),
	('Oe2Dd7Nb6', 'KOZŁOWSKA', 'ANTONI', 'haslo', 'U', 'przykladowy@mail.xd'),
	('Of3Xx5Qc2', 'SOWA', 'BARBARA', 'haslo_r', 'R', 'przykladowy@mail.xd'),
	('Of6Ef8Ji0', 'ZAKRZEWSKA', 'JUSTYNA', 'haslo', 'U', 'przykladowy@mail.xd'),
	('Og2Un1Xk5', 'KOZŁOWSKA', 'KAMILA', 'haslo_r', 'R', 'przykladowy@mail.xd'),
	('Oh2Ox5Kf4', 'CIESIELSKA', 'HUBERT', 'haslo', 'U', 'przykladowy@mail.xd'),
	('Oh5Jl6Ui7', 'DZIEDZIC', 'SABINA', 'haslo_r', 'R', 'przykladowy@mail.xd'),
	('Ol8Ij7Ih7', 'WITKOWSKA', 'KRYSTYNA', 'haslo_r', 'R', 'przykladowy@mail.xd'),
	('On7Aj7Do4', 'KOWALIK', 'JANUSZ', 'haslo_r', 'R', 'przykladowy@mail.xd'),
	('Oo7Dj7Ct2', 'WŁODARCZYK', 'MAKSYMILIAN', 'haslo_r', 'R', 'przykladowy@mail.xd'),
	('Op8Lc6Tc3', 'WŁODARCZYK', 'ANETA', 'haslo_n', 'N', 'przykladowy@mail.xd'),
	('Os1Px4Xw2', 'SOSNOWSKA', 'ALEKSANDER', 'haslo_r', 'R', 'przykladowy@mail.xd'),
	('Ox9Sq5Ji4', 'SZULC', 'ŁUKASZ', 'haslo_r', 'R', 'przykladowy@mail.xd'),
	('Oy7Sv0Vg9', 'KRUPA', 'GERTRUDA', 'haslo_r', 'R', 'przykladowy@mail.xd'),
	('Pd5Ta0Bq0', 'WŁODARCZYK', 'BOGUMIŁA', 'haslo_r', 'R', 'przykladowy@mail.xd'),
	('Pe0Tf5Xp6', 'STANKIEWICZ', 'CZESŁAW', 'haslo_r', 'R', 'przykladowy@mail.xd'),
	('Pe3Bc3Av9', 'BRZOZOWSKA', 'ZBIGNIEW', 'haslo_n', 'N', 'przykladowy@mail.xd'),
	('Pl9Db9Rr8', 'WILK', 'BOŻENA', 'haslo_r', 'R', 'przykladowy@mail.xd'),
	('Pr5Rv2Yq4', 'SAWICKI', 'HUBERT', 'haslo', 'U', 'przykladowy@mail.xd'),
	('Ps7Pm2Bt8', 'SAWICKI', 'MARIUSZ', 'haslo_r', 'R', 'przykladowy@mail.xd'),
	('Pv1Qn5Tx1', 'KARPIŃSKI', 'KRZYSZTOF', 'haslo_r', 'R', 'przykladowy@mail.xd'),
	('Px6Um6Cn3', 'STEFAŃSKI', 'ZBIGNIEW', 'haslo', 'U', 'przykladowy@mail.xd'),
	('Py5Sl2Ca8', 'OLSZEWSKA', 'ANETA', 'haslo', 'U', 'przykladowy@mail.xd'),
	('Pz2Zr6In0', 'SOKOŁOWSKA', 'MAREK', 'haslo_r', 'R', 'przykladowy@mail.xd'),
	('Qe1Uz6Ey7', 'SADOWSKI', 'AMELIA', 'haslo_r', 'R', 'przykladowy@mail.xd'),
	('Qf0Pj6Fh0', 'MICHALAK', 'STEFANIA', 'haslo', 'U', 'przykladowy@mail.xd'),
	('Qg0Zq3Zy7', 'ROGOWSKI', 'FRANCISZEK', 'haslo_r', 'R', 'przykladowy@mail.xd'),
	('Qh3Pv2Ng2', 'ŚLIWIŃSKA', 'JAKUB', 'haslo', 'U', 'przykladowy@mail.xd'),
	('Qi2Yt2Ac9', 'ZAKRZEWSKA', 'BRONISŁAWA', 'haslo_r', 'R', 'przykladowy@mail.xd'),
	('Qk4Mr8Wj7', 'URBAN', 'MONIKA', 'haslo', 'U', 'przykladowy@mail.xd'),
	('Qo3Dt9Ru5', 'ŚLIWIŃSKI', 'WANDA', 'haslo_r', 'R', 'przykladowy@mail.xd'),
	('Qq0Nf1Qv9', 'MAJ', 'ALICJA', 'haslo_n', 'N', 'przykladowy@mail.xd'),
	('Qq3Cz7Pf0', 'TOMASZEWSKA', 'LUDWIK', 'haslo', 'U', 'przykladowy@mail.xd'),
	('Ra0Bz5Br4', 'WRONA', 'REGINA', 'haslo_r', 'R', 'przykladowy@mail.xd'),
	('Rd1Nk0Ge2', 'MAZUR', 'STEFAN', 'haslo', 'U', 'przykladowy@mail.xd'),
	('Rd9Hv6Mn0', 'KOWALSKI', 'JACEK', 'haslo_n', 'N', 'przykladowy@mail.xd'),
	('Rg0If8Ns0', 'ADAMSKA', 'FELIKS', 'haslo_r', 'R', 'przykladowy@mail.xd'),
	('Ri4Ew6Js1', 'ADAMCZYK', 'STEFAN', 'haslo_r', 'R', 'przykladowy@mail.xd'),
	('Rj7Gi7Ye3', 'PIOTROWSKA', 'LENA', 'haslo_r', 'R', 'przykladowy@mail.xd'),
	('Rk6Wr8Ly0', 'JAWORSKI', 'PATRYK', 'haslo', 'U', 'przykladowy@mail.xd'),
	('Rl0Vy3Pe6', 'MADEJ', 'MARIAN', 'haslo_r', 'R', 'przykladowy@mail.xd'),
	('Rl2Ar3De1', 'WAWRZYNIAK', 'NIKOLA', 'haslo', 'U', 'przykladowy@mail.xd'),
	('Rl4Ku6Xc3', 'JAKUBOWSKI', 'EDYTA', 'haslo_n', 'N', 'przykladowy@mail.xd'),
	('Rp0Ls2Mt7', 'URBAN', 'BRONISŁAWA', 'haslo_r', 'R', 'przykladowy@mail.xd'),
	('Rq0Lh2Rm7', 'KOZIOŁ', 'MIROSŁAW', 'haslo_r', 'R', 'przykladowy@mail.xd'),
	('Rs8Oo3Ha0', 'SZYMCZAK', 'NIKODEM', 'haslo_n', 'N', 'przykladowy@mail.xd'),
	('Rt2Fa4Iv2', 'WYSOCKI', 'HENRYKA', 'haslo', 'U', 'przykladowy@mail.xd'),
	('Rv1No4Yq6', 'MAJ', 'MICHALINA', 'haslo', 'U', 'przykladowy@mail.xd'),
	('Rx3Tk8Ve4', 'JASIŃSKA', 'EUGENIUSZ', 'haslo_r', 'R', 'przykladowy@mail.xd'),
	('Rx6Ae3Od4', 'SZULC', 'JOLANTA', 'haslo_r', 'R', 'przykladowy@mail.xd'),
	('Sa3Pi7Fh5', 'TOMCZAK', 'NATALIA', 'haslo_r', 'R', 'przykladowy@mail.xd'),
	('Se3Md8Tm1', 'LIS', 'BOGUMIŁA', 'haslo_r', 'R', 'przykladowy@mail.xd'),
	('Sj5Ou6Bx2', 'KARPIŃSKI', 'MARTYNA', 'haslo_r', 'R', 'przykladowy@mail.xd'),
	('Sm3Go4Jm3', 'GŁOWACKA', 'DARIA', 'haslo_r', 'R', 'przykladowy@mail.xd'),
	('Sq5Dp6Ue1', 'WRONA', 'JULIAN', 'haslo_r', 'R', 'przykladowy@mail.xd'),
	('St4Ca8Tb5', 'WILK', 'WIKTOR', 'haslo_r', 'R', 'przykladowy@mail.xd'),
	('Sy3Fg2Zu1', 'STEFAŃSKI', 'BOGUSŁAWA', 'haslo_r', 'R', 'przykladowy@mail.xd'),
	('Sy3Wr6Vm9', 'SADOWSKI', 'LEOKADIA', 'haslo', 'U', 'przykladowy@mail.xd'),
	('Tb9Do4Ph9', 'URBAN', 'RENATA', 'haslo_r', 'R', 'przykladowy@mail.xd'),
	('Tc3Bl0Vg8', 'CIEŚLAK', 'RAFAŁ', 'haslo_r', 'R', 'przykladowy@mail.xd'),
	('Tc5Tq0Lt9', 'KACZMARCZYK', 'STANISŁAW', 'haslo', 'U', 'przykladowy@mail.xd'),
	('Te1Nf0Yf8', 'BOROWSKI', 'KRZYSZTOF', 'haslo_n', 'N', 'przykladowy@mail.xd'),
	('Te2Co8Re6', 'OWCZAREK', 'ZBIGNIEW', 'haslo', 'U', 'przykladowy@mail.xd'),
	('Tg4Zn1Xw0', 'MILEWSKI', 'ZENON', 'haslo', 'U', 'przykladowy@mail.xd'),
	('Ti8Ha6Rs5', 'WIERZBICKI', 'CEZARY', 'haslo', 'U', 'przykladowy@mail.xd'),
	('Ti8Zr0Fv6', 'MAZUREK', 'WIKTOR', 'haslo_r', 'R', 'przykladowy@mail.xd'),
	('Tp5Ie3Bz7', 'WITKOWSKA', 'ADRIAN', 'haslo_r', 'R', 'przykladowy@mail.xd'),
	('Tr1Dc9Ji0', 'LIS', 'JULIA', 'haslo', 'U', 'przykladowy@mail.xd'),
	('Tr3Fy5Xr7', 'PIĄTEK', 'MARCEL', 'haslo_r', 'R', 'przykladowy@mail.xd'),
	('Tv1Bi2Sz6', 'WIERZBICKI', 'ZYGMUNT', 'haslo_r', 'R', 'przykladowy@mail.xd'),
	('Tv1Wz1Yv8', 'KALINOWSKI', 'KAROLINA', 'haslo_n', 'N', 'przykladowy@mail.xd'),
	('Tx1Xd4Vd0', 'ZAKRZEWSKA', 'MARCEL', 'haslo', 'U', 'przykladowy@mail.xd'),
	('Ty6Tj2Vl2', 'URBAŃSKA', 'LENA', 'haslo', 'U', 'przykladowy@mail.xd'),
	('Ua6Km5Kf4', 'WRONA', 'ANNA', 'haslo_r', 'R', 'przykladowy@mail.xd'),
	('Ub7Sb4Oo4', 'TOMASZEWSKA', 'JULIAN', 'haslo_r', 'R', 'przykladowy@mail.xd'),
	('Uc0Zz5Th3', 'WIECZOREK', 'KAZIMIERZ', 'haslo_n', 'N', 'przykladowy@mail.xd'),
	('Ud4Bi7Wc1', 'KOWALIK', 'IGNACY', 'haslo', 'U', 'przykladowy@mail.xd'),
	('Uf8Ng6Bh5', 'URBAŃSKA', 'MARZENA', 'haslo_r', 'R', 'przykladowy@mail.xd'),
	('Ug8Ld0Qd6', 'MARKOWSKA', 'KRZYSZTOF', 'haslo_n', 'N', 'przykladowy@mail.xd'),
	('Uh7Rv8Ps6', 'LIS', 'WIESŁAWA', 'haslo_r', 'R', 'przykladowy@mail.xd'),
	('Uj4Pt5Pa0', 'MUCHA', 'CZESŁAWA', 'haslo', 'U', 'przykladowy@mail.xd'),
	('Uk1Eg3Vi2', 'JASIŃSKA', 'OSKAR', 'haslo', 'U', 'przykladowy@mail.xd'),
	('Ul8Jd7Zw7', 'SZEWCZYK', 'ARTUR', 'haslo_n', 'N', 'przykladowy@mail.xd'),
	('Um1Cc6El5', 'URBAŃSKI', 'MACIEJ', 'haslo_r', 'R', 'przykladowy@mail.xd'),
	('Um8Rx2Hk6', 'WŁODARCZYK', 'ELŻBIETA', 'haslo', 'U', 'przykladowy@mail.xd'),
	('Ut4Wu8Iz2', 'SIKORA', 'WŁADYSŁAWA', 'haslo', 'U', 'przykladowy@mail.xd'),
	('Uu4Eq1Sh9', 'SADOWSKI', 'KAZIMIERZ', 'haslo_r', 'R', 'przykladowy@mail.xd'),
	('Uy4Sm7Ct0', 'PAWŁOWSKI', 'ZYGMUNT', 'haslo', 'U', 'przykladowy@mail.xd'),
	('Uy6Qa1An8', 'KRUPA', 'ALAN', 'haslo_r', 'R', 'przykladowy@mail.xd'),
	('Va7Gs3Eu9', 'OWCZAREK', 'KAMILA', 'haslo_r', 'R', 'przykladowy@mail.xd'),
	('Vg4Ek7Nj2', 'LIS', 'MAREK', 'haslo_r', 'R', 'przykladowy@mail.xd'),
	('Vh1Pu3Mh6', 'KUCHARSKI', 'NIKODEM', 'haslo_r', 'R', 'przykladowy@mail.xd'),
	('Vl3Zb3My8', 'JANICKI', 'ŁUKASZ', 'haslo_r', 'R', 'przykladowy@mail.xd'),
	('Vo1Nf1Uv6', 'JAROSZ', 'MAGDALENA', 'haslo_n', 'N', 'przykladowy@mail.xd'),
	('Vo1Rw9Rv8', 'STANKIEWICZ', 'WIKTOR', 'haslo', 'U', 'przykladowy@mail.xd'),
	('Vp1Bb3Fq6', 'STEFAŃSKI', 'HENRYK', 'haslo_r', 'R', 'przykladowy@mail.xd'),
	('Vq3Oc0Ew0', 'SZULC', 'WIKTORIA', 'haslo', 'U', 'przykladowy@mail.xd'),
	('Vr2Oa7Kf5', 'MARKIEWICZ', 'NIKODEM', 'haslo_r', 'R', 'przykladowy@mail.xd'),
	('Vv5Qx0Nz0', 'WRONA', 'JÓZEF', 'haslo_r', 'R', 'przykladowy@mail.xd'),
	('Vy1Tb6Yq6', 'ZIELIŃSKI', 'ALEKSANDER', 'haslo_r', 'R', 'przykladowy@mail.xd'),
	('Vz4Ts8In6', 'DUDEK', 'LEON', 'haslo_n', 'N', 'przykladowy@mail.xd'),
	('Wa0Gt2Mo6', 'SOWA', 'LUCYNA', 'haslo', 'U', 'przykladowy@mail.xd'),
	('Wb0Bv6Ti9', 'KOZIOŁ', 'BRONISŁAWA', 'haslo_r', 'R', 'przykladowy@mail.xd'),
	('Wb4Tr5Hb3', 'LEŚNIAK', 'BARBARA', 'haslo', 'U', 'przykladowy@mail.xd'),
	('Wc0Kp2Nz5', 'DOMAGAŁA', 'LECH', 'haslo_r', 'R', 'przykladowy@mail.xd'),
	('Wd5Re1Ya8', 'ADAMSKI', 'STEFAN', 'haslo', 'U', 'przykladowy@mail.xd'),
	('We2Qm2Pb1', 'ZAKRZEWSKA', 'SYLWESTER', 'haslo_r', 'R', 'przykladowy@mail.xd'),
	('We5Mt4Lj5', 'CHOJNACKA', 'KAROLINA', 'haslo', 'U', 'przykladowy@mail.xd'),
	('Wk1Na6Hl2', 'MARKIEWICZ', 'GENOWEFA', 'haslo_r', 'R', 'przykladowy@mail.xd'),
	('Wk6Ef1Uu7', 'BARAN', 'DAWID', 'haslo_r', 'R', 'przykladowy@mail.xd'),
	('Wm0Sk0Om6', 'CHOJNACKA', 'BARTŁOMIEJ', 'haslo_r', 'R', 'przykladowy@mail.xd'),
	('Wn2Zv7Av0', 'KOWAL', 'ROBERT', 'haslo', 'U', 'przykladowy@mail.xd'),
	('Wp6Mq9Vh8', 'KASPRZAK', 'LECH', 'haslo', 'U', 'przykladowy@mail.xd'),
	('Wr4Wg7Qc0', 'MACIEJEWSKI', 'MIROSŁAWA', 'haslo_r', 'R', 'przykladowy@mail.xd'),
	('Ws3Mn8Zd6', 'CZERWIŃSKA', 'SŁAWOMIR', 'haslo_n', 'N', 'przykladowy@mail.xd'),
	('Ws9Yk4Sh9', 'WALCZAK', 'EWELINA', 'haslo_n', 'N', 'przykladowy@mail.xd'),
	('Wt2By8Ao1', 'PIĄTEK', 'MARTYNA', 'haslo_r', 'R', 'przykladowy@mail.xd'),
	('Wt7Gc2Ku6', 'ZIELIŃSKI', 'JOANNA', 'haslo_r', 'R', 'przykladowy@mail.xd'),
	('Wt8At3Pz9', 'OLSZEWSKA', 'KAZIMIERA', 'haslo_r', 'R', 'przykladowy@mail.xd'),
	('Ww9Qm6Ih3', 'MACIEJEWSKI', 'MIECZYSŁAW', 'haslo_r', 'R', 'przykladowy@mail.xd'),
	('Wx3Nl0Oi9', 'ADAMSKA', 'ANTONINA', 'haslo', 'U', 'przykladowy@mail.xd'),
	('Wy3Kk4Co9', 'CIESIELSKA', 'JÓZEF', 'haslo_r', 'R', 'przykladowy@mail.xd'),
	('Xa4Eb9Nw4', 'CIEŚLAK', 'ZUZANNA', 'haslo_r', 'R', 'przykladowy@mail.xd'),
	('Xc3Bg6Ag8', 'KUREK', 'GRAŻYNA', 'haslo_r', 'R', 'przykladowy@mail.xd'),
	('Xe7Nr9Cu6', 'MATUSZEWSKI', 'EMILIA', 'haslo_r', 'R', 'przykladowy@mail.xd'),
	('Xg2Ut3Td9', 'OLEJNIK', 'EDMUND', 'haslo_n', 'N', 'przykladowy@mail.xd'),
	('Xh1Qg4Tt4', 'BARAŃSKA', 'MATEUSZ', 'haslo_n', 'N', 'przykladowy@mail.xd'),
	('Xh5Ky3Vc9', 'WAWRZYNIAK', 'EUGENIUSZ', 'haslo_r', 'R', 'przykladowy@mail.xd'),
	('Xi6Eu3Jz4', 'JANICKI', 'WITOLD', 'haslo', 'U', 'przykladowy@mail.xd'),
	('Xi8Hh8Mb9', 'BOROWSKI', 'BEATA', 'haslo_r', 'R', 'przykladowy@mail.xd'),
	('Xm1Tb1Jz5', 'MICHALAK', 'BOGUSŁAWA', 'haslo_n', 'N', 'przykladowy@mail.xd'),
	('Xm7Tn9Mk8', 'BARANOWSKI', 'MARIUSZ', 'haslo', 'U', 'przykladowy@mail.xd'),
	('Xn2Kr4Qd3', 'BEDNAREK', 'ŁUCJA', 'haslo_r', 'R', 'przykladowy@mail.xd'),
	('Xs4Ys7Wc3', 'ADAMSKI', 'BOGDAN', 'haslo_r', 'R', 'przykladowy@mail.xd'),
	('Xs6Jn1Im4', 'PAJĄK', 'EDMUND', 'haslo_r', 'R', 'przykladowy@mail.xd'),
	('Xu3Kh8Ox7', 'KRUPA', 'JÓZEFA', 'haslo', 'U', 'przykladowy@mail.xd'),
	('Xu7Nu4Qe0', 'SOKOŁOWSKA', 'IWONA', 'haslo_r', 'R', 'przykladowy@mail.xd'),
	('Xv9Zp8Cj9', 'WITKOWSKA', 'PAWEŁ', 'haslo', 'U', 'przykladowy@mail.xd'),
	('Ya2Np0Yj9', 'WAWRZYNIAK', 'DOROTA', 'haslo_r', 'R', 'przykladowy@mail.xd'),
	('Yb7Qr9Nt2', 'BARAN', 'PATRYCJA', 'haslo_r', 'R', 'przykladowy@mail.xd'),
	('Ye2Jq3Zt5', 'GRABOWSKA', 'WACŁAW', 'haslo_r', 'R', 'przykladowy@mail.xd'),
	('Yh2Ln9Wf0', 'NOWICKI', 'AMELIA', 'haslo_n', 'N', 'przykladowy@mail.xd'),
	('Yj6Mu1Fj0', 'ŚLIWIŃSKA', 'KAMIL', 'haslo_r', 'R', 'przykladowy@mail.xd'),
	('Yj9Fa1Hs1', 'SOCHA', 'HANNA', 'haslo_n', 'N', 'przykladowy@mail.xd'),
	('Yl8Hl5Ox7', 'MICHALAK', 'GRZEGORZ', 'haslo', 'U', 'przykladowy@mail.xd'),
	('Yo8Yr2Vd0', 'LIS', 'WŁADYSŁAW', 'haslo_r', 'R', 'przykladowy@mail.xd'),
	('Yp1Av8Iq5', 'KOZAK', 'KAMIL', 'haslo_r', 'R', 'przykladowy@mail.xd'),
	('Yv4Py8Zr5', 'NOWICKA', 'ANTONINA', 'haslo_n', 'N', 'przykladowy@mail.xd'),
	('Yv7Db8Ju9', 'WILK', 'WOJCIECH', 'haslo', 'U', 'przykladowy@mail.xd'),
	('Yy0Ll5Hq8', 'WRONA', 'ALINA', 'haslo', 'U', 'przykladowy@mail.xd'),
	('Za4Zb3Qt7', 'BARAN', 'BOGUMIŁA', 'haslo', 'U', 'przykladowy@mail.xd'),
	('Zb1Yv2Mm9', 'ZALEWSKA', 'NORBERT', 'haslo', 'U', 'przykladowy@mail.xd'),
	('Zb4Rn8Bc5', 'MICHALAK', 'DOMINIKA', 'haslo_r', 'R', 'przykladowy@mail.xd'),
	('Zb6Ma6Er9', 'MATUSIAK', 'JAROSŁAW', 'haslo_r', 'R', 'przykladowy@mail.xd'),
	('Zc9Kv9Hk6', 'TOMASZEWSKA', 'MARIOLA', 'haslo_r', 'R', 'przykladowy@mail.xd'),
	('Zn0Fo4Ng3', 'GRABOWSKA', 'HENRYKA', 'haslo', 'U', 'przykladowy@mail.xd'),
	('Zn4Hu0Gg5', 'ZIELIŃSKI', 'LECH', 'haslo', 'U', 'przykladowy@mail.xd'),
	('Zq0Zn6Wq9', 'KANIA', 'LENA', 'haslo_r', 'R', 'przykladowy@mail.xd'),
	('Zq3Qn6By7', 'MUCHA', 'KRYSTYNA', 'haslo_r', 'R', 'przykladowy@mail.xd'),
	('Zs2Kb5Cc9', 'PAWŁOWSKI', 'DAWID', 'haslo_r', 'R', 'przykladowy@mail.xd'),
	('Zs8Xd6Yy1', 'WŁODARCZYK', 'EDWARD', 'haslo_r', 'R', 'przykladowy@mail.xd'),
	('Zu6Ln1Dj8', 'PIĄTEK', 'WITOLD', 'haslo', 'U', 'przykladowy@mail.xd'),
	('Zx5Yz7Ni2', 'ADAMSKA', 'WIESŁAWA', 'haslo_r', 'R', 'przykladowy@mail.xd');
/*!40000 ALTER TABLE `uzytkownik` ENABLE KEYS */;

-- Zrzut struktury tabela id13767441_dziennik.wersja
CREATE TABLE IF NOT EXISTS `wersja` (
  `id` int(10) unsigned NOT NULL AUTO_INCREMENT,
  `major` int(10) unsigned DEFAULT 0,
  `minor` int(10) unsigned DEFAULT 0,
  `data` datetime DEFAULT current_timestamp(),
  PRIMARY KEY (`id`)
) ENGINE=InnoDB AUTO_INCREMENT=6 DEFAULT CHARSET=utf8 COLLATE=utf8_polish_ci;

-- Zrzucanie danych dla tabeli id13767441_dziennik.wersja: ~5 rows (około)
/*!40000 ALTER TABLE `wersja` DISABLE KEYS */;
REPLACE INTO `wersja` (`id`, `major`, `minor`, `data`) VALUES
	(1, 1, 0, '2020-05-13 17:31:38'),
	(2, 1, 1, '2020-05-21 13:25:43'),
	(3, 1, 2, '2020-05-21 18:35:21'),
	(4, 1, 3, '2020-05-27 10:07:30'),
	(5, 1, 4, '2020-05-29 13:48:17');
/*!40000 ALTER TABLE `wersja` ENABLE KEYS */;

-- Zrzut struktury procedura id13767441_dziennik.zmiana_hasla_admin
DELIMITER //
CREATE PROCEDURE `zmiana_hasla_admin`(
	IN `new_haslo` CHAR(32),
	IN `uzytkownik_login` VARCHAR(16)

)
update uzytkownik 
set uzytkownik.haslo = new_haslo 
where uzytkownik.uzytkownik_login = uzytkownik_login//
DELIMITER ;

-- Zrzut struktury procedura id13767441_dziennik.zmiana_obecnosci_ucznia
DELIMITER //
CREATE PROCEDURE `zmiana_obecnosci_ucznia`(
	IN `uczen_id` INT,
	IN `lekcja_id` INT,
	IN `new_status` ENUM('obecny','nieobecny','spóźniony')


)
update obecnosc set obecnosc.`status` = new_status where obecnosc.uczen = uczen_id and obecnosc.lekcja = lekcja_id//
DELIMITER ;

-- Zrzut struktury procedura id13767441_dziennik.zmiana_tematu_lekcji
DELIMITER //
CREATE PROCEDURE `zmiana_tematu_lekcji`(
	IN `lekcja_id` INT,
	IN `new_temat` VARCHAR(250)

)
update lekcja set lekcja.temat = new_temat where lekcja.ID = lekcja_id//
DELIMITER ;

-- Zrzut struktury funkcja id13767441_dziennik.zmien_haslo
DELIMITER //
CREATE FUNCTION `zmien_haslo`(`uzytkownik_login` VARCHAR(16),
	`old_haslo` CHAR(32),
	`new_haslo` CHAR(32)



) RETURNS bit(1)
BEGIN
    DECLARE s BIT;

    IF exists 
	 (
		 select *
		 from uzytkownik as u
		 where u.uzytkownik_login = uzytkownik_login and u.haslo = old_haslo
	 )
	 THEN 
		 update uzytkownik
			set u.haslo = new_haslo
		  	where u.uzytkownik_login = uzytkownik_login;
		 SET s = 1;
	  
    ELSE SET s = 0;
    END IF;

    

    RETURN s;
END//
DELIMITER ;

-- Zrzut struktury widok id13767441_dziennik.adres_full_info
-- Usuwanie tabeli tymczasowej i tworzenie ostatecznej struktury WIDOKU
DROP TABLE IF EXISTS `adres_full_info`;
CREATE ALGORITHM=UNDEFINED SQL SECURITY DEFINER VIEW `adres_full_info` AS SELECT `a`.`adres_ID` AS `adres_ID`,`m`.`nazwa` AS `miejscowosc`,`um`.`kod` AS `kod`,`u`.`nazwa` AS `ulica`,`a`.`nr_domu` AS `nr_domu`,`a`.`nr_mieszkania` AS `nr_mieszkania`
FROM (((`ulice_miejscowosci` `um`
JOIN `ulica` AS u ON(`um`.`ulica_id` = `u`.`ulica_ID`))
JOIN `miejscowosc` AS m ON(`um`.`miejscowosc_id` = `m`.`miejscowosc_ID`))
JOIN `adres` AS a ON(`a`.`ulice_miejscowosci_id` = `um`.`ulice_miejscowosci_ID`)) ;

-- Zrzut struktury widok id13767441_dziennik.lekcja_full_info
-- Usuwanie tabeli tymczasowej i tworzenie ostatecznej struktury WIDOKU
DROP TABLE IF EXISTS `lekcja_full_info`;
CREATE ALGORITHM=UNDEFINED SQL SECURITY DEFINER VIEW `lekcja_full_info` AS SELECT `l`.`lekcja_ID` AS `lekcja_ID`,`c`.`data` AS `data`,`c`.`godz_start` AS `godz_start`,`c`.`godz_koniec` AS `godz_koniec`,o.klasa_id AS 'klasa_id',`o`.`oddzial` AS `oddzial`,`l`.`sala` AS `sala`,`o`.`przedmiot` AS `przedmiot`,`o`.`imie` AS `imie`,`o`.`nazwisko` AS `nazwisko`,`l`.`temat` AS `temat`,`o`.`ID` AS `nauczyciel_id`
FROM ((`lekcja` `l`
JOIN `czas_lekcji` `c` ON(`l`.`czas_lekcji_id` = `c`.`czas_lekcji_ID`))
JOIN (
SELECT `gr`.`grupa_lekcji_ID` AS `grupa_lekcji_ID`,k.klasa_ID AS 'klasa_id',`k`.`oddzial` AS `oddzial`,`n`.`imie` AS `imie`,`n`.`nazwisko` AS `nazwisko`,`n`.`przedmiot` AS `przedmiot`,`n`.`ID` AS `ID`
FROM ((`grupa_lekcji` `gr`
JOIN `nauczyciel_full_info` `n` ON(`gr`.`nauczyciel_przedmiot_id` = `n`.`nauczyciel_przedmiotu_ID`))
JOIN `klasa` `k` ON(`gr`.`klasa_id` = `k`.`klasa_ID`))) `o` ON(`l`.`grupa_lekcji_id` = `o`.`grupa_lekcji_ID`)) ;

-- Zrzut struktury widok id13767441_dziennik.nauczyciel_full_info
-- Usuwanie tabeli tymczasowej i tworzenie ostatecznej struktury WIDOKU
DROP TABLE IF EXISTS `nauczyciel_full_info`;
CREATE ALGORITHM=UNDEFINED SQL SECURITY DEFINER VIEW `nauczyciel_full_info` AS SELECT n.`nauczyciel_ID` AS `ID`,u.`nazwisko` AS `nazwisko`,u.`imie` AS `imie`,n.`nr_tel` AS `nr_tel`,u.`email` AS `email`,np.`przedmiot_nazwa` AS `przedmiot`,np.`nauczyciel_przedmiotu_ID` AS `nauczyciel_przedmiotu_ID`
FROM ((`nauczyciel` AS n
JOIN `uzytkownik` AS u ON(n.`uzytkownik_login` = u.`uzytkownik_login`))
JOIN `nauczyciel_przedmiotu` AS np ON(n.`nauczyciel_ID` = np.`nauczyciel_id`)) ;

-- Zrzut struktury widok id13767441_dziennik.ocena_full_info
-- Usuwanie tabeli tymczasowej i tworzenie ostatecznej struktury WIDOKU
DROP TABLE IF EXISTS `ocena_full_info`;
CREATE ALGORITHM=UNDEFINED SQL SECURITY DEFINER VIEW `ocena_full_info` AS SELECT `o`.`ocena_ID` AS `ocena_ID`,`o`.`stopien` AS `stopien`,`o`.`waga` AS `waga`,`o`.`opis` AS `opis`,`o`.`data` AS `data`,`o`.`uczen_id` AS `uczen_id`,`n`.`imie` AS `imie`,`n`.`nazwisko` AS `nazwisko`,`n`.`przedmiot` AS `przedmiot`
FROM (`ocena` as o
JOIN `nauczyciel_full_info` `n` ON(`o`.`nauczyciel_przedmiotu_id` = `n`.`nauczyciel_przedmiotu_ID`)) ;

-- Zrzut struktury widok id13767441_dziennik.rodzic_full_info
-- Usuwanie tabeli tymczasowej i tworzenie ostatecznej struktury WIDOKU
DROP TABLE IF EXISTS `rodzic_full_info`;
CREATE ALGORITHM=UNDEFINED SQL SECURITY DEFINER VIEW `rodzic_full_info` AS SELECT `r`.`rodzic_ID` AS `rodzic_ID`,`r`.`nr_telefonu` AS `nr_telefonu`,`u`.`imie` AS `imie`,`u`.`nazwisko` AS `nazwisko`,`u`.`email` AS `email`,`r`.`opiekunowie_id` AS `opiekunowie_id`
FROM (`rodzic` `r`
LEFT JOIN `uzytkownik` `u` ON(`r`.`uzytkownik_login` = `u`.`uzytkownik_login`)) ;

-- Zrzut struktury widok id13767441_dziennik.terminarz_full_info
-- Usuwanie tabeli tymczasowej i tworzenie ostatecznej struktury WIDOKU
DROP TABLE IF EXISTS `terminarz_full_info`;
CREATE ALGORITHM=UNDEFINED SQL SECURITY DEFINER VIEW `terminarz_full_info` AS SELECT t.terminarz_ID, t.typ, t.`data`,t.godz,  t.opis, n.imie, n.nazwisko, n.przedmiot, g.klasa_id
from grupa_lekcji as g
join terminarz as t on t.grupa_lekcji_id = g.grupa_lekcji_ID
join nauczyciel_full_info as n on g.nauczyciel_przedmiot_id = n.nauczyciel_przedmiotu_ID ;

-- Zrzut struktury widok id13767441_dziennik.uczen_full_info
-- Usuwanie tabeli tymczasowej i tworzenie ostatecznej struktury WIDOKU
DROP TABLE IF EXISTS `uczen_full_info`;
CREATE ALGORITHM=UNDEFINED SQL SECURITY DEFINER VIEW `uczen_full_info` AS SELECT `ucz`.`uczen_ID` AS `uczen_ID`,k.klasa_ID,`k`.`oddzial` AS `oddzial`,`u`.`imie` AS `imie`,`u`.`nazwisko` AS `nazwisko`,`ucz`.`pesel` AS `pesel`,`u`.`email` AS `email`,`a`.`miejscowosc` AS `miejscowosc`,`a`.`kod` AS `kod`,`a`.`ulica` AS `ulica`,`a`.`nr_domu` AS `nr_domu`,`a`.`nr_mieszkania` AS `nr_mieszkania`, ucz.opiekunowie_id
FROM (((`uczen` `ucz`
JOIN `uzytkownik` `u` ON(`ucz`.`uzytkownik_login` = `u`.`uzytkownik_login`))
JOIN `adres_full_info` `a` ON(`ucz`.`adres_id` = `a`.`adres_ID`))
JOIN `klasa` `k` ON(`ucz`.`klasa_id` = `k`.`klasa_ID`)) ;

/*!40101 SET SQL_MODE=IFNULL(@OLD_SQL_MODE, '') */;
/*!40014 SET FOREIGN_KEY_CHECKS=IF(@OLD_FOREIGN_KEY_CHECKS IS NULL, 1, @OLD_FOREIGN_KEY_CHECKS) */;
/*!40101 SET CHARACTER_SET_CLIENT=@OLD_CHARACTER_SET_CLIENT */;
