lekcja_ID;temat;sala;grupa_lekcji_id;czas_lekcji_id
1;\0;50;1;124
2;\0;10;1;42
3;\0;34;1;13
4;\0;49;1;158
5;\0;34;1;49
6;\0;22;1;21
7;\0;11;1;148
8;\0;38;1;131
9;\0;4;1;90
10;\0;7;1;89
11;\0;47;1;37
12;\0;14;1;82
13;\0;26;1;28
14;\0;25;1;80
15;\0;7;1;121
16;\0;38;1;136
17;\0;30;1;57
18;\0;38;1;33
19;\0;20;2;47
20;\0;48;2;115
21;\0;3;2;52
22;\0;48;2;93
23;\0;23;2;169
24;\0;3;2;90
25;\0;9;2;156
26;\0;43;2;109
27;\0;39;2;122
28;\0;13;2;17
29;\0;4;2;133
30;\0;29;2;68
31;\0;32;2;142
32;\0;15;2;37
33;\0;18;2;32
34;\0;14;2;106
35;\0;38;2;20
36;\0;27;2;80
37;\0;32;3;159
38;\0;30;3;18
39;\0;40;3;153
40;\0;39;3;34
41;\0;10;3;58
42;\0;45;3;154
43;\0;49;3;50
44;\0;45;3;166
45;\0;10;3;104
46;\0;14;3;13
47;\0;26;3;126
48;\0;40;3;49
49;\0;39;3;7
50;\0;34;3;7
51;\0;12;3;59
52;\0;15;3;58
53;\0;50;3;167
54;\0;5;3;66
55;\0;3;4;30
56;\0;2;4;105
57;\0;34;4;151
58;\0;46;4;169
59;\0;19;4;134
60;\0;18;4;33
61;\0;27;4;62
62;\0;32;4;52
63;\0;9;4;73
64;\0;23;4;165
65;\0;17;4;30
66;\0;45;4;62
67;\0;33;4;157
68;\0;33;4;19
69;\0;47;4;62
70;\0;30;4;114
71;\0;23;4;42
72;\0;27;4;81
73;\0;44;5;153
74;\0;40;5;26
75;\0;43;5;61
76;\0;15;5;162
77;\0;19;5;38
78;\0;1;5;6
79;\0;16;5;80
80;\0;20;5;85
81;\0;25;5;44
82;\0;19;5;119
83;\0;31;5;124
84;\0;35;5;137
85;\0;11;5;164
86;\0;46;5;121
87;\0;48;5;87
88;\0;27;5;66
89;\0;17;5;127
90;\0;10;5;89
91;\0;26;6;140
92;\0;47;6;93
93;\0;7;6;23
94;\0;40;6;95
95;\0;30;6;114
96;\0;9;6;102
97;\0;50;6;135
98;\0;32;6;143
99;\0;10;6;87
100;\0;32;6;91
101;\0;30;6;167
102;\0;31;6;131
103;\0;45;6;122
104;\0;29;6;14
105;\0;40;6;146
106;\0;50;6;142
107;\0;7;6;37
108;\0;15;6;103
109;\0;1;7;142
110;\0;11;7;41
111;\0;24;7;100
112;\0;49;7;150
113;\0;8;7;30
114;\0;40;7;31
115;\0;30;7;34
116;\0;44;7;113
117;\0;25;7;85
118;\0;29;7;38
119;\0;28;7;73
120;\0;39;7;96
121;\0;42;7;108
122;\0;33;7;32
123;\0;29;7;53
124;\0;16;7;2
125;\0;29;7;125
126;\0;29;7;84
127;\0;31;8;87
128;\0;50;8;67
129;\0;12;8;72
130;\0;49;8;115
131;\0;21;8;29
132;\0;15;8;159
133;\0;26;8;159
134;\0;5;8;53
135;\0;44;8;123
136;\0;30;8;155
137;\0;9;8;101
138;\0;46;8;14
139;\0;48;8;94
140;\0;43;8;131
141;\0;34;8;86
142;\0;24;8;142
143;\0;10;8;91
144;\0;2;8;82
145;\0;49;9;87
146;\0;47;9;44
147;\0;42;9;113
148;\0;40;9;67
149;\0;23;9;111
150;\0;3;9;6
151;\0;27;9;102
152;\0;35;9;10
153;\0;9;9;19
154;\0;10;9;77
155;\0;11;9;9
156;\0;7;9;99
157;\0;17;9;156
158;\0;4;9;5
159;\0;29;9;93
160;\0;43;9;99
161;\0;8;9;87
162;\0;11;9;104
163;\0;41;10;60
164;\0;9;10;13
165;\0;7;10;94
166;\0;29;10;135
167;\0;7;10;139
168;\0;19;10;74
169;\0;35;10;14
170;\0;37;10;77
171;\0;41;10;110
172;\0;21;10;23
173;\0;35;10;1
174;\0;13;10;74
175;\0;26;10;130
176;\0;25;10;6
177;\0;28;10;57
178;\0;45;10;79
179;\0;9;10;127
180;\0;41;10;118
181;\0;46;11;72
182;\0;7;11;3
183;\0;1;11;24
184;\0;10;11;83
185;\0;41;11;81
186;\0;1;11;129
187;\0;23;11;171
188;\0;14;11;16
189;\0;18;11;165
190;\0;25;11;82
191;\0;8;11;44
192;\0;50;11;106
193;\0;35;11;60
194;\0;40;11;150
195;\0;29;11;46
196;\0;15;11;111
197;\0;46;11;152
198;\0;17;11;97
199;\0;21;12;96
200;\0;27;12;111
201;\0;42;12;116
202;\0;3;12;130
203;\0;32;12;119
204;\0;39;12;59
205;\0;21;12;26
206;\0;31;12;111
207;\0;12;12;86
208;\0;46;12;162
209;\0;21;12;54
210;\0;44;12;99
211;\0;12;12;52
212;\0;13;12;36
213;\0;45;12;53
214;\0;27;12;110
215;\0;2;12;115
216;\0;47;12;20
217;\0;43;13;153
218;\0;4;13;74
219;\0;22;13;17
220;\0;36;13;151
221;\0;19;13;104
222;\0;19;13;121
223;\0;30;13;52
224;\0;23;13;78
225;\0;37;13;42
226;\0;29;13;155
227;\0;41;13;84
228;\0;32;13;102
229;\0;15;13;72
230;\0;2;13;55
231;\0;30;13;24
232;\0;1;13;43
233;\0;18;13;63
234;\0;36;13;103
235;\0;27;14;140
236;\0;17;14;158
237;\0;49;14;123
238;\0;21;14;31
239;\0;22;14;27
240;\0;12;14;100
241;\0;40;14;96
242;\0;47;14;94
243;\0;48;14;102
244;\0;46;14;55
245;\0;36;14;133
246;\0;11;14;34
247;\0;22;14;69
248;\0;16;14;110
249;\0;45;14;106
250;\0;26;14;19
251;\0;19;14;16
252;\0;23;14;106
253;\0;15;15;7
254;\0;23;15;16
255;\0;40;15;158
256;\0;38;15;115
257;\0;37;15;130
258;\0;14;15;111
259;\0;7;15;29
260;\0;27;15;3
261;\0;16;15;115
262;\0;13;15;110
263;\0;28;15;14
264;\0;45;15;124
265;\0;44;15;149
266;\0;17;15;143
267;\0;5;15;4
268;\0;6;15;113
269;\0;5;15;40
270;\0;45;15;107
271;\0;9;16;144
272;\0;30;16;25
273;\0;38;16;143
274;\0;40;16;100
275;\0;18;16;84
276;\0;1;16;44
277;\0;46;16;41
278;\0;4;16;123
279;\0;33;16;15
280;\0;24;16;119
281;\0;12;16;76
282;\0;30;16;17
283;\0;20;16;105
284;\0;27;16;62
285;\0;46;16;54
286;\0;21;16;152
287;\0;42;16;157
288;\0;36;16;121
289;\0;45;17;29
290;\0;24;17;123
291;\0;47;17;133
292;\0;46;17;92
293;\0;42;17;81
294;\0;30;17;156
295;\0;7;17;65
296;\0;32;17;26
297;\0;11;17;79
298;\0;48;17;125
299;\0;27;17;168
300;\0;12;17;112
301;\0;44;17;105
302;\0;10;17;142
303;\0;21;17;147
304;\0;21;17;143
305;\0;20;17;50
306;\0;8;17;56
307;\0;5;18;25
308;\0;6;18;113
309;\0;48;18;19
310;\0;36;18;48
311;\0;1;18;164
312;\0;43;18;6
313;\0;9;18;127
314;\0;7;18;50
315;\0;46;18;85
316;\0;40;18;116
317;\0;30;18;37
318;\0;46;18;53
319;\0;41;18;93
320;\0;44;18;12
321;\0;48;18;90
322;\0;43;18;48
323;\0;11;18;124
324;\0;25;18;68
325;\0;19;19;166
326;\0;38;19;27
327;\0;32;19;56
328;\0;22;19;70
329;\0;3;19;13
330;\0;27;19;9
331;\0;8;19;80
332;\0;10;19;139
333;\0;1;19;160
334;\0;50;19;102
335;\0;19;19;56
336;\0;11;19;134
337;\0;16;19;162
338;\0;28;19;119
339;\0;6;19;91
340;\0;30;19;171
341;\0;4;19;123
342;\0;25;19;116
343;\0;40;20;169
344;\0;48;20;112
345;\0;2;20;44
346;\0;8;20;156
347;\0;41;20;148
348;\0;26;20;31
349;\0;16;20;94
350;\0;36;20;17
351;\0;1;20;59
352;\0;19;20;110
353;\0;13;20;151
354;\0;14;20;45
355;\0;22;20;115
356;\0;50;20;62
357;\0;47;20;166
358;\0;39;20;96
359;\0;1;20;153
360;\0;13;20;145
361;\0;41;21;10
362;\0;19;21;66
363;\0;42;21;155
364;\0;10;21;118
365;\0;4;21;109
366;\0;10;21;133
367;\0;44;21;75
368;\0;20;21;56
369;\0;6;21;132
370;\0;35;21;145
371;\0;33;21;26
372;\0;12;21;6
373;\0;40;21;53
374;\0;36;21;75
375;\0;28;21;94
376;\0;25;21;88
377;\0;6;21;158
378;\0;32;21;41
379;\0;28;22;79
380;\0;32;22;89
381;\0;29;22;122
382;\0;45;22;78
383;\0;39;22;106
384;\0;9;22;92
385;\0;48;22;131
386;\0;12;22;166
387;\0;40;22;9
388;\0;24;22;63
389;\0;24;22;10
390;\0;40;22;85
391;\0;48;22;159
392;\0;2;22;2
393;\0;15;22;122
394;\0;9;22;34
395;\0;34;22;156
396;\0;1;22;70
397;\0;42;23;90
398;\0;10;23;5
399;\0;2;23;74
400;\0;33;23;81
401;\0;14;23;38
402;\0;28;23;150
403;\0;40;23;77
404;\0;49;23;121
405;\0;50;23;2
406;\0;14;23;14
407;\0;43;23;89
408;\0;11;23;56
409;\0;5;23;35
410;\0;37;23;114
411;\0;23;23;31
412;\0;39;23;82
413;\0;10;23;165
414;\0;18;23;113
415;\0;3;24;39
416;\0;34;24;97
417;\0;39;24;56
418;\0;2;24;86
419;\0;40;24;65
420;\0;12;24;46
421;\0;8;24;28
422;\0;13;24;109
423;\0;33;24;102
424;\0;49;24;72
425;\0;4;24;65
426;\0;10;24;166
427;\0;44;24;36
428;\0;1;24;150
429;\0;40;24;58
430;\0;19;24;62
431;\0;49;24;10
432;\0;7;24;105
433;\0;16;25;82
434;\0;36;25;69
435;\0;17;25;44
436;\0;42;25;60
437;\0;30;25;159
438;\0;50;25;13
439;\0;39;25;141
440;\0;48;25;100
441;\0;16;25;134
442;\0;10;25;23
443;\0;28;25;150
444;\0;10;25;20
445;\0;17;25;84
446;\0;30;25;155
447;\0;9;25;119
448;\0;16;25;11
449;\0;15;25;4
450;\0;30;25;41
451;\0;29;26;68
452;\0;34;26;158
453;\0;23;26;20
454;\0;38;26;87
455;\0;24;26;140
456;\0;17;26;52
457;\0;25;26;65
458;\0;23;26;102
459;\0;42;26;160
460;\0;5;26;134
461;\0;44;26;92
462;\0;22;26;104
463;\0;15;26;88
464;\0;48;26;123
465;\0;45;26;23
466;\0;34;26;90
467;\0;44;26;27
468;\0;10;26;98
469;\0;27;27;162
470;\0;15;27;141
471;\0;31;27;152
472;\0;7;27;138
473;\0;37;27;122
474;\0;41;27;41
475;\0;24;27;163
476;\0;36;27;14
477;\0;38;27;58
478;\0;15;27;16
479;\0;25;27;37
480;\0;47;27;151
481;\0;50;27;107
482;\0;40;27;128
483;\0;48;27;159
484;\0;40;27;110
485;\0;13;27;52
486;\0;15;27;9
487;\0;27;28;171
488;\0;42;28;149
489;\0;13;28;143
490;\0;41;28;20
491;\0;35;28;10
492;\0;27;28;8
493;\0;20;28;137
494;\0;12;28;66
495;\0;3;28;118
496;\0;11;28;127
497;\0;42;28;3
498;\0;30;28;36
499;\0;49;28;51
500;\0;34;28;40
501;\0;33;28;167
502;\0;20;28;32
503;\0;48;28;132
504;\0;7;28;82
505;\0;19;29;159
506;\0;3;29;135
507;\0;23;29;147
508;\0;31;29;166
509;\0;42;29;4
510;\0;44;29;15
511;\0;19;29;18
512;\0;33;29;148
513;\0;16;29;32
514;\0;36;29;109
515;\0;25;29;146
516;\0;12;29;161
517;\0;19;29;11
518;\0;21;29;86
519;\0;7;29;163
520;\0;14;29;114
521;\0;30;29;113
522;\0;19;29;83
523;\0;44;30;137
524;\0;12;30;2
525;\0;37;30;57
526;\0;13;30;57
527;\0;5;30;74
528;\0;24;30;155
529;\0;49;30;3
530;\0;48;30;145
531;\0;23;30;5
532;\0;39;30;37
533;\0;1;30;75
534;\0;38;30;72
535;\0;47;30;109
536;\0;41;30;110
537;\0;3;30;33
538;\0;43;30;39
539;\0;49;30;145
540;\0;40;30;127
541;\0;3;31;104
542;\0;31;31;38
543;\0;42;31;136
544;\0;27;31;165
545;\0;15;31;26
546;\0;24;31;140
547;\0;26;31;90
548;\0;25;31;111
549;\0;30;31;17
550;\0;44;31;81
551;\0;9;31;142
552;\0;22;31;92
553;\0;12;31;71
554;\0;40;31;111
555;\0;21;31;126
556;\0;26;31;49
557;\0;40;31;59
558;\0;19;31;24
559;\0;31;32;48
560;\0;19;32;63
561;\0;36;32;163
562;\0;33;32;86
563;\0;5;32;74
564;\0;33;32;50
565;\0;19;32;107
566;\0;43;32;52
567;\0;20;32;151
568;\0;22;32;135
569;\0;15;32;26
570;\0;10;32;157
571;\0;5;32;22
572;\0;29;32;71
573;\0;10;32;8
574;\0;37;32;88
575;\0;6;32;9
576;\0;29;32;52
577;\0;13;33;91
578;\0;35;33;16
579;\0;30;33;101
580;\0;13;33;53
581;\0;2;33;83
582;\0;1;33;86
583;\0;18;33;36
584;\0;5;33;41
585;\0;38;33;96
586;\0;37;33;84
587;\0;38;33;86
588;\0;30;33;68
589;\0;11;33;153
590;\0;20;33;28
591;\0;36;33;29
592;\0;32;33;7
593;\0;48;33;99
594;\0;7;33;56
595;\0;43;34;129
596;\0;5;34;12
597;\0;30;34;94
598;\0;44;34;130
599;\0;41;34;162
600;\0;44;34;47
601;\0;41;34;131
602;\0;33;34;11
603;\0;8;34;79
604;\0;15;34;15
605;\0;15;34;142
606;\0;41;34;40
607;\0;3;34;126
608;\0;23;34;46
609;\0;38;34;98
610;\0;46;34;51
611;\0;22;34;51
612;\0;47;34;58
613;\0;42;35;132
614;\0;6;35;133
615;\0;44;35;50
616;\0;40;35;120
617;\0;26;35;145
618;\0;9;35;33
619;\0;38;35;51
620;\0;25;35;108
621;\0;11;35;33
622;\0;33;35;77
623;\0;16;35;132
624;\0;48;35;155
625;\0;28;35;68
626;\0;36;35;89
627;\0;26;35;107
628;\0;38;35;100
629;\0;48;35;118
630;\0;3;35;64
631;\0;31;36;31
632;\0;20;36;36
633;\0;21;36;130
634;\0;40;36;114
635;\0;47;36;96
636;\0;7;36;32
637;\0;10;36;144
638;\0;20;36;120
639;\0;25;36;143
640;\0;38;36;43
641;\0;2;36;15
642;\0;1;36;22
643;\0;35;36;132
644;\0;14;36;105
645;\0;29;36;138
646;\0;33;36;143
647;\0;20;36;51
648;\0;18;36;36
649;\0;12;37;118
650;\0;15;37;159
651;\0;10;37;84
652;\0;11;37;80
653;\0;37;37;65
654;\0;38;37;63
655;\0;41;37;7
656;\0;13;37;150
657;\0;4;37;130
658;\0;13;37;61
659;\0;19;37;118
660;\0;1;37;86
661;\0;34;37;85
662;\0;21;37;122
663;\0;32;37;7
664;\0;48;37;78
665;\0;35;37;12
666;\0;1;37;132
667;\0;7;38;127
668;\0;30;38;112
669;\0;34;38;122
670;\0;22;38;52
671;\0;19;38;114
672;\0;20;38;161
673;\0;46;38;22
674;\0;47;38;65
675;\0;43;38;78
676;\0;30;38;45
677;\0;10;38;24
678;\0;22;38;112
679;\0;12;38;18
680;\0;38;38;63
681;\0;10;38;137
682;\0;17;38;29
683;\0;36;38;100
684;\0;47;38;147
685;\0;19;39;27
686;\0;23;39;163
687;\0;34;39;45
688;\0;17;39;59
689;\0;45;39;134
690;\0;44;39;19
691;\0;11;39;165
692;\0;43;39;134
693;\0;14;39;22
694;\0;50;39;157
695;\0;25;39;81
696;\0;23;39;146
697;\0;47;39;20
698;\0;36;39;66
699;\0;8;39;99
700;\0;5;39;57
701;\0;22;39;59
702;\0;23;39;30
703;\0;34;40;13
704;\0;23;40;159
705;\0;20;40;169
706;\0;39;40;54
707;\0;1;40;20
708;\0;48;40;54
709;\0;6;40;85
710;\0;45;40;98
711;\0;5;40;95
712;\0;29;40;94
713;\0;37;40;88
714;\0;15;40;66
715;\0;8;40;139
716;\0;5;40;28
717;\0;9;40;157
718;\0;30;40;111
719;\0;41;40;93
720;\0;18;40;60
721;\0;16;41;116
722;\0;43;41;170
723;\0;18;41;81
724;\0;7;41;100
725;\0;16;41;65
726;\0;18;41;98
727;\0;5;41;159
728;\0;22;41;168
729;\0;23;41;98
730;\0;7;41;144
731;\0;2;41;129
732;\0;24;41;9
733;\0;48;41;67
734;\0;50;41;83
735;\0;27;41;86
736;\0;20;41;144
737;\0;41;41;84
738;\0;36;41;22
739;\0;8;42;46
740;\0;11;42;118
741;\0;36;42;47
742;\0;27;42;147
743;\0;21;42;28
744;\0;14;42;65
745;\0;4;42;81
746;\0;32;42;31
747;\0;45;42;67
748;\0;47;42;71
749;\0;11;42;115
750;\0;40;42;137
751;\0;40;42;6
752;\0;27;42;92
753;\0;2;42;148
754;\0;24;42;82
755;\0;45;42;106
756;\0;14;42;29
757;\0;19;43;42
758;\0;12;43;146
759;\0;9;43;101
760;\0;1;43;7
761;\0;8;43;5
762;\0;32;43;129
763;\0;38;43;20
764;\0;25;43;87
765;\0;41;43;135
766;\0;9;43;142
767;\0;26;43;1
768;\0;40;43;111
769;\0;23;43;47
770;\0;1;43;17
771;\0;22;43;73
772;\0;20;43;41
773;\0;15;43;142
774;\0;29;43;63
775;\0;41;44;76
776;\0;22;44;104
777;\0;34;44;11
778;\0;26;44;137
779;\0;11;44;13
780;\0;24;44;144
781;\0;22;44;140
782;\0;1;44;161
783;\0;6;44;153
784;\0;16;44;107
785;\0;25;44;85
786;\0;1;44;23
787;\0;46;44;9
788;\0;19;44;149
789;\0;50;44;48
790;\0;36;44;100
791;\0;25;44;53
792;\0;20;44;111
793;\0;49;45;73
794;\0;12;45;110
795;\0;3;45;40
796;\0;33;45;41
797;\0;17;45;170
798;\0;8;45;117
799;\0;20;45;62
800;\0;27;45;14
801;\0;3;45;165
802;\0;13;45;6
803;\0;49;45;71
804;\0;46;45;69
805;\0;20;45;116
806;\0;24;45;131
807;\0;29;45;19
808;\0;26;45;131
809;\0;40;45;79
810;\0;16;45;100
811;\0;38;46;51
812;\0;1;46;20
813;\0;17;46;69
814;\0;2;46;149
815;\0;13;46;118
816;\0;50;46;136
817;\0;5;46;61
818;\0;42;46;55
819;\0;33;46;110
820;\0;25;46;9
821;\0;30;46;115
822;\0;27;46;21
823;\0;29;46;142
824;\0;42;46;168
825;\0;17;46;11
826;\0;32;46;105
827;\0;3;46;109
828;\0;10;46;44
829;\0;45;47;76
830;\0;8;47;160
831;\0;10;47;46
832;\0;40;47;170
833;\0;14;47;133
834;\0;9;47;113
835;\0;45;47;94
836;\0;21;47;94
837;\0;41;47;150
838;\0;46;47;89
839;\0;30;47;19
840;\0;16;47;84
841;\0;12;47;40
842;\0;9;47;113
843;\0;22;47;31
844;\0;40;47;19
845;\0;29;47;11
846;\0;40;47;92
847;\0;49;48;25
848;\0;14;48;39
849;\0;48;48;56
850;\0;1;48;136
851;\0;5;48;165
852;\0;22;48;56
853;\0;40;48;140
854;\0;7;48;127
855;\0;27;48;54
856;\0;29;48;26
857;\0;24;48;27
858;\0;8;48;30
859;\0;30;48;113
860;\0;38;48;114
861;\0;5;48;76
862;\0;27;48;147
863;\0;2;48;69
864;\0;2;48;39
865;\0;6;49;31
866;\0;10;49;102
867;\0;49;49;70
868;\0;21;49;154
869;\0;46;49;140
870;\0;37;49;120
871;\0;42;49;63
872;\0;46;49;55
873;\0;45;49;57
874;\0;5;49;120
875;\0;49;49;161
876;\0;28;49;139
877;\0;3;49;66
878;\0;33;49;136
879;\0;3;49;167
880;\0;31;49;67
881;\0;27;49;80
882;\0;30;49;29
883;\0;42;50;74
884;\0;4;50;166
885;\0;20;50;1
886;\0;26;50;28
887;\0;42;50;85
888;\0;10;50;114
889;\0;48;50;156
890;\0;23;50;17
891;\0;26;50;161
892;\0;2;50;5
893;\0;18;50;100
894;\0;36;50;95
895;\0;30;50;73
896;\0;33;50;160
897;\0;23;50;171
898;\0;21;50;27
899;\0;12;50;108
900;\0;23;50;84
901;\0;42;51;113
902;\0;25;51;1
903;\0;34;51;138
904;\0;9;51;61
905;\0;21;51;91
906;\0;5;51;84
907;\0;5;51;164
908;\0;30;51;118
909;\0;19;51;44
910;\0;25;51;55
911;\0;18;51;67
912;\0;35;51;96
913;\0;8;51;37
914;\0;34;51;102
915;\0;39;51;42
916;\0;11;51;72
917;\0;24;51;91
918;\0;39;51;32
919;\0;34;52;28
920;\0;33;52;160
921;\0;8;52;146
922;\0;10;52;27
923;\0;35;52;116
924;\0;34;52;78
925;\0;34;52;54
926;\0;23;52;95
927;\0;14;52;88
928;\0;9;52;92
929;\0;18;52;30
930;\0;10;52;14
931;\0;19;52;42
932;\0;36;52;137
933;\0;44;52;153
934;\0;35;52;138
935;\0;34;52;18
936;\0;30;52;49
937;\0;4;53;4
938;\0;12;53;107
939;\0;14;53;125
940;\0;25;53;101
941;\0;24;53;147
942;\0;27;53;89
943;\0;27;53;41
944;\0;10;53;23
945;\0;46;53;113
946;\0;15;53;79
947;\0;44;53;150
948;\0;34;53;53
949;\0;39;53;37
950;\0;10;53;50
951;\0;27;53;155
952;\0;15;53;101
953;\0;3;53;25
954;\0;39;53;133
955;\0;31;54;61
956;\0;38;54;99
957;\0;7;54;104
958;\0;24;54;134
959;\0;44;54;152
960;\0;14;54;149
961;\0;17;54;56
962;\0;12;54;170
963;\0;50;54;135
964;\0;15;54;84
965;\0;19;54;53
966;\0;3;54;82
967;\0;25;54;150
968;\0;44;54;109
969;\0;45;54;41
970;\0;23;54;88
971;\0;42;54;150
972;\0;4;54;166
973;\0;31;55;62
974;\0;15;55;132
975;\0;7;55;13
976;\0;1;55;128
977;\0;16;55;131
978;\0;43;55;57
979;\0;13;55;154
980;\0;7;55;141
981;\0;2;55;50
982;\0;31;55;2
983;\0;47;55;119
984;\0;25;55;93
985;\0;41;55;77
986;\0;17;55;84
987;\0;7;55;147
988;\0;16;55;22
989;\0;12;55;127
990;\0;26;55;47
991;\0;40;56;17
992;\0;16;56;67
993;\0;40;56;29
994;\0;37;56;87
995;\0;8;56;43
996;\0;7;56;16
997;\0;14;56;125
998;\0;18;56;58
999;\0;2;56;107
1000;\0;14;56;113
1001;\0;38;56;165
1002;\0;29;56;28
1003;\0;30;56;120
1004;\0;49;56;46
1005;\0;38;56;117
1006;\0;13;56;114
1007;\0;30;56;144
1008;\0;37;56;115
1009;\0;14;57;138
1010;\0;22;57;139
1011;\0;19;57;67
1012;\0;24;57;137
1013;\0;25;57;126
1014;\0;7;57;80
1015;\0;6;57;142
1016;\0;48;57;145
1017;\0;8;57;103
1018;\0;2;57;39
1019;\0;13;57;114
1020;\0;41;57;84
1021;\0;41;57;140
1022;\0;15;57;120
1023;\0;24;57;49
1024;\0;46;57;65
1025;\0;8;57;34
1026;\0;6;57;63
1027;\0;2;58;111
1028;\0;48;58;133
1029;\0;27;58;88
1030;\0;35;58;50
1031;\0;49;58;21
1032;\0;50;58;50
1033;\0;43;58;89
1034;\0;34;58;48
1035;\0;32;58;40
1036;\0;16;58;22
1037;\0;37;58;63
1038;\0;28;58;42
1039;\0;18;58;134
1040;\0;12;58;47
1041;\0;47;58;59
1042;\0;7;58;64
1043;\0;3;58;108
1044;\0;1;58;160
1045;\0;31;59;131
1046;\0;25;59;101
1047;\0;21;59;43
1048;\0;18;59;112
1049;\0;12;59;89
1050;\0;15;59;103
1051;\0;18;59;24
1052;\0;4;59;156
1053;\0;7;59;100
1054;\0;43;59;141
1055;\0;13;59;125
1056;\0;45;59;16
1057;\0;38;59;23
1058;\0;19;59;41
1059;\0;36;59;70
1060;\0;23;59;57
1061;\0;18;59;131
1062;\0;1;59;137
1063;\0;40;60;58
1064;\0;14;60;62
1065;\0;41;60;102
1066;\0;39;60;86
1067;\0;34;60;26
1068;\0;40;60;101
1069;\0;8;60;57
1070;\0;14;60;146
1071;\0;28;60;67
1072;\0;14;60;18
1073;\0;1;60;24
1074;\0;25;60;139
1075;\0;45;60;36
1076;\0;45;60;35
1077;\0;29;60;37
1078;\0;40;60;49
1079;\0;18;60;102
1080;\0;50;60;91
1081;\0;41;61;47
1082;\0;34;61;24
1083;\0;32;61;121
1084;\0;42;61;5
1085;\0;17;61;171
1086;\0;10;61;169
1087;\0;6;61;69
1088;\0;16;61;161
1089;\0;8;61;78
1090;\0;23;61;34
1091;\0;11;61;69
1092;\0;1;61;144
1093;\0;49;61;132
1094;\0;50;61;108
1095;\0;50;61;137
1096;\0;46;61;108
1097;\0;9;61;111
1098;\0;27;61;92
1099;\0;17;62;96
1100;\0;6;62;101
1101;\0;1;62;92
1102;\0;41;62;63
1103;\0;29;62;35
1104;\0;45;62;56
1105;\0;17;62;120
1106;\0;28;62;33
1107;\0;43;62;74
1108;\0;33;62;11
1109;\0;27;62;154
1110;\0;9;62;4
1111;\0;44;62;76
1112;\0;1;62;6
1113;\0;13;62;13
1114;\0;50;62;160
1115;\0;1;62;104
1116;\0;24;62;32
1117;\0;6;63;111
1118;\0;9;63;20
1119;\0;28;63;122
1120;\0;27;63;152
1121;\0;42;63;169
1122;\0;6;63;74
1123;\0;8;63;14
1124;\0;50;63;154
1125;\0;36;63;23
1126;\0;40;63;119
1127;\0;28;63;138
1128;\0;26;63;140
1129;\0;4;63;169
1130;\0;19;63;62
1131;\0;28;63;140
1132;\0;7;63;14
1133;\0;8;63;76
1134;\0;17;63;93
1135;\0;9;64;41
1136;\0;34;64;128
1137;\0;42;64;60
1138;\0;30;64;164
1139;\0;34;64;150
1140;\0;17;64;119
1141;\0;15;64;129
1142;\0;22;64;71
1143;\0;5;64;67
1144;\0;38;64;9
1145;\0;17;64;38
1146;\0;29;64;76
1147;\0;40;64;39
1148;\0;37;64;6
1149;\0;38;64;48
1150;\0;12;64;43
1151;\0;22;64;100
1152;\0;14;64;50
1153;\0;44;65;141
1154;\0;47;65;124
1155;\0;42;65;34
1156;\0;37;65;79
1157;\0;43;65;40
1158;\0;25;65;14
1159;\0;19;65;143
1160;\0;27;65;116
1161;\0;13;65;2
1162;\0;33;65;44
1163;\0;40;65;155
1164;\0;41;65;35
1165;\0;2;65;134
1166;\0;1;65;67
1167;\0;33;65;105
1168;\0;39;65;13
1169;\0;19;65;107
1170;\0;38;65;122
1171;\0;34;66;17
1172;\0;2;66;66
1173;\0;22;66;153
1174;\0;23;66;137
1175;\0;8;66;53
1176;\0;7;66;40
1177;\0;49;66;159
1178;\0;27;66;21
1179;\0;44;66;114
1180;\0;22;66;89
1181;\0;41;66;22
1182;\0;1;66;13
1183;\0;14;66;84
1184;\0;5;66;16
1185;\0;28;66;95
1186;\0;26;66;90
1187;\0;25;66;143
1188;\0;7;66;164
1189;\0;41;67;23
1190;\0;24;67;170
1191;\0;38;67;113
1192;\0;36;67;53
1193;\0;28;67;35
1194;\0;45;67;97
1195;\0;9;67;131
1196;\0;37;67;108
1197;\0;26;67;129
1198;\0;28;67;136
1199;\0;20;67;113
1200;\0;39;67;26
1201;\0;27;67;23
1202;\0;3;67;72
1203;\0;33;67;62
1204;\0;50;67;95
1205;\0;25;67;106
1206;\0;29;67;116
1207;\0;34;68;79
1208;\0;9;68;73
1209;\0;25;68;141
1210;\0;48;68;131
1211;\0;14;68;57
1212;\0;6;68;76
1213;\0;20;68;162
1214;\0;16;68;167
1215;\0;42;68;59
1216;\0;42;68;135
1217;\0;18;68;84
1218;\0;40;68;58
1219;\0;14;68;91
1220;\0;15;68;78
1221;\0;41;68;40
1222;\0;20;68;136
1223;\0;11;68;44
1224;\0;22;68;108
1225;\0;34;69;155
1226;\0;18;69;17
1227;\0;12;69;24
1228;\0;15;69;68
1229;\0;4;69;75
1230;\0;10;69;168
1231;\0;11;69;44
1232;\0;12;69;34
1233;\0;48;69;90
1234;\0;44;69;10
1235;\0;33;69;130
1236;\0;13;69;61
1237;\0;23;69;66
1238;\0;47;69;109
1239;\0;45;69;130
1240;\0;28;69;119
1241;\0;1;69;89
1242;\0;49;69;142
1243;\0;23;70;110
1244;\0;21;70;123
1245;\0;16;70;12
1246;\0;31;70;13
1247;\0;17;70;54
1248;\0;13;70;33
1249;\0;42;70;130
1250;\0;42;70;159
1251;\0;18;70;90
1252;\0;14;70;84
1253;\0;4;70;167
1254;\0;32;70;34
1255;\0;43;70;4
1256;\0;24;70;134
1257;\0;3;70;57
1258;\0;20;70;17
1259;\0;34;70;69
1260;\0;24;70;104
1261;\0;41;71;68
1262;\0;20;71;110
1263;\0;27;71;76
1264;\0;34;71;50
1265;\0;49;71;38
1266;\0;50;71;39
1267;\0;6;71;72
1268;\0;29;71;47
1269;\0;40;71;29
1270;\0;8;71;138
1271;\0;42;71;18
1272;\0;48;71;91
1273;\0;19;71;3
1274;\0;15;71;124
1275;\0;39;71;9
1276;\0;6;71;52
1277;\0;19;71;92
1278;\0;38;71;133
1279;\0;24;72;121
1280;\0;13;72;156
1281;\0;43;72;58
1282;\0;9;72;39
1283;\0;8;72;152
1284;\0;13;72;82
1285;\0;47;72;151
1286;\0;17;72;81
1287;\0;33;72;143
1288;\0;37;72;9
1289;\0;2;72;73
1290;\0;17;72;151
1291;\0;14;72;7
1292;\0;30;72;112
1293;\0;22;72;145
1294;\0;1;72;24
1295;\0;8;72;38
1296;\0;21;72;52
1297;\0;2;73;42
1298;\0;46;73;130
1299;\0;47;73;106
1300;\0;41;73;93
1301;\0;34;73;81
1302;\0;35;73;162
1303;\0;43;73;120
1304;\0;50;73;171
1305;\0;10;73;28
1306;\0;22;73;45
1307;\0;39;73;103
1308;\0;1;73;12
1309;\0;9;73;11
1310;\0;2;73;147
1311;\0;22;73;13
1312;\0;46;73;144
1313;\0;36;73;23
1314;\0;22;73;41
1315;\0;14;74;151
1316;\0;25;74;104
1317;\0;34;74;164
1318;\0;24;74;73
1319;\0;37;74;102
1320;\0;11;74;154
1321;\0;33;74;75
1322;\0;50;74;114
1323;\0;25;74;163
1324;\0;48;74;148
1325;\0;14;74;102
1326;\0;45;74;41
1327;\0;42;74;101
1328;\0;2;74;93
1329;\0;28;74;80
1330;\0;22;74;52
1331;\0;27;74;52
1332;\0;24;74;71
1333;\0;14;75;43
1334;\0;45;75;4
1335;\0;48;75;121
1336;\0;47;75;152
1337;\0;39;75;106
1338;\0;48;75;120
1339;\0;39;75;1
1340;\0;28;75;91
1341;\0;29;75;63
1342;\0;9;75;8
1343;\0;12;75;133
1344;\0;18;75;165
1345;\0;28;75;134
1346;\0;38;75;22
1347;\0;30;75;148
1348;\0;46;75;38
1349;\0;30;75;59
1350;\0;32;75;43
1351;\0;14;76;9
1352;\0;45;76;20
1353;\0;17;76;79
1354;\0;6;76;13
1355;\0;44;76;155
1356;\0;11;76;119
1357;\0;38;76;79
1358;\0;30;76;62
1359;\0;17;76;100
1360;\0;42;76;87
1361;\0;40;76;77
1362;\0;1;76;123
1363;\0;45;76;60
1364;\0;37;76;6
1365;\0;7;76;33
1366;\0;2;76;9
1367;\0;8;76;66
1368;\0;50;76;21
1369;\0;10;77;145
1370;\0;32;77;154
1371;\0;14;77;11
1372;\0;39;77;111
1373;\0;13;77;88
1374;\0;25;77;77
1375;\0;49;77;167
1376;\0;4;77;56
1377;\0;29;77;115
1378;\0;30;77;163
1379;\0;35;77;117
1380;\0;19;77;116
1381;\0;23;77;161
1382;\0;42;77;95
1383;\0;13;77;140
1384;\0;44;77;135
1385;\0;41;77;33
1386;\0;7;77;83
1387;\0;29;78;152
1388;\0;39;78;81
1389;\0;15;78;129
1390;\0;35;78;17
1391;\0;28;78;168
1392;\0;11;78;83
1393;\0;18;78;164
1394;\0;9;78;145
1395;\0;44;78;39
1396;\0;11;78;26
1397;\0;13;78;99
1398;\0;21;78;67
1399;\0;24;78;61
1400;\0;40;78;159
1401;\0;8;78;13
1402;\0;50;78;130
1403;\0;21;78;61
1404;\0;32;78;152
1405;\0;34;79;169
1406;\0;34;79;54
1407;\0;50;79;164
1408;\0;3;79;93
1409;\0;13;79;77
1410;\0;16;79;35
1411;\0;24;79;124
1412;\0;12;79;105
1413;\0;26;79;170
1414;\0;25;79;108
1415;\0;28;79;55
1416;\0;38;79;73
1417;\0;41;79;103
1418;\0;17;79;89
1419;\0;4;79;138
1420;\0;24;79;152
1421;\0;6;79;35
1422;\0;17;79;25
1423;\0;7;80;105
1424;\0;31;80;84
1425;\0;33;80;87
1426;\0;22;80;108
1427;\0;34;80;46
1428;\0;18;80;124
1429;\0;16;80;35
1430;\0;31;80;27
1431;\0;33;80;160
1432;\0;26;80;16
1433;\0;37;80;131
1434;\0;7;80;142
1435;\0;11;80;82
1436;\0;29;80;81
1437;\0;34;80;129
1438;\0;50;80;53
1439;\0;4;80;149
1440;\0;27;80;16
1441;\0;25;81;35
1442;\0;45;81;21
1443;\0;47;81;153
1444;\0;7;81;119
1445;\0;26;81;81
1446;\0;50;81;89
1447;\0;31;81;22
1448;\0;14;81;92
1449;\0;6;81;71
1450;\0;21;81;135
1451;\0;40;81;148
1452;\0;24;81;136
1453;\0;13;81;67
1454;\0;42;81;53
1455;\0;22;81;116
1456;\0;45;81;48
1457;\0;23;81;153
1458;\0;7;81;135
1459;\0;50;82;163
1460;\0;32;82;47
1461;\0;41;82;122
1462;\0;50;82;115
1463;\0;27;82;95
1464;\0;22;82;92
1465;\0;21;82;12
1466;\0;41;82;33
1467;\0;8;82;67
1468;\0;9;82;58
1469;\0;35;82;30
1470;\0;13;82;44
1471;\0;22;82;98
1472;\0;33;82;55
1473;\0;40;82;78
1474;\0;10;82;37
1475;\0;8;82;34
1476;\0;10;82;113
1477;\0;28;83;22
1478;\0;11;83;28
1479;\0;11;83;49
1480;\0;45;83;155
1481;\0;44;83;97
1482;\0;37;83;59
1483;\0;39;83;130
1484;\0;29;83;7
1485;\0;5;83;4
1486;\0;40;83;125
1487;\0;19;83;155
1488;\0;46;83;167
1489;\0;22;83;143
1490;\0;38;83;67
1491;\0;9;83;36
1492;\0;26;83;63
1493;\0;39;83;13
1494;\0;10;83;118
1495;\0;50;84;34
1496;\0;35;84;80
1497;\0;16;84;113
1498;\0;31;84;137
1499;\0;47;84;25
1500;\0;11;84;68
1501;\0;8;84;51
1502;\0;6;84;88
1503;\0;15;84;165
1504;\0;50;84;171
1505;\0;13;84;45
1506;\0;44;84;15
1507;\0;7;84;103
1508;\0;19;84;25
1509;\0;3;84;8
1510;\0;34;84;140
1511;\0;12;84;1
1512;\0;14;84;7
1513;\0;15;85;4
1514;\0;33;85;41
1515;\0;18;85;167
1516;\0;23;85;76
1517;\0;5;85;47
1518;\0;14;85;70
1519;\0;13;85;137
1520;\0;9;85;79
1521;\0;28;85;39
1522;\0;14;85;139
1523;\0;40;85;129
1524;\0;44;85;14
1525;\0;21;85;150
1526;\0;2;85;101
1527;\0;16;85;139
1528;\0;4;85;23
1529;\0;37;85;42
1530;\0;42;85;118
1531;\0;50;86;49
1532;\0;26;86;74
1533;\0;30;86;91
1534;\0;37;86;143
1535;\0;1;86;159
1536;\0;31;86;15
1537;\0;38;86;20
1538;\0;44;86;119
1539;\0;9;86;94
1540;\0;26;86;51
1541;\0;15;86;108
1542;\0;30;86;96
1543;\0;46;86;92
1544;\0;1;86;96
1545;\0;47;86;16
1546;\0;3;86;24
1547;\0;22;86;140
1548;\0;16;86;42
1549;\0;37;87;1
1550;\0;3;87;140
1551;\0;6;87;104
1552;\0;39;87;44
1553;\0;41;87;4
1554;\0;26;87;97
1555;\0;30;87;16
1556;\0;39;87;108
1557;\0;3;87;169
1558;\0;13;87;127
1559;\0;11;87;62
1560;\0;18;87;49
1561;\0;20;87;11
1562;\0;38;87;7
1563;\0;39;87;143
1564;\0;38;87;12
1565;\0;6;87;102
1566;\0;7;87;34
1567;\0;46;88;43
1568;\0;47;88;69
1569;\0;47;88;21
1570;\0;30;88;137
1571;\0;41;88;21
1572;\0;41;88;136
1573;\0;21;88;108
1574;\0;38;88;103
1575;\0;7;88;38
1576;\0;35;88;138
1577;\0;14;88;2
1578;\0;28;88;156
1579;\0;41;88;170
1580;\0;35;88;83
1581;\0;40;88;144
1582;\0;43;88;30
1583;\0;29;88;59
1584;\0;36;88;102
1585;\0;11;89;128
1586;\0;25;89;56
1587;\0;33;89;103
1588;\0;21;89;143
1589;\0;12;89;90
1590;\0;15;89;10
1591;\0;46;89;8
1592;\0;1;89;82
1593;\0;49;89;167
1594;\0;43;89;6
1595;\0;43;89;70
1596;\0;6;89;99
1597;\0;37;89;80
1598;\0;35;89;120
1599;\0;30;89;149
1600;\0;3;89;34
1601;\0;27;89;98
1602;\0;39;89;81
1603;\0;38;90;169
1604;\0;13;90;125
1605;\0;43;90;49
1606;\0;38;90;20
1607;\0;42;90;8
1608;\0;49;90;157
1609;\0;11;90;75
1610;\0;20;90;54
1611;\0;28;90;22
1612;\0;35;90;60
1613;\0;22;90;67
1614;\0;10;90;49
1615;\0;43;90;52
1616;\0;50;90;113
1617;\0;37;90;102
1618;\0;29;90;96
1619;\0;1;90;87
1620;\0;27;90;69
1621;\0;22;91;89
1622;\0;15;91;144
1623;\0;28;91;96
1624;\0;15;91;4
1625;\0;32;91;139
1626;\0;22;91;113
1627;\0;25;91;22
1628;\0;32;91;47
1629;\0;32;91;137
1630;\0;5;91;49
1631;\0;44;91;68
1632;\0;42;91;3
1633;\0;42;91;8
1634;\0;25;91;125
1635;\0;21;91;161
1636;\0;47;91;110
1637;\0;8;91;148
1638;\0;26;91;121
1639;\0;29;92;65
1640;\0;43;92;60
1641;\0;33;92;81
1642;\0;25;92;9
1643;\0;39;92;78
1644;\0;42;92;152
1645;\0;3;92;135
1646;\0;37;92;75
1647;\0;3;92;38
1648;\0;35;92;70
1649;\0;4;92;80
1650;\0;20;92;55
1651;\0;35;92;82
1652;\0;38;92;113
1653;\0;39;92;59
1654;\0;32;92;69
1655;\0;37;92;111
1656;\0;31;92;122
1657;\0;17;93;94
1658;\0;9;93;121
1659;\0;36;93;7
1660;\0;22;93;140
1661;\0;44;93;80
1662;\0;50;93;41
1663;\0;32;93;47
1664;\0;12;93;21
1665;\0;23;93;68
1666;\0;45;93;88
1667;\0;44;93;162
1668;\0;21;93;83
1669;\0;48;93;144
1670;\0;40;93;125
1671;\0;3;93;55
1672;\0;34;93;39
1673;\0;21;93;51
1674;\0;23;93;144
1675;\0;42;94;160
1676;\0;44;94;91
1677;\0;28;94;1
1678;\0;15;94;152
1679;\0;21;94;156
1680;\0;9;94;51
1681;\0;33;94;18
1682;\0;1;94;149
1683;\0;28;94;139
1684;\0;24;94;132
1685;\0;37;94;167
1686;\0;19;94;124
1687;\0;34;94;85
1688;\0;40;94;12
1689;\0;3;94;142
1690;\0;44;94;168
1691;\0;23;94;171
1692;\0;48;94;70
1693;\0;48;95;56
1694;\0;32;95;30
1695;\0;13;95;151
1696;\0;6;95;15
1697;\0;32;95;4
1698;\0;6;95;100
1699;\0;22;95;25
1700;\0;35;95;146
1701;\0;21;95;168
1702;\0;22;95;153
1703;\0;38;95;36
1704;\0;23;95;81
1705;\0;38;95;17
1706;\0;34;95;138
1707;\0;4;95;169
1708;\0;5;95;93
1709;\0;28;95;45
1710;\0;38;95;131
1711;\0;5;96;155
1712;\0;33;96;121
1713;\0;5;96;56
1714;\0;2;96;102
1715;\0;24;96;31
1716;\0;8;96;24
1717;\0;15;96;165
1718;\0;16;96;165
1719;\0;22;96;12
1720;\0;24;96;118
1721;\0;30;96;12
1722;\0;4;96;30
1723;\0;45;96;58
1724;\0;33;96;81
1725;\0;22;96;127
1726;\0;8;96;66
1727;\0;2;96;127
1728;\0;21;96;12
1729;\0;20;97;118
1730;\0;26;97;168
1731;\0;42;97;29
1732;\0;29;97;140
1733;\0;6;97;143
1734;\0;36;97;142
1735;\0;46;97;94
1736;\0;19;97;10
1737;\0;24;97;75
1738;\0;9;97;95
1739;\0;16;97;27
1740;\0;15;97;121
1741;\0;23;97;70
1742;\0;45;97;87
1743;\0;34;97;51
1744;\0;10;97;148
1745;\0;45;97;59
1746;\0;5;97;59
1747;\0;23;98;78
1748;\0;2;98;156
1749;\0;42;98;116
1750;\0;9;98;128
1751;\0;18;98;53
1752;\0;15;98;59
1753;\0;45;98;91
1754;\0;40;98;139
1755;\0;3;98;163
1756;\0;10;98;47
1757;\0;32;98;89
1758;\0;48;98;122
1759;\0;29;98;52
1760;\0;22;98;82
1761;\0;43;98;103
1762;\0;13;98;67
1763;\0;26;98;65
1764;\0;9;98;107
1765;\0;21;99;31
1766;\0;5;99;164
1767;\0;45;99;120
1768;\0;25;99;50
1769;\0;37;99;158
1770;\0;30;99;34
1771;\0;49;99;129
1772;\0;44;99;105
1773;\0;16;99;66
1774;\0;40;99;69
1775;\0;28;99;104
1776;\0;24;99;151
1777;\0;24;99;40
1778;\0;4;99;69
1779;\0;27;99;29
1780;\0;12;99;141
1781;\0;33;99;57
1782;\0;23;99;161
1783;\0;33;100;170
1784;\0;44;100;102
1785;\0;48;100;90
1786;\0;37;100;145
1787;\0;49;100;53
1788;\0;18;100;108
1789;\0;2;100;101
1790;\0;10;100;43
1791;\0;27;100;28
1792;\0;1;100;34
1793;\0;16;100;134
1794;\0;8;100;165
1795;\0;49;100;61
1796;\0;22;100;46
1797;\0;23;100;100
1798;\0;1;100;109
1799;\0;30;100;59
1800;\0;9;100;31
1801;\0;43;101;131
1802;\0;46;101;151
1803;\0;1;101;8
1804;\0;2;101;17
1805;\0;2;101;128
1806;\0;44;101;68
1807;\0;36;101;76
1808;\0;26;101;82
1809;\0;31;101;122
1810;\0;16;101;75
1811;\0;9;101;153
1812;\0;48;101;120
1813;\0;14;101;72
1814;\0;38;101;79
1815;\0;30;101;52
1816;\0;47;101;127
1817;\0;27;101;137
1818;\0;35;101;163
1819;\0;43;102;79
1820;\0;14;102;90
1821;\0;7;102;152
1822;\0;28;102;30
1823;\0;15;102;65
1824;\0;31;102;45
1825;\0;40;102;94
1826;\0;4;102;81
1827;\0;10;102;106
1828;\0;16;102;150
1829;\0;26;102;112
1830;\0;22;102;155
1831;\0;7;102;45
1832;\0;17;102;66
1833;\0;41;102;149
1834;\0;2;102;85
1835;\0;18;102;162
1836;\0;33;102;81
1837;\0;43;103;164
1838;\0;31;103;106
1839;\0;6;103;118
1840;\0;40;103;44
1841;\0;12;103;102
1842;\0;30;103;75
1843;\0;15;103;48
1844;\0;5;103;3
1845;\0;44;103;15
1846;\0;43;103;98
1847;\0;16;103;11
1848;\0;48;103;19
1849;\0;45;103;133
1850;\0;7;103;42
1851;\0;20;103;8
1852;\0;22;103;116
1853;\0;16;103;169
1854;\0;17;103;75
1855;\0;31;104;165
1856;\0;35;104;169
1857;\0;6;104;71
1858;\0;16;104;158
1859;\0;43;104;8
1860;\0;22;104;134
1861;\0;28;104;140
1862;\0;50;104;69
1863;\0;44;104;33
1864;\0;36;104;61
1865;\0;3;104;136
1866;\0;14;104;138
1867;\0;13;104;167
1868;\0;43;104;66
1869;\0;28;104;163
1870;\0;36;104;99
1871;\0;46;104;42
1872;\0;3;104;165
1873;\0;32;105;86
1874;\0;12;105;161
1875;\0;28;105;150
1876;\0;1;105;102
1877;\0;24;105;85
1878;\0;35;105;141
1879;\0;29;105;40
1880;\0;43;105;124
1881;\0;23;105;168
1882;\0;15;105;114
1883;\0;14;105;72
1884;\0;18;105;76
1885;\0;3;105;144
1886;\0;45;105;102
1887;\0;14;105;157
1888;\0;36;105;78
1889;\0;4;105;125
1890;\0;47;105;115
1891;\0;12;106;95
1892;\0;37;106;57
1893;\0;22;106;17
1894;\0;6;106;36
1895;\0;49;106;20
1896;\0;34;106;1
1897;\0;40;106;85
1898;\0;6;106;149
1899;\0;11;106;43
1900;\0;13;106;91
1901;\0;39;106;50
1902;\0;15;106;144
1903;\0;6;106;162
1904;\0;45;106;76
1905;\0;13;106;104
1906;\0;27;106;82
1907;\0;14;106;168
1908;\0;16;106;135
1909;\0;46;107;159
1910;\0;42;107;100
1911;\0;49;107;132
1912;\0;13;107;153
1913;\0;28;107;69
1914;\0;8;107;127
1915;\0;15;107;152
1916;\0;27;107;126
1917;\0;30;107;138
1918;\0;25;107;154
1919;\0;17;107;14
1920;\0;25;107;171
1921;\0;29;107;103
1922;\0;28;107;67
1923;\0;46;107;115
1924;\0;26;107;109
1925;\0;28;107;24
1926;\0;5;107;111
1927;\0;30;108;41
1928;\0;4;108;122
1929;\0;48;108;136
1930;\0;14;108;105
1931;\0;33;108;145
1932;\0;23;108;134
1933;\0;20;108;121
1934;\0;20;108;48
1935;\0;22;108;108
1936;\0;27;108;171
1937;\0;46;108;130
1938;\0;37;108;18
1939;\0;11;108;47
1940;\0;4;108;71
1941;\0;6;108;19
1942;\0;35;108;99
1943;\0;39;108;168
1944;\0;43;108;24
1945;\0;36;109;20
1946;\0;27;109;48
1947;\0;4;109;170
1948;\0;40;109;125
1949;\0;17;109;103
1950;\0;29;109;147
1951;\0;6;109;122
1952;\0;47;109;83
1953;\0;37;109;59
1954;\0;6;109;113
1955;\0;43;109;154
1956;\0;48;109;102
1957;\0;7;109;115
1958;\0;38;109;130
1959;\0;24;109;67
1960;\0;9;109;113
1961;\0;46;109;29
1962;\0;9;109;63
1963;\0;16;110;20
1964;\0;21;110;123
1965;\0;41;110;85
1966;\0;16;110;106
1967;\0;17;110;129
1968;\0;33;110;46
1969;\0;11;110;68
1970;\0;36;110;37
1971;\0;11;110;126
1972;\0;50;110;9
1973;\0;3;110;133
1974;\0;44;110;82
1975;\0;24;110;38
1976;\0;47;110;12
1977;\0;48;110;94
1978;\0;47;110;65
1979;\0;14;110;111
1980;\0;11;110;10
1981;\0;42;111;17
1982;\0;43;111;83
1983;\0;22;111;157
1984;\0;36;111;5
1985;\0;21;111;88
1986;\0;9;111;77
1987;\0;35;111;111
1988;\0;18;111;20
1989;\0;14;111;146
1990;\0;14;111;84
1991;\0;8;111;47
1992;\0;25;111;66
1993;\0;40;111;78
1994;\0;37;111;150
1995;\0;17;111;99
1996;\0;1;111;129
1997;\0;5;111;119
1998;\0;12;111;40
1999;\0;21;112;138
2000;\0;25;112;60
2001;\0;12;112;165
2002;\0;27;112;133
2003;\0;8;112;168
2004;\0;12;112;100
2005;\0;41;112;169
2006;\0;11;112;166
2007;\0;49;112;116
2008;\0;25;112;167
2009;\0;8;112;145
2010;\0;21;112;108
2011;\0;20;112;146
2012;\0;25;112;153
2013;\0;50;112;9
2014;\0;50;112;27
2015;\0;26;112;59
2016;\0;15;112;82
2017;\0;5;113;58
2018;\0;4;113;166
2019;\0;33;113;121
2020;\0;3;113;78
2021;\0;41;113;4
2022;\0;2;113;38
2023;\0;15;113;120
2024;\0;18;113;59
2025;\0;28;113;118
2026;\0;8;113;110
2027;\0;14;113;144
2028;\0;1;113;97
2029;\0;16;113;76
2030;\0;3;113;109
2031;\0;3;113;169
2032;\0;26;113;127
2033;\0;49;113;138
2034;\0;48;113;76
2035;\0;33;114;46
2036;\0;30;114;58
2037;\0;9;114;23
2038;\0;14;114;141
2039;\0;49;114;19
2040;\0;21;114;48
2041;\0;21;114;146
2042;\0;33;114;28
2043;\0;18;114;27
2044;\0;38;114;4
2045;\0;5;114;162
2046;\0;8;114;131
2047;\0;37;114;60
2048;\0;28;114;166
2049;\0;47;114;154
2050;\0;9;114;115
2051;\0;16;114;55
2052;\0;24;114;153
2053;\0;34;115;49
2054;\0;10;115;151
2055;\0;38;115;6
2056;\0;23;115;90
2057;\0;25;115;13
2058;\0;31;115;29
2059;\0;49;115;142
2060;\0;42;115;141
2061;\0;49;115;104
2062;\0;50;115;10
2063;\0;22;115;163
2064;\0;37;115;162
2065;\0;46;115;105
2066;\0;23;115;32
2067;\0;8;115;133
2068;\0;16;115;130
2069;\0;6;115;142
2070;\0;25;115;107
2071;\0;34;116;103
2072;\0;44;116;35
2073;\0;50;116;41
2074;\0;28;116;22
2075;\0;39;116;66
2076;\0;18;116;152
2077;\0;14;116;96
2078;\0;40;116;96
2079;\0;47;116;103
2080;\0;8;116;151
2081;\0;10;116;94
2082;\0;18;116;44
2083;\0;15;116;153
2084;\0;3;116;159
2085;\0;45;116;66
2086;\0;35;116;6
2087;\0;21;116;138
2088;\0;42;116;44
2089;\0;38;117;166
2090;\0;6;117;84
2091;\0;38;117;114
2092;\0;50;117;36
2093;\0;4;117;119
2094;\0;3;117;138
2095;\0;31;117;133
2096;\0;31;117;82
2097;\0;17;117;118
2098;\0;8;117;78
2099;\0;4;117;54
2100;\0;8;117;27
2101;\0;6;117;104
2102;\0;10;117;51
2103;\0;46;117;139
2104;\0;30;117;94
2105;\0;34;117;17
2106;\0;1;117;11
2107;\0;44;118;160
2108;\0;33;118;167
2109;\0;14;118;74
2110;\0;1;118;108
2111;\0;49;118;48
2112;\0;40;118;64
2113;\0;32;118;91
2114;\0;32;118;129
2115;\0;20;118;99
2116;\0;12;118;103
2117;\0;49;118;149
2118;\0;19;118;40
2119;\0;28;118;143
2120;\0;27;118;110
2121;\0;10;118;38
2122;\0;22;118;130
2123;\0;14;118;153
2124;\0;35;118;134
2125;\0;11;119;27
2126;\0;39;119;36
2127;\0;49;119;10
2128;\0;20;119;3
2129;\0;44;119;84
2130;\0;19;119;122
2131;\0;48;119;137
2132;\0;22;119;6
2133;\0;44;119;14
2134;\0;1;119;71
2135;\0;6;119;139
2136;\0;22;119;29
2137;\0;14;119;141
2138;\0;20;119;103
2139;\0;35;119;61
2140;\0;39;119;14
2141;\0;21;119;21
2142;\0;8;119;83
2143;\0;39;120;51
2144;\0;42;120;128
2145;\0;14;120;126
2146;\0;48;120;96
2147;\0;1;120;144
2148;\0;41;120;25
2149;\0;39;120;38
2150;\0;32;120;128
2151;\0;18;120;120
2152;\0;12;120;115
2153;\0;11;120;25
2154;\0;6;120;69
2155;\0;22;120;123
2156;\0;23;120;49
2157;\0;31;120;79
2158;\0;48;120;97
2159;\0;9;120;57
2160;\0;5;120;72
2161;\0;16;121;94
2162;\0;9;121;18
2163;\0;22;121;25
2164;\0;18;121;65
2165;\0;48;121;103
2166;\0;4;121;43
2167;\0;24;121;26
2168;\0;10;121;123
2169;\0;46;121;87
2170;\0;1;121;156
2171;\0;11;121;131
2172;\0;11;121;106
2173;\0;24;121;92
2174;\0;48;121;39
2175;\0;21;121;64
2176;\0;50;121;111
2177;\0;9;121;149
2178;\0;2;121;99
2179;\0;13;122;71
2180;\0;19;122;109
2181;\0;25;122;140
2182;\0;3;122;159
2183;\0;30;122;65
2184;\0;2;122;102
2185;\0;44;122;124
2186;\0;22;122;52
2187;\0;44;122;44
2188;\0;16;122;142
2189;\0;25;122;19
2190;\0;17;122;123
2191;\0;40;122;16
2192;\0;2;122;88
2193;\0;23;122;125
2194;\0;5;122;34
2195;\0;10;122;151
2196;\0;39;122;165
2197;\0;1;123;169
2198;\0;31;123;163
2199;\0;25;123;168
2200;\0;33;123;27
2201;\0;3;123;104
2202;\0;28;123;6
2203;\0;31;123;44
2204;\0;1;123;88
2205;\0;14;123;81
2206;\0;13;123;136
2207;\0;13;123;71
2208;\0;40;123;95
2209;\0;24;123;114
2210;\0;39;123;91
2211;\0;5;123;149
2212;\0;23;123;98
2213;\0;21;123;142
2214;\0;45;123;47
2215;\0;12;124;123
2216;\0;28;124;164
2217;\0;33;124;153
2218;\0;27;124;159
2219;\0;36;124;74
2220;\0;28;124;62
2221;\0;38;124;90
2222;\0;28;124;120
2223;\0;30;124;33
2224;\0;23;124;52
2225;\0;21;124;53
2226;\0;29;124;1
2227;\0;34;124;14
2228;\0;24;124;44
2229;\0;40;124;129
2230;\0;3;124;26
2231;\0;39;124;55
2232;\0;34;124;64
2233;\0;44;125;94
2234;\0;20;125;83
2235;\0;49;125;25
2236;\0;13;125;92
2237;\0;27;125;84
2238;\0;19;125;2
2239;\0;22;125;61
2240;\0;23;125;13
2241;\0;16;125;121
2242;\0;47;125;121
2243;\0;22;125;124
2244;\0;29;125;164
2245;\0;19;125;99
2246;\0;32;125;65
2247;\0;3;125;65
2248;\0;40;125;152
2249;\0;29;125;73
2250;\0;3;125;35
2251;\0;24;126;159
2252;\0;25;126;128
2253;\0;30;126;118
2254;\0;23;126;125
2255;\0;29;126;147
2256;\0;15;126;110
2257;\0;8;126;72
2258;\0;27;126;134
2259;\0;9;126;89
2260;\0;4;126;150
2261;\0;39;126;168
2262;\0;3;126;30
2263;\0;38;126;145
2264;\0;31;126;147
2265;\0;43;126;120
2266;\0;10;126;111
2267;\0;13;126;95
2268;\0;47;126;57
2269;\0;28;127;85
2270;\0;30;127;43
2271;\0;2;127;59
2272;\0;32;127;58
2273;\0;13;127;47
2274;\0;47;127;121
2275;\0;3;127;132
2276;\0;33;127;126
2277;\0;3;127;3
2278;\0;45;127;34
2279;\0;14;127;159
2280;\0;3;127;165
2281;\0;5;127;101
2282;\0;7;127;52
2283;\0;10;127;33
2284;\0;24;127;111
2285;\0;32;127;130
2286;\0;44;127;26
2287;\0;8;128;144
2288;\0;39;128;130
2289;\0;47;128;14
2290;\0;11;128;111
2291;\0;42;128;110
2292;\0;19;128;101
2293;\0;16;128;87
2294;\0;18;128;5
2295;\0;28;128;39
2296;\0;29;128;156
2297;\0;49;128;158
2298;\0;43;128;154
2299;\0;44;128;2
2300;\0;4;128;138
2301;\0;30;128;25
2302;\0;17;128;123
2303;\0;9;128;62
2304;\0;49;128;60
2305;\0;19;129;117
2306;\0;16;129;75
2307;\0;12;129;34
2308;\0;37;129;111
2309;\0;5;129;167
2310;\0;8;129;58
2311;\0;22;129;94
2312;\0;31;129;125
2313;\0;11;129;30
2314;\0;4;129;84
2315;\0;49;129;54
2316;\0;23;129;138
2317;\0;34;129;33
2318;\0;37;129;79
2319;\0;39;129;125
2320;\0;50;129;112
2321;\0;1;129;40
2322;\0;49;129;7
2323;\0;50;130;75
2324;\0;36;130;111
2325;\0;16;130;161
2326;\0;36;130;7
2327;\0;30;130;93
2328;\0;3;130;138
2329;\0;35;130;99
2330;\0;28;130;102
2331;\0;23;130;152
2332;\0;4;130;150
2333;\0;21;130;40
2334;\0;3;130;103
2335;\0;45;130;143
2336;\0;15;130;19
2337;\0;35;130;25
2338;\0;30;130;32
2339;\0;46;130;89
2340;\0;17;130;6
2341;\0;25;131;125
2342;\0;48;131;161
2343;\0;12;131;163
2344;\0;19;131;80
2345;\0;1;131;167
2346;\0;29;131;162
2347;\0;20;131;73
2348;\0;40;131;34
2349;\0;45;131;97
2350;\0;11;131;170
2351;\0;34;131;114
2352;\0;45;131;60
2353;\0;13;131;116
2354;\0;17;131;158
2355;\0;15;131;37
2356;\0;13;131;148
2357;\0;16;131;133
2358;\0;5;131;54
2359;\0;31;132;66
2360;\0;28;132;150
2361;\0;26;132;14
2362;\0;21;132;24
2363;\0;5;132;55
2364;\0;34;132;12
2365;\0;36;132;164
2366;\0;16;132;108
2367;\0;27;132;159
2368;\0;41;132;58
2369;\0;2;132;74
2370;\0;6;132;39
2371;\0;27;132;68
2372;\0;30;132;61
2373;\0;26;132;99
2374;\0;45;132;66
2375;\0;46;132;53
2376;\0;35;132;157
2377;\0;35;133;119
2378;\0;11;133;120
2379;\0;14;133;67
2380;\0;48;133;168
2381;\0;32;133;161
2382;\0;37;133;143
2383;\0;48;133;44
2384;\0;21;133;9
2385;\0;25;133;30
2386;\0;19;133;127
2387;\0;15;133;139
2388;\0;6;133;156
2389;\0;5;133;58
2390;\0;23;133;60
2391;\0;40;133;4
2392;\0;44;133;161
2393;\0;17;133;90
2394;\0;40;133;57
2395;\0;23;134;14
2396;\0;9;134;98
2397;\0;47;134;1
2398;\0;35;134;155
2399;\0;30;134;45
2400;\0;4;134;34
2401;\0;18;134;19
2402;\0;10;134;111
2403;\0;5;134;142
2404;\0;2;134;29
2405;\0;47;134;124
2406;\0;29;134;68
2407;\0;20;134;3
2408;\0;11;134;151
2409;\0;6;134;114
2410;\0;39;134;7
2411;\0;1;134;144
2412;\0;48;134;48
2413;\0;9;135;117
2414;\0;25;135;3
2415;\0;44;135;10
2416;\0;34;135;14
2417;\0;24;135;63
2418;\0;9;135;138
2419;\0;9;135;65
2420;\0;30;135;143
2421;\0;48;135;131
2422;\0;20;135;17
2423;\0;34;135;131
2424;\0;11;135;119
2425;\0;43;135;152
2426;\0;49;135;35
2427;\0;31;135;100
2428;\0;11;135;78
2429;\0;10;135;107
2430;\0;19;135;83
2431;\0;24;136;62
2432;\0;48;136;117
2433;\0;46;136;126
2434;\0;50;136;87
2435;\0;44;136;20
2436;\0;37;136;39
2437;\0;8;136;12
2438;\0;3;136;62
2439;\0;33;136;7
2440;\0;34;136;108
2441;\0;48;136;6
2442;\0;43;136;10
2443;\0;27;136;41
2444;\0;30;136;84
2445;\0;4;136;100
2446;\0;15;136;34
2447;\0;13;136;100
2448;\0;4;136;127
2449;\0;42;137;171
2450;\0;46;137;105
2451;\0;22;137;99
2452;\0;40;137;56
2453;\0;43;137;59
2454;\0;24;137;15
2455;\0;17;137;121
2456;\0;38;137;90
2457;\0;34;137;30
2458;\0;34;137;78
2459;\0;48;137;25
2460;\0;30;137;97
2461;\0;15;137;5
2462;\0;16;137;40
2463;\0;50;137;102
2464;\0;40;137;128
2465;\0;6;137;40
2466;\0;49;137;89
2467;\0;14;138;145
2468;\0;15;138;43
2469;\0;32;138;25
2470;\0;50;138;43
2471;\0;19;138;32
2472;\0;13;138;159
2473;\0;26;138;8
2474;\0;43;138;85
2475;\0;50;138;132
2476;\0;14;138;148
2477;\0;42;138;66
2478;\0;4;138;109
2479;\0;50;138;169
2480;\0;24;138;89
2481;\0;22;138;77
2482;\0;47;138;36
2483;\0;35;138;69
2484;\0;31;138;35
2485;\0;2;139;12
2486;\0;2;139;150
2487;\0;25;139;35
2488;\0;41;139;112
2489;\0;5;139;138
2490;\0;28;139;39
2491;\0;19;139;26
2492;\0;38;139;139
2493;\0;38;139;150
2494;\0;43;139;53
2495;\0;18;139;32
2496;\0;41;139;147
2497;\0;34;139;13
2498;\0;24;139;140
2499;\0;34;139;168
2500;\0;37;139;121
2501;\0;4;139;93
2502;\0;26;139;8
2503;\0;3;140;150
2504;\0;27;140;51
2505;\0;27;140;171
2506;\0;20;140;26
2507;\0;8;140;23
2508;\0;19;140;135
2509;\0;36;140;107
2510;\0;41;140;40
2511;\0;32;140;165
2512;\0;44;140;126
2513;\0;22;140;147
2514;\0;14;140;40
2515;\0;48;140;33
2516;\0;26;140;24
2517;\0;29;140;21
2518;\0;3;140;168
2519;\0;48;140;66
2520;\0;28;140;68
2521;\0;27;141;131
2522;\0;13;141;47
2523;\0;40;141;119
2524;\0;38;141;53
2525;\0;38;141;162
2526;\0;44;141;46
2527;\0;47;141;16
2528;\0;5;141;94
2529;\0;50;141;94
2530;\0;26;141;119
2531;\0;26;141;125
2532;\0;1;141;171
2533;\0;20;141;138
2534;\0;35;141;78
2535;\0;43;141;126
2536;\0;48;141;128
2537;\0;47;141;154
2538;\0;33;141;76
2539;\0;21;142;140
2540;\0;34;142;77
2541;\0;40;142;137
2542;\0;28;142;94
2543;\0;34;142;81
2544;\0;15;142;110
2545;\0;12;142;164
2546;\0;42;142;136
2547;\0;7;142;167
2548;\0;45;142;76
2549;\0;14;142;155
2550;\0;49;142;3
2551;\0;19;142;135
2552;\0;2;142;59
2553;\0;20;142;120
2554;\0;47;142;106
2555;\0;50;142;70
2556;\0;8;142;62
2557;\0;50;143;118
2558;\0;25;143;27
2559;\0;1;143;104
2560;\0;47;143;129
2561;\0;37;143;29
2562;\0;27;143;56
2563;\0;30;143;52
2564;\0;5;143;42
2565;\0;23;143;161
2566;\0;32;143;130
2567;\0;27;143;98
2568;\0;1;143;28
2569;\0;7;143;56
2570;\0;10;143;100
2571;\0;2;143;116
2572;\0;35;143;53
2573;\0;46;143;77
2574;\0;21;143;55
2575;\0;20;144;16
2576;\0;20;144;3
2577;\0;16;144;60
2578;\0;43;144;106
2579;\0;8;144;100
2580;\0;3;144;17
2581;\0;45;144;100
2582;\0;15;144;117
2583;\0;50;144;119
2584;\0;29;144;166
2585;\0;49;144;63
2586;\0;23;144;159
2587;\0;50;144;9
2588;\0;42;144;75
2589;\0;40;144;50
2590;\0;12;144;44
2591;\0;38;144;108
2592;\0;34;144;81
2593;\0;45;145;106
2594;\0;5;145;59
2595;\0;37;145;42
2596;\0;3;145;74
2597;\0;47;145;54
2598;\0;40;145;38
2599;\0;48;145;162
2600;\0;18;145;68
2601;\0;44;145;63
2602;\0;46;145;65
2603;\0;23;145;59
2604;\0;14;145;91
2605;\0;36;145;84
2606;\0;42;145;164
2607;\0;39;145;52
2608;\0;45;145;5
2609;\0;20;145;65
2610;\0;3;145;26
2611;\0;24;146;126
2612;\0;29;146;64
2613;\0;29;146;68
2614;\0;38;146;2
2615;\0;12;146;26
2616;\0;9;146;133
2617;\0;23;146;80
2618;\0;46;146;41
2619;\0;49;146;87
2620;\0;4;146;139
2621;\0;36;146;154
2622;\0;22;146;154
2623;\0;49;146;30
2624;\0;16;146;40
2625;\0;23;146;147
2626;\0;18;146;73
2627;\0;24;146;120
2628;\0;39;146;134
2629;\0;3;147;166
2630;\0;15;147;45
2631;\0;41;147;136
2632;\0;35;147;30
2633;\0;49;147;156
2634;\0;46;147;154
2635;\0;32;147;55
2636;\0;33;147;93
2637;\0;29;147;96
2638;\0;47;147;134
2639;\0;8;147;75
2640;\0;42;147;26
2641;\0;36;147;54
2642;\0;49;147;148
2643;\0;26;147;164
2644;\0;26;147;72
2645;\0;45;147;96
2646;\0;11;147;77
2647;\0;41;148;97
2648;\0;22;148;161
2649;\0;29;148;75
2650;\0;47;148;76
2651;\0;8;148;96
2652;\0;21;148;123
2653;\0;45;148;32
2654;\0;24;148;151
2655;\0;14;148;167
2656;\0;35;148;39
2657;\0;21;148;74
2658;\0;7;148;48
2659;\0;25;148;163
2660;\0;14;148;62
2661;\0;31;148;75
2662;\0;36;148;45
2663;\0;35;148;2
2664;\0;15;148;171
2665;\0;30;149;154
2666;\0;44;149;1
2667;\0;12;149;68
2668;\0;18;149;65
2669;\0;45;149;129
2670;\0;49;149;92
2671;\0;2;149;115
2672;\0;9;149;98
2673;\0;25;149;50
2674;\0;2;149;70
2675;\0;36;149;65
2676;\0;6;149;67
2677;\0;33;149;72
2678;\0;3;149;102
2679;\0;32;149;166
2680;\0;25;149;155
2681;\0;35;149;49
2682;\0;31;149;75
2683;\0;3;150;118
2684;\0;6;150;49
2685;\0;40;150;62
2686;\0;18;150;94
2687;\0;21;150;75
2688;\0;23;150;24
2689;\0;36;150;150
2690;\0;44;150;2
2691;\0;17;150;80
2692;\0;1;150;150
2693;\0;12;150;107
2694;\0;18;150;102
2695;\0;13;150;55
2696;\0;47;150;124
2697;\0;4;150;109
2698;\0;26;150;15
2699;\0;14;150;13
2700;\0;36;150;72
2701;\0;23;151;88
2702;\0;18;151;95
2703;\0;22;151;115
2704;\0;40;151;149
2705;\0;45;151;120
2706;\0;43;151;39
2707;\0;43;151;9
2708;\0;7;151;126
2709;\0;44;151;169
2710;\0;29;151;7
2711;\0;35;151;66
2712;\0;20;151;41
2713;\0;19;151;13
2714;\0;14;151;159
2715;\0;18;151;20
2716;\0;14;151;113
2717;\0;37;151;82
2718;\0;27;151;73
2719;\0;50;152;66
2720;\0;13;152;59
2721;\0;39;152;148
2722;\0;43;152;138
2723;\0;30;152;151
2724;\0;4;152;42
2725;\0;19;152;111
2726;\0;45;152;30
2727;\0;27;152;34
2728;\0;12;152;40
2729;\0;9;152;101
2730;\0;32;152;54
2731;\0;7;152;42
2732;\0;23;152;165
2733;\0;7;152;5
2734;\0;40;152;55
2735;\0;11;152;9
2736;\0;12;152;165
2737;\0;41;153;99
2738;\0;50;153;135
2739;\0;25;153;153
2740;\0;30;153;80
2741;\0;31;153;13
2742;\0;29;153;116
2743;\0;44;153;154
2744;\0;14;153;59
2745;\0;27;153;147
2746;\0;49;153;92
2747;\0;14;153;127
2748;\0;36;153;113
2749;\0;18;153;40
2750;\0;18;153;4
2751;\0;42;153;80
2752;\0;9;153;142
2753;\0;6;153;114
2754;\0;32;153;139
2755;\0;21;154;148
2756;\0;44;154;150
2757;\0;29;154;43
2758;\0;8;154;112
2759;\0;9;154;1
2760;\0;9;154;73
2761;\0;12;154;123
2762;\0;5;154;161
2763;\0;34;154;6
2764;\0;17;154;39
2765;\0;23;154;110
2766;\0;46;154;164
2767;\0;14;154;12
2768;\0;37;154;62
2769;\0;38;154;118
2770;\0;26;154;153
2771;\0;2;154;115
2772;\0;25;154;25
2773;\0;27;155;108
2774;\0;38;155;26
2775;\0;29;155;92
2776;\0;13;155;18
2777;\0;34;155;114
2778;\0;23;155;28
2779;\0;18;155;78
2780;\0;40;155;70
2781;\0;46;155;47
2782;\0;39;155;89
2783;\0;47;155;34
2784;\0;48;155;155
2785;\0;37;155;68
2786;\0;46;155;18
2787;\0;42;155;95
2788;\0;2;155;146
2789;\0;48;155;135
2790;\0;3;155;124
2791;\0;15;156;165
2792;\0;26;156;117
2793;\0;11;156;71
2794;\0;29;156;134
2795;\0;42;156;11
2796;\0;37;156;118
2797;\0;19;156;23
2798;\0;33;156;91
2799;\0;36;156;111
2800;\0;48;156;74
2801;\0;1;156;40
2802;\0;10;156;99
2803;\0;31;156;50
2804;\0;18;156;156
2805;\0;50;156;11
2806;\0;20;156;16
2807;\0;27;156;74
2808;\0;35;156;80
2809;\0;28;157;17
2810;\0;42;157;101
2811;\0;31;157;84
2812;\0;40;157;74
2813;\0;21;157;111
2814;\0;9;157;60
2815;\0;10;157;113
2816;\0;14;157;131
2817;\0;33;157;92
2818;\0;24;157;108
2819;\0;2;157;164
2820;\0;24;157;168
2821;\0;12;157;160
2822;\0;33;157;171
2823;\0;21;157;47
2824;\0;21;157;77
2825;\0;50;157;56
2826;\0;5;157;105
2827;\0;11;158;90
2828;\0;25;158;49
2829;\0;24;158;49
2830;\0;21;158;122
2831;\0;41;158;168
2832;\0;32;158;2
2833;\0;49;158;61
2834;\0;33;158;13
2835;\0;26;158;20
2836;\0;8;158;159
2837;\0;30;158;58
2838;\0;15;158;84
2839;\0;13;158;103
2840;\0;45;158;29
2841;\0;49;158;18
2842;\0;2;158;162
2843;\0;7;158;60
2844;\0;17;158;158
2845;\0;30;159;22
2846;\0;31;159;31
2847;\0;32;159;74
2848;\0;16;159;144
2849;\0;23;159;159
2850;\0;30;159;60
2851;\0;31;159;73
2852;\0;21;159;132
2853;\0;47;159;95
2854;\0;11;159;59
2855;\0;38;159;117
2856;\0;46;159;115
2857;\0;28;159;171
2858;\0;21;159;54
2859;\0;15;159;171
2860;\0;1;159;71
2861;\0;13;159;128
2862;\0;38;159;72
2863;\0;23;160;88
2864;\0;25;160;84
2865;\0;40;160;104
2866;\0;33;160;56
2867;\0;43;160;151
2868;\0;11;160;9
2869;\0;3;160;84
2870;\0;9;160;54
2871;\0;10;160;60
2872;\0;47;160;8
2873;\0;43;160;8
2874;\0;11;160;67
2875;\0;50;160;21
2876;\0;20;160;117
2877;\0;31;160;159
2878;\0;18;160;5
2879;\0;27;160;76
2880;\0;4;160;75
2881;\0;33;161;2
2882;\0;34;161;12
2883;\0;17;161;129
2884;\0;6;161;92
2885;\0;41;161;157
2886;\0;18;161;24
2887;\0;31;161;22
2888;\0;50;161;67
2889;\0;17;161;38
2890;\0;40;161;75
2891;\0;43;161;147
2892;\0;41;161;121
2893;\0;4;161;154
2894;\0;44;161;103
2895;\0;13;161;115
2896;\0;25;161;156
2897;\0;22;161;154
2898;\0;11;161;92
2899;\0;3;162;73
2900;\0;37;162;18
2901;\0;15;162;3
2902;\0;5;162;171
2903;\0;18;162;85
2904;\0;14;162;12
2905;\0;10;162;35
2906;\0;27;162;153
2907;\0;35;162;14
2908;\0;46;162;62
2909;\0;28;162;57
2910;\0;9;162;110
2911;\0;40;162;23
2912;\0;1;162;122
2913;\0;1;162;20
2914;\0;23;162;40
2915;\0;43;162;8
2916;\0;37;162;122
2917;\0;29;163;62
2918;\0;26;163;89
2919;\0;50;163;141
2920;\0;25;163;11
2921;\0;22;163;135
2922;\0;2;163;70
2923;\0;9;163;24
2924;\0;3;163;170
2925;\0;33;163;74
2926;\0;9;163;169
2927;\0;44;163;112
2928;\0;32;163;123
2929;\0;39;163;145
2930;\0;15;163;8
2931;\0;9;163;44
2932;\0;39;163;9
2933;\0;32;163;163
2934;\0;3;163;65
2935;\0;17;164;97
2936;\0;23;164;56
2937;\0;40;164;119
2938;\0;37;164;85
2939;\0;44;164;56
2940;\0;6;164;43
2941;\0;7;164;58
2942;\0;47;164;108
2943;\0;11;164;114
2944;\0;37;164;69
2945;\0;16;164;159
2946;\0;25;164;16
2947;\0;9;164;99
2948;\0;30;164;107
2949;\0;2;164;121
2950;\0;6;164;60
2951;\0;46;164;7
2952;\0;27;164;10
2953;\0;16;165;41
2954;\0;20;165;114
2955;\0;37;165;107
2956;\0;32;165;160
2957;\0;6;165;142
2958;\0;38;165;47
2959;\0;35;165;113
2960;\0;10;165;82
2961;\0;8;165;168
2962;\0;40;165;10
2963;\0;1;165;17
2964;\0;35;165;80
2965;\0;48;165;9
2966;\0;33;165;136
2967;\0;34;165;80
2968;\0;21;165;28
2969;\0;19;165;33
2970;\0;10;165;57
2971;\0;2;166;113
2972;\0;18;166;120
2973;\0;8;166;126
2974;\0;42;166;135
2975;\0;42;166;100
2976;\0;45;166;28
2977;\0;36;166;47
2978;\0;24;166;30
2979;\0;12;166;35
2980;\0;32;166;52
2981;\0;19;166;144
2982;\0;14;166;19
2983;\0;33;166;112
2984;\0;26;166;22
2985;\0;49;166;75
2986;\0;20;166;46
2987;\0;2;166;38
2988;\0;32;166;99
2989;\0;18;167;24
2990;\0;9;167;39
2991;\0;8;167;127
2992;\0;22;167;71
2993;\0;29;167;170
2994;\0;41;167;25
2995;\0;33;167;43
2996;\0;13;167;100
2997;\0;49;167;26
2998;\0;23;167;35
2999;\0;8;167;166
3000;\0;10;167;121
3001;\0;2;167;73
3002;\0;3;167;45
3003;\0;13;167;159
3004;\0;23;167;89
3005;\0;7;167;27
3006;\0;30;167;65
3007;\0;18;168;121
3008;\0;41;168;18
3009;\0;16;168;40
3010;\0;4;168;106
3011;\0;37;168;8
3012;\0;50;168;44
3013;\0;15;168;5
3014;\0;4;168;41
3015;\0;28;168;4
3016;\0;23;168;153
3017;\0;5;168;29
3018;\0;20;168;74
3019;\0;25;168;72
3020;\0;50;168;131
3021;\0;45;168;150
3022;\0;5;168;134
3023;\0;23;168;115
3024;\0;45;168;76
3025;\0;10;169;118
3026;\0;47;169;94
3027;\0;49;169;59
3028;\0;4;169;41
3029;\0;4;169;6
3030;\0;7;169;46
3031;\0;16;169;170
3032;\0;46;169;54
3033;\0;21;169;167
3034;\0;17;169;52
3035;\0;30;169;100
3036;\0;42;169;159
3037;\0;20;169;76
3038;\0;21;169;61
3039;\0;5;169;41
3040;\0;30;169;169
3041;\0;6;169;68
3042;\0;9;169;55
3043;\0;9;170;8
3044;\0;14;170;142
3045;\0;35;170;61
3046;\0;27;170;45
3047;\0;50;170;168
3048;\0;25;170;113
3049;\0;49;170;31
3050;\0;43;170;142
3051;\0;23;170;116
3052;\0;2;170;106
3053;\0;49;170;109
3054;\0;8;170;128
3055;\0;45;170;19
3056;\0;2;170;171
3057;\0;21;170;100
3058;\0;13;170;136
3059;\0;24;170;74
3060;\0;43;170;77
3061;\0;17;171;98
3062;\0;30;171;33
3063;\0;15;171;7
3064;\0;46;171;124
3065;\0;45;171;90
3066;\0;4;171;5
3067;\0;47;171;71
3068;\0;1;171;121
3069;\0;24;171;14
3070;\0;30;171;101
3071;\0;31;171;160
3072;\0;2;171;89
3073;\0;40;171;156
3074;\0;18;171;162
3075;\0;39;171;98
3076;\0;17;171;79
3077;\0;25;171;23
3078;\0;1;171;31
3079;\0;28;172;133
3080;\0;13;172;47
3081;\0;41;172;6
3082;\0;10;172;69
3083;\0;26;172;68
3084;\0;39;172;162
3085;\0;31;172;160
3086;\0;50;172;1
3087;\0;24;172;41
3088;\0;1;172;134
3089;\0;28;172;80
3090;\0;19;172;60
3091;\0;49;172;140
3092;\0;9;172;58
3093;\0;22;172;164
3094;\0;37;172;11
3095;\0;30;172;14
3096;\0;21;172;101
3097;\0;23;173;60
3098;\0;27;173;1
3099;\0;43;173;27
3100;\0;20;173;127
3101;\0;7;173;86
3102;\0;11;173;2
3103;\0;8;173;19
3104;\0;42;173;83
3105;\0;22;173;126
3106;\0;26;173;21
3107;\0;32;173;158
3108;\0;28;173;67
3109;\0;2;173;135
3110;\0;43;173;119
3111;\0;30;173;3
3112;\0;29;173;9
3113;\0;21;173;12
3114;\0;2;173;78
3115;\0;49;174;32
3116;\0;25;174;18
3117;\0;19;174;140
3118;\0;41;174;147
3119;\0;20;174;85
3120;\0;6;174;109
3121;\0;45;174;73
3122;\0;8;174;150
3123;\0;47;174;74
3124;\0;31;174;9
3125;\0;14;174;76
3126;\0;13;174;22
3127;\0;22;174;47
3128;\0;39;174;166
3129;\0;20;174;146
3130;\0;33;174;44
3131;\0;16;174;104
3132;\0;44;174;27
3133;\0;3;175;6
3134;\0;5;175;158
3135;\0;43;175;95
3136;\0;16;175;99
3137;\0;15;175;124
3138;\0;17;175;124
3139;\0;17;175;88
3140;\0;19;175;121
3141;\0;34;175;159
3142;\0;50;175;127
3143;\0;23;175;164
3144;\0;18;175;90
3145;\0;49;175;101
3146;\0;42;175;166
3147;\0;38;175;34
3148;\0;6;175;1
3149;\0;31;175;155
3150;\0;10;175;168
3151;\0;28;176;161
3152;\0;27;176;50
3153;\0;16;176;161
3154;\0;32;176;30
3155;\0;46;176;29
3156;\0;49;176;104
3157;\0;38;176;62
3158;\0;29;176;12
3159;\0;12;176;47
3160;\0;4;176;31
3161;\0;43;176;27
3162;\0;22;176;132
3163;\0;5;176;159
3164;\0;21;176;145
3165;\0;33;176;72
3166;\0;20;176;131
3167;\0;39;176;28
3168;\0;16;176;51
3169;\0;25;177;141
3170;\0;24;177;9
3171;\0;4;177;102
3172;\0;36;177;110
3173;\0;27;177;71
3174;\0;1;177;163
3175;\0;14;177;130
3176;\0;42;177;35
3177;\0;24;177;104
3178;\0;20;177;164
3179;\0;11;177;133
3180;\0;14;177;13
3181;\0;13;177;152
3182;\0;37;177;3
3183;\0;18;177;78
3184;\0;16;177;27
3185;\0;26;177;49
3186;\0;19;177;2
3187;\0;30;178;6
3188;\0;21;178;150
3189;\0;8;178;53
3190;\0;34;178;43
3191;\0;22;178;99
3192;\0;9;178;140
3193;\0;31;178;75
3194;\0;28;178;137
3195;\0;28;178;113
3196;\0;41;178;150
3197;\0;30;178;49
3198;\0;41;178;121
3199;\0;45;178;130
3200;\0;33;178;38
3201;\0;31;178;96
3202;\0;25;178;28
3203;\0;32;178;137
3204;\0;17;178;82
3205;\0;30;179;166
3206;\0;8;179;31
3207;\0;19;179;86
3208;\0;44;179;119
3209;\0;4;179;74
3210;\0;19;179;125
3211;\0;28;179;61
3212;\0;28;179;20
3213;\0;4;179;29
3214;\0;47;179;6
3215;\0;50;179;31
3216;\0;36;179;151
3217;\0;5;179;130
3218;\0;48;179;19
3219;\0;17;179;82
3220;\0;27;179;17
3221;\0;29;179;102
3222;\0;42;179;54
3223;\0;6;180;19
3224;\0;34;180;101
3225;\0;48;180;24
3226;\0;39;180;18
3227;\0;30;180;82
3228;\0;48;180;136
3229;\0;39;180;111
3230;\0;43;180;91
3231;\0;33;180;45
3232;\0;23;180;64
3233;\0;44;180;135
3234;\0;16;180;141
3235;\0;16;180;45
3236;\0;23;180;171
3237;\0;26;180;23
3238;\0;35;180;54
3239;\0;45;180;33
3240;\0;13;180;51
3241;\0;26;181;97
3242;\0;16;181;151
3243;\0;14;181;100
3244;\0;23;181;24
3245;\0;7;181;16
3246;\0;14;181;4
3247;\0;11;181;83
3248;\0;18;181;21
3249;\0;28;181;57
3250;\0;34;181;43
3251;\0;31;181;146
3252;\0;5;181;134
3253;\0;27;181;18
3254;\0;27;181;48
3255;\0;43;181;162
3256;\0;8;181;144
3257;\0;6;181;129
3258;\0;46;181;145
3259;\0;42;182;130
3260;\0;22;182;34
3261;\0;37;182;155
3262;\0;33;182;45
3263;\0;18;182;3
3264;\0;34;182;158
3265;\0;42;182;74
3266;\0;36;182;139
3267;\0;29;182;36
3268;\0;44;182;129
3269;\0;33;182;36
3270;\0;39;182;48
3271;\0;13;182;9
3272;\0;40;182;159
3273;\0;29;182;118
3274;\0;44;182;50
3275;\0;44;182;39
3276;\0;41;182;80
3277;\0;3;183;94
3278;\0;8;183;121
3279;\0;5;183;2
3280;\0;31;183;20
3281;\0;14;183;136
3282;\0;39;183;164
3283;\0;24;183;72
3284;\0;22;183;9
3285;\0;19;183;85
3286;\0;47;183;126
3287;\0;6;183;10
3288;\0;28;183;76
3289;\0;27;183;33
3290;\0;22;183;171
3291;\0;18;183;122
3292;\0;44;183;4
3293;\0;34;183;47
3294;\0;2;183;109
3295;\0;34;184;69
3296;\0;25;184;159
3297;\0;33;184;30
3298;\0;15;184;143
3299;\0;2;184;138
3300;\0;29;184;124
3301;\0;36;184;32
3302;\0;23;184;74
3303;\0;39;184;13
3304;\0;36;184;6
3305;\0;6;184;165
3306;\0;47;184;109
3307;\0;29;184;101
3308;\0;43;184;31
3309;\0;37;184;49
3310;\0;16;184;139
3311;\0;29;184;130
3312;\0;11;184;120
3313;\0;47;185;25
3314;\0;17;185;124
3315;\0;28;185;165
3316;\0;34;185;39
3317;\0;43;185;106
3318;\0;48;185;23
3319;\0;36;185;4
3320;\0;22;185;41
3321;\0;10;185;169
3322;\0;12;185;37
3323;\0;2;185;157
3324;\0;28;185;78
3325;\0;26;185;107
3326;\0;23;185;167
3327;\0;44;185;137
3328;\0;24;185;36
3329;\0;17;185;122
3330;\0;49;185;128
3331;\0;20;186;159
3332;\0;28;186;46
3333;\0;7;186;89
3334;\0;41;186;51
3335;\0;1;186;50
3336;\0;10;186;60
3337;\0;46;186;55
3338;\0;16;186;95
3339;\0;17;186;20
3340;\0;43;186;50
3341;\0;25;186;159
3342;\0;45;186;62
3343;\0;32;186;17
3344;\0;46;186;150
3345;\0;29;186;115
3346;\0;1;186;82
3347;\0;1;186;76
3348;\0;17;186;42
3349;\0;37;187;126
3350;\0;12;187;170
3351;\0;1;187;157
3352;\0;34;187;1
3353;\0;44;187;73
3354;\0;9;187;102
3355;\0;37;187;33
3356;\0;37;187;163
3357;\0;26;187;19
3358;\0;3;187;46
3359;\0;27;187;22
3360;\0;4;187;150
3361;\0;5;187;102
3362;\0;31;187;22
3363;\0;47;187;166
3364;\0;24;187;139
3365;\0;21;187;16
3366;\0;48;187;169
3367;\0;45;188;6
3368;\0;50;188;33
3369;\0;23;188;124
3370;\0;40;188;133
3371;\0;22;188;63
3372;\0;3;188;3
3373;\0;43;188;155
3374;\0;6;188;8
3375;\0;15;188;161
3376;\0;24;188;4
3377;\0;50;188;72
3378;\0;37;188;70
3379;\0;22;188;72
3380;\0;20;188;154
3381;\0;44;188;116
3382;\0;16;188;165
3383;\0;43;188;144
3384;\0;35;188;69
3385;\0;4;189;107
3386;\0;11;189;15
3387;\0;24;189;38
3388;\0;35;189;154
3389;\0;9;189;101
3390;\0;4;189;101
3391;\0;26;189;149
3392;\0;11;189;10
3393;\0;39;189;19
3394;\0;27;189;58
3395;\0;46;189;56
3396;\0;38;189;150
3397;\0;47;189;29
3398;\0;30;189;146
3399;\0;50;189;49
3400;\0;17;189;135
3401;\0;19;189;13
3402;\0;39;189;135
3403;\0;45;190;96
3404;\0;30;190;97
3405;\0;46;190;117
3406;\0;33;190;13
3407;\0;31;190;58
3408;\0;21;190;117
3409;\0;12;190;28
3410;\0;26;190;32
3411;\0;19;190;146
3412;\0;15;190;164
3413;\0;28;190;113
3414;\0;13;190;71
3415;\0;3;190;62
3416;\0;6;190;21
3417;\0;20;190;168
3418;\0;34;190;11
3419;\0;21;190;105
3420;\0;40;190;16
3421;\0;40;191;101
3422;\0;28;191;28
3423;\0;10;191;113
3424;\0;13;191;26
3425;\0;3;191;151
3426;\0;19;191;105
3427;\0;28;191;95
3428;\0;47;191;117
3429;\0;16;191;59
3430;\0;46;191;135
3431;\0;18;191;123
3432;\0;11;191;112
3433;\0;15;191;82
3434;\0;43;191;121
3435;\0;15;191;100
3436;\0;41;191;110
3437;\0;30;191;80
3438;\0;21;191;142
3439;\0;37;192;41
3440;\0;25;192;58
3441;\0;8;192;84
3442;\0;32;192;37
3443;\0;9;192;103
3444;\0;23;192;128
3445;\0;28;192;2
3446;\0;46;192;34
3447;\0;33;192;136
3448;\0;7;192;36
3449;\0;50;192;91
3450;\0;29;192;47
3451;\0;47;192;74
3452;\0;2;192;119
3453;\0;47;192;102
3454;\0;29;192;142
3455;\0;13;192;169
3456;\0;16;192;98
3457;\0;44;193;96
3458;\0;25;193;35
3459;\0;7;193;1
3460;\0;17;193;25
3461;\0;3;193;162
3462;\0;44;193;164
3463;\0;11;193;167
3464;\0;44;193;119
3465;\0;20;193;69
3466;\0;17;193;17
3467;\0;23;193;115
3468;\0;43;193;71
3469;\0;40;193;17
3470;\0;26;193;146
3471;\0;18;193;159
3472;\0;20;193;143
3473;\0;30;193;139
3474;\0;38;193;53
3475;\0;49;194;36
3476;\0;32;194;88
3477;\0;29;194;108
3478;\0;27;194;164
3479;\0;49;194;88
3480;\0;7;194;76
3481;\0;50;194;171
3482;\0;40;194;91
3483;\0;10;194;36
3484;\0;27;194;61
3485;\0;37;194;31
3486;\0;35;194;54
3487;\0;32;194;142
3488;\0;46;194;134
3489;\0;8;194;10
3490;\0;41;194;14
3491;\0;20;194;113
3492;\0;32;194;125
3493;\0;48;195;151
3494;\0;35;195;136
3495;\0;48;195;42
3496;\0;2;195;9
3497;\0;28;195;170
3498;\0;23;195;149
3499;\0;29;195;13
3500;\0;10;195;65
3501;\0;10;195;40
3502;\0;3;195;25
3503;\0;1;195;54
3504;\0;21;195;157
3505;\0;24;195;143
3506;\0;15;195;139
3507;\0;11;195;154
3508;\0;14;195;28
3509;\0;8;195;149
3510;\0;45;195;79
3511;\0;21;196;162
3512;\0;34;196;21
3513;\0;27;196;12
3514;\0;18;196;91
3515;\0;15;196;70
3516;\0;12;196;40
3517;\0;25;196;66
3518;\0;26;196;73
3519;\0;26;196;125
3520;\0;18;196;119
3521;\0;21;196;149
3522;\0;18;196;3
3523;\0;25;196;48
3524;\0;22;196;155
3525;\0;16;196;138
3526;\0;23;196;170
3527;\0;14;196;169
3528;\0;26;196;1
3529;\0;39;197;125
3530;\0;7;197;160
3531;\0;21;197;25
3532;\0;25;197;50
3533;\0;28;197;84
3534;\0;40;197;127
3535;\0;25;197;16
3536;\0;50;197;151
3537;\0;7;197;95
3538;\0;38;197;50
3539;\0;48;197;12
3540;\0;37;197;48
3541;\0;10;197;46
3542;\0;31;197;139
3543;\0;49;197;38
3544;\0;2;197;119
3545;\0;12;197;13
3546;\0;15;197;7
3547;\0;6;198;87
3548;\0;30;198;14
3549;\0;42;198;82
3550;\0;36;198;157
3551;\0;1;198;146
3552;\0;45;198;167
3553;\0;9;198;155
3554;\0;39;198;30
3555;\0;32;198;171
3556;\0;23;198;111
3557;\0;18;198;149
3558;\0;1;198;152
3559;\0;30;198;97
3560;\0;35;198;63
3561;\0;20;198;42
3562;\0;16;198;143
3563;\0;4;198;8
3564;\0;14;198;121
3565;\0;6;199;49
3566;\0;44;199;87
3567;\0;43;199;91
3568;\0;36;199;107
3569;\0;50;199;95
3570;\0;44;199;90
3571;\0;25;199;5
3572;\0;37;199;132
3573;\0;44;199;113
3574;\0;1;199;4
3575;\0;22;199;44
3576;\0;30;199;75
3577;\0;36;199;152
3578;\0;29;199;130
3579;\0;26;199;68
3580;\0;39;199;8
3581;\0;30;199;79
3582;\0;2;199;59
3583;\0;21;200;78
3584;\0;42;200;85
3585;\0;20;200;170
3586;\0;48;200;91
3587;\0;2;200;27
3588;\0;46;200;51
3589;\0;22;200;170
3590;\0;28;200;20
3591;\0;36;200;21
3592;\0;47;200;74
3593;\0;13;200;157
3594;\0;29;200;85
3595;\0;29;200;169
3596;\0;37;200;9
3597;\0;1;200;84
3598;\0;42;200;164
3599;\0;39;200;97
3600;\0;25;200;57
3601;\0;26;201;114
3602;\0;31;201;53
3603;\0;32;201;168
3604;\0;15;201;124
3605;\0;30;201;116
3606;\0;13;201;13
3607;\0;28;201;40
3608;\0;48;201;57
3609;\0;27;201;36
3610;\0;16;201;150
3611;\0;50;201;127
3612;\0;36;201;35
3613;\0;35;201;129
3614;\0;33;201;3
3615;\0;43;201;6
3616;\0;40;201;36
3617;\0;25;201;139
3618;\0;49;201;21
3619;\0;44;202;98
3620;\0;24;202;137
3621;\0;43;202;160
3622;\0;49;202;134
3623;\0;17;202;6
3624;\0;16;202;125
3625;\0;50;202;21
3626;\0;22;202;41
3627;\0;30;202;85
3628;\0;33;202;167
3629;\0;16;202;61
3630;\0;13;202;14
3631;\0;46;202;12
3632;\0;24;202;29
3633;\0;18;202;95
3634;\0;26;202;62
3635;\0;46;202;11
3636;\0;49;202;54
3637;\0;42;203;87
3638;\0;40;203;85
3639;\0;33;203;161
3640;\0;42;203;115
3641;\0;21;203;131
3642;\0;47;203;19
3643;\0;6;203;119
3644;\0;46;203;52
3645;\0;33;203;132
3646;\0;3;203;115
3647;\0;10;203;135
3648;\0;41;203;84
3649;\0;6;203;41
3650;\0;35;203;88
3651;\0;39;203;118
3652;\0;29;203;64
3653;\0;19;203;22
3654;\0;23;203;70
3655;\0;3;204;69
3656;\0;14;204;162
3657;\0;18;204;171
3658;\0;6;204;85
3659;\0;34;204;151
3660;\0;12;204;73
3661;\0;18;204;82
3662;\0;25;204;23
3663;\0;36;204;17
3664;\0;5;204;26
3665;\0;24;204;168
3666;\0;32;204;40
3667;\0;47;204;6
3668;\0;10;204;146
3669;\0;27;204;9
3670;\0;21;204;134
3671;\0;26;204;49
3672;\0;2;204;83
3673;\0;50;205;158
3674;\0;17;205;26
3675;\0;23;205;155
3676;\0;49;205;22
3677;\0;42;205;98
3678;\0;21;205;153
3679;\0;15;205;101
3680;\0;9;205;131
3681;\0;26;205;98
3682;\0;26;205;86
3683;\0;42;205;51
3684;\0;19;205;96
3685;\0;21;205;20
3686;\0;16;205;56
3687;\0;37;205;61
3688;\0;40;205;59
3689;\0;21;205;150
3690;\0;1;205;41
3691;\0;11;206;155
3692;\0;6;206;74
3693;\0;48;206;140
3694;\0;18;206;89
3695;\0;20;206;108
3696;\0;14;206;87
3697;\0;5;206;121
3698;\0;5;206;84
3699;\0;24;206;159
3700;\0;39;206;122
3701;\0;45;206;35
3702;\0;14;206;113
3703;\0;1;206;116
3704;\0;34;206;21
3705;\0;21;206;26
3706;\0;14;206;138
3707;\0;44;206;54
3708;\0;9;206;22
3709;\0;38;207;61
3710;\0;12;207;137
3711;\0;27;207;137
3712;\0;33;207;70
3713;\0;28;207;160
3714;\0;48;207;14
3715;\0;12;207;92
3716;\0;24;207;5
3717;\0;45;207;141
3718;\0;1;207;154
3719;\0;13;207;87
3720;\0;42;207;45
3721;\0;37;207;123
3722;\0;27;207;116
3723;\0;28;207;46
3724;\0;48;207;123
3725;\0;3;207;67
3726;\0;41;207;96
3727;\0;39;208;103
3728;\0;11;208;84
3729;\0;50;208;79
3730;\0;14;208;95
3731;\0;47;208;36
3732;\0;28;208;49
3733;\0;30;208;114
3734;\0;27;208;99
3735;\0;22;208;69
3736;\0;44;208;117
3737;\0;36;208;9
3738;\0;22;208;76
3739;\0;11;208;61
3740;\0;6;208;57
3741;\0;47;208;170
3742;\0;47;208;113
3743;\0;49;208;156
3744;\0;33;208;75
3745;\0;8;209;133
3746;\0;21;209;104
3747;\0;38;209;153
3748;\0;15;209;48
3749;\0;46;209;27
3750;\0;40;209;13
3751;\0;8;209;8
3752;\0;17;209;69
3753;\0;38;209;157
3754;\0;5;209;63
3755;\0;27;209;158
3756;\0;10;209;163
3757;\0;8;209;72
3758;\0;12;209;96
3759;\0;27;209;125
3760;\0;37;209;128
3761;\0;25;209;125
3762;\0;40;209;60
3763;\0;41;210;64
3764;\0;7;210;9
3765;\0;4;210;67
3766;\0;14;210;41
3767;\0;15;210;149
3768;\0;13;210;122
3769;\0;20;210;109
3770;\0;14;210;168
3771;\0;8;210;56
3772;\0;28;210;25
3773;\0;44;210;140
3774;\0;34;210;101
3775;\0;28;210;3
3776;\0;8;210;9
3777;\0;10;210;158
3778;\0;17;210;18
3779;\0;4;210;43
3780;\0;47;210;26
3781;\0;42;211;164
3782;\0;14;211;147
3783;\0;27;211;142
3784;\0;7;211;50
3785;\0;19;211;117
3786;\0;23;211;92
3787;\0;49;211;124
3788;\0;9;211;170
3789;\0;26;211;149
3790;\0;1;211;119
3791;\0;31;211;95
3792;\0;2;211;128
3793;\0;45;211;125
3794;\0;19;211;62
3795;\0;37;211;9
3796;\0;46;211;70
3797;\0;47;211;139
3798;\0;17;211;3
3799;\0;1;212;114
3800;\0;28;212;101
3801;\0;17;212;4
3802;\0;40;212;62
3803;\0;29;212;74
3804;\0;17;212;139
3805;\0;25;212;12
3806;\0;48;212;103
3807;\0;12;212;108
3808;\0;2;212;44
3809;\0;32;212;52
3810;\0;4;212;15
3811;\0;2;212;124
3812;\0;20;212;74
3813;\0;42;212;88
3814;\0;33;212;54
3815;\0;46;212;115
3816;\0;47;212;10
3817;\0;37;213;60
3818;\0;23;213;162
3819;\0;24;213;114
3820;\0;27;213;92
3821;\0;8;213;58
3822;\0;24;213;15
3823;\0;15;213;157
3824;\0;20;213;134
3825;\0;49;213;168
3826;\0;28;213;145
3827;\0;7;213;135
3828;\0;3;213;131
3829;\0;9;213;133
3830;\0;43;213;7
3831;\0;20;213;15
3832;\0;17;213;5
3833;\0;4;213;106
3834;\0;43;213;101
3835;\0;43;214;165
3836;\0;33;214;37
3837;\0;50;214;142
3838;\0;1;214;168
3839;\0;13;214;34
3840;\0;19;214;29
3841;\0;42;214;88
3842;\0;7;214;24
3843;\0;49;214;161
3844;\0;30;214;111
3845;\0;31;214;152
3846;\0;7;214;25
3847;\0;41;214;35
3848;\0;15;214;61
3849;\0;1;214;92
3850;\0;26;214;164
3851;\0;21;214;110
3852;\0;35;214;32
3853;\0;32;215;77
3854;\0;44;215;106
3855;\0;44;215;148
3856;\0;42;215;124
3857;\0;34;215;127
3858;\0;46;215;143
3859;\0;28;215;14
3860;\0;14;215;128
3861;\0;47;215;18
3862;\0;33;215;102
3863;\0;11;215;53
3864;\0;21;215;116
3865;\0;24;215;125
3866;\0;28;215;98
3867;\0;4;215;156
3868;\0;13;215;90
3869;\0;47;215;159
3870;\0;6;215;19
3871;\0;40;216;90
3872;\0;26;216;73
3873;\0;16;216;58
3874;\0;49;216;159
3875;\0;32;216;108
3876;\0;49;216;120
3877;\0;43;216;107
3878;\0;3;216;83
3879;\0;7;216;96
3880;\0;46;216;73
3881;\0;22;216;88
3882;\0;37;216;63
3883;\0;1;216;9
3884;\0;15;216;44
3885;\0;47;216;105
3886;\0;23;216;123
3887;\0;15;216;18
3888;\0;35;216;62
3889;\0;48;217;55
3890;\0;40;217;60
3891;\0;3;217;119
3892;\0;32;217;3
3893;\0;45;217;139
3894;\0;24;217;57
3895;\0;43;217;121
3896;\0;50;217;57
3897;\0;17;217;30
3898;\0;26;217;105
3899;\0;34;217;36
3900;\0;43;217;71
3901;\0;17;217;163
3902;\0;41;217;13
3903;\0;6;217;153
3904;\0;38;217;97
3905;\0;8;217;147
3906;\0;30;217;75
3907;\0;46;218;149
3908;\0;33;218;100
3909;\0;27;218;171
3910;\0;46;218;129
3911;\0;4;218;48
3912;\0;34;218;10
3913;\0;7;218;126
3914;\0;21;218;101
3915;\0;22;218;17
3916;\0;1;218;111
3917;\0;12;218;93
3918;\0;22;218;1
3919;\0;28;218;73
3920;\0;14;218;75
3921;\0;29;218;17
3922;\0;49;218;112
3923;\0;5;218;75
3924;\0;47;218;128
3925;\0;43;219;10
3926;\0;13;219;112
3927;\0;10;219;29
3928;\0;45;219;74
3929;\0;13;219;66
3930;\0;21;219;157
3931;\0;11;219;164
3932;\0;15;219;80
3933;\0;26;219;38
3934;\0;15;219;129
3935;\0;46;219;68
3936;\0;9;219;118
3937;\0;11;219;150
3938;\0;2;219;108
3939;\0;44;219;62
3940;\0;8;219;111
3941;\0;44;219;145
3942;\0;20;219;139
3943;\0;32;220;30
3944;\0;11;220;86
3945;\0;14;220;162
3946;\0;25;220;134
3947;\0;25;220;42
3948;\0;29;220;88
3949;\0;48;220;123
3950;\0;12;220;41
3951;\0;15;220;5
3952;\0;26;220;67
3953;\0;28;220;134
3954;\0;23;220;74
3955;\0;47;220;144
3956;\0;33;220;142
3957;\0;11;220;158
3958;\0;38;220;62
3959;\0;2;220;45
3960;\0;19;220;124
3961;\0;50;221;55
3962;\0;35;221;36
3963;\0;3;221;92
3964;\0;36;221;23
3965;\0;6;221;101
3966;\0;36;221;37
3967;\0;24;221;120
3968;\0;22;221;143
3969;\0;25;221;127
3970;\0;45;221;19
3971;\0;28;221;67
3972;\0;39;221;118
3973;\0;27;221;108
3974;\0;24;221;54
3975;\0;49;221;8
3976;\0;17;221;49
3977;\0;45;221;11
3978;\0;3;221;58
3979;\0;28;222;162
3980;\0;46;222;86
3981;\0;9;222;73
3982;\0;48;222;43
3983;\0;13;222;64
3984;\0;25;222;131
3985;\0;26;222;158
3986;\0;49;222;44
3987;\0;38;222;128
3988;\0;26;222;110
3989;\0;9;222;55
3990;\0;48;222;92
3991;\0;27;222;35
3992;\0;42;222;145
3993;\0;11;222;4
3994;\0;49;222;162
3995;\0;35;222;1
3996;\0;38;222;22
3997;\0;19;223;38
3998;\0;25;223;125
3999;\0;10;223;5
4000;\0;44;223;116
4001;\0;26;223;27
4002;\0;33;223;135
4003;\0;12;223;21
4004;\0;21;223;126
4005;\0;45;223;147
4006;\0;27;223;30
4007;\0;27;223;21
4008;\0;18;223;154
4009;\0;43;223;141
4010;\0;7;223;74
4011;\0;31;223;75
4012;\0;18;223;3
4013;\0;4;223;168
4014;\0;20;223;46
4015;\0;46;224;42
4016;\0;35;224;5
4017;\0;3;224;4
4018;\0;30;224;53
4019;\0;6;224;107
4020;\0;14;224;159
4021;\0;4;224;141
4022;\0;50;224;110
4023;\0;11;224;163
4024;\0;13;224;125
4025;\0;7;224;101
4026;\0;22;224;9
4027;\0;25;224;36
4028;\0;1;224;16
4029;\0;49;224;133
4030;\0;35;224;101
4031;\0;37;224;118
4032;\0;3;224;94
4033;\0;21;225;125
4034;\0;9;225;88
4035;\0;40;225;171
4036;\0;30;225;171
4037;\0;31;225;83
4038;\0;1;225;12
4039;\0;30;225;47
4040;\0;32;225;123
4041;\0;22;225;150
4042;\0;18;225;35
4043;\0;10;225;76
4044;\0;20;225;39
4045;\0;2;225;17
4046;\0;2;225;67
4047;\0;1;225;61
4048;\0;3;225;56
4049;\0;8;225;110
4050;\0;50;225;169
4051;\0;49;226;7
4052;\0;6;226;75
4053;\0;30;226;17
4054;\0;20;226;169
4055;\0;14;226;64
4056;\0;42;226;162
4057;\0;31;226;71
4058;\0;21;226;69
4059;\0;29;226;130
4060;\0;23;226;109
4061;\0;16;226;70
4062;\0;21;226;17
4063;\0;7;226;136
4064;\0;36;226;1
4065;\0;8;226;99
4066;\0;26;226;142
4067;\0;49;226;92
4068;\0;46;226;58
4069;\0;45;227;34
4070;\0;32;227;129
4071;\0;2;227;58
4072;\0;2;227;52
4073;\0;50;227;51
4074;\0;15;227;160
4075;\0;4;227;116
4076;\0;23;227;124
4077;\0;29;227;9
4078;\0;6;227;66
4079;\0;35;227;136
4080;\0;9;227;55
4081;\0;50;227;153
4082;\0;39;227;47
4083;\0;38;227;120
4084;\0;26;227;86
4085;\0;40;227;4
4086;\0;41;227;13
4087;\0;16;228;89
4088;\0;34;228;78
4089;\0;3;228;17
4090;\0;9;228;136
4091;\0;42;228;160
4092;\0;42;228;54
4093;\0;48;228;62
4094;\0;5;228;48
4095;\0;50;228;69
4096;\0;3;228;50
4097;\0;15;228;77
4098;\0;44;228;151
4099;\0;5;228;67
4100;\0;41;228;138
4101;\0;13;228;85
4102;\0;48;228;95
4103;\0;29;228;34
4104;\0;7;228;107
4105;\0;41;229;125
4106;\0;17;229;102
4107;\0;19;229;101
4108;\0;25;229;128
4109;\0;45;229;51
4110;\0;40;229;86
4111;\0;41;229;68
4112;\0;43;229;25
4113;\0;1;229;135
4114;\0;22;229;44
4115;\0;41;229;108
4116;\0;46;229;37
4117;\0;35;229;52
4118;\0;28;229;43
4119;\0;1;229;79
4120;\0;2;229;21
4121;\0;37;229;64
4122;\0;33;229;34
4123;\0;20;230;50
4124;\0;37;230;68
4125;\0;40;230;47
4126;\0;37;230;129
4127;\0;39;230;77
4128;\0;40;230;56
4129;\0;44;230;107
4130;\0;45;230;25
4131;\0;25;230;59
4132;\0;24;230;65
4133;\0;32;230;56
4134;\0;14;230;98
4135;\0;19;230;157
4136;\0;43;230;47
4137;\0;10;230;147
4138;\0;33;230;45
4139;\0;8;230;46
4140;\0;22;230;96
4141;\0;40;231;156
4142;\0;37;231;167
4143;\0;46;231;99
4144;\0;23;231;85
4145;\0;39;231;99
4146;\0;49;231;93
4147;\0;42;231;129
4148;\0;20;231;102
4149;\0;34;231;68
4150;\0;47;231;66
4151;\0;50;231;16
4152;\0;27;231;8
4153;\0;7;231;98
4154;\0;4;231;67
4155;\0;23;231;127
4156;\0;41;231;129
4157;\0;31;231;14
4158;\0;8;231;36
4159;\0;12;232;5
4160;\0;21;232;110
4161;\0;36;232;105
4162;\0;6;232;164
4163;\0;2;232;133
4164;\0;39;232;81
4165;\0;45;232;63
4166;\0;47;232;85
4167;\0;29;232;23
4168;\0;21;232;42
4169;\0;21;232;7
4170;\0;18;232;146
4171;\0;32;232;30
4172;\0;44;232;46
4173;\0;50;232;37
4174;\0;41;232;80
4175;\0;33;232;132
4176;\0;35;232;112
4177;\0;1;233;41
4178;\0;26;233;24
4179;\0;28;233;127
4180;\0;14;233;131
4181;\0;26;233;124
4182;\0;45;233;115
4183;\0;50;233;48
4184;\0;48;233;22
4185;\0;2;233;15
4186;\0;47;233;146
4187;\0;30;233;139
4188;\0;7;233;171
4189;\0;30;233;136
4190;\0;39;233;63
4191;\0;49;233;75
4192;\0;2;233;55
4193;\0;9;233;59
4194;\0;6;233;83
4195;\0;43;234;77
4196;\0;4;234;23
4197;\0;20;234;33
4198;\0;6;234;74
4199;\0;26;234;31
4200;\0;22;234;94
4201;\0;46;234;113
4202;\0;43;234;134
4203;\0;48;234;3
4204;\0;37;234;99
4205;\0;20;234;83
4206;\0;35;234;126
4207;\0;8;234;143
4208;\0;27;234;13
4209;\0;3;234;79
4210;\0;26;234;8
4211;\0;27;234;150
4212;\0;46;234;147
4213;\0;41;235;133
4214;\0;7;235;161
4215;\0;16;235;52
4216;\0;6;235;48
4217;\0;18;235;85
4218;\0;8;235;84
4219;\0;27;235;33
4220;\0;2;235;35
4221;\0;35;235;110
4222;\0;28;235;138
4223;\0;1;235;111
4224;\0;11;235;150
4225;\0;16;235;76
4226;\0;13;235;125
4227;\0;3;235;70
4228;\0;17;235;56
4229;\0;1;235;64
4230;\0;7;235;129
4231;\0;18;236;37
4232;\0;14;236;106
4233;\0;18;236;110
4234;\0;33;236;103
4235;\0;14;236;98
4236;\0;11;236;119
4237;\0;46;236;19
4238;\0;47;236;49
4239;\0;24;236;80
4240;\0;18;236;2
4241;\0;1;236;64
4242;\0;11;236;115
4243;\0;4;236;91
4244;\0;33;236;87
4245;\0;27;236;58
4246;\0;16;236;25
4247;\0;30;236;27
4248;\0;7;236;135
4249;\0;9;237;1
4250;\0;32;237;139
4251;\0;11;237;160
4252;\0;28;237;104
4253;\0;47;237;34
4254;\0;1;237;95
4255;\0;38;237;145
4256;\0;37;237;39
4257;\0;39;237;68
4258;\0;14;237;127
4259;\0;19;237;75
4260;\0;24;237;129
4261;\0;11;237;143
4262;\0;26;237;119
4263;\0;32;237;98
4264;\0;18;237;88
4265;\0;12;237;170
4266;\0;37;237;129
4267;\0;14;238;60
4268;\0;24;238;139
4269;\0;28;238;44
4270;\0;9;238;153
4271;\0;24;238;169
4272;\0;39;238;163
4273;\0;47;238;118
4274;\0;3;238;169
4275;\0;46;238;105
4276;\0;36;238;85
4277;\0;44;238;153
4278;\0;39;238;146
4279;\0;42;238;8
4280;\0;10;238;106
4281;\0;4;238;135
4282;\0;16;238;118
4283;\0;39;238;69
4284;\0;27;238;150
4285;\0;28;239;129
4286;\0;13;239;47
4287;\0;36;239;116
4288;\0;16;239;64
4289;\0;18;239;31
4290;\0;20;239;73
4291;\0;3;239;10
4292;\0;6;239;66
4293;\0;9;239;25
4294;\0;44;239;11
4295;\0;36;239;77
4296;\0;39;239;42
4297;\0;24;239;135
4298;\0;28;239;93
4299;\0;4;239;40
4300;\0;29;239;140
4301;\0;33;239;6
4302;\0;20;239;109
4303;\0;45;240;2
4304;\0;45;240;105
4305;\0;15;240;69
4306;\0;31;240;16
4307;\0;12;240;105
4308;\0;24;240;69
4309;\0;33;240;166
4310;\0;11;240;26
4311;\0;22;240;124
4312;\0;37;240;73
4313;\0;36;240;85
4314;\0;45;240;140
4315;\0;49;240;162
4316;\0;14;240;99
4317;\0;42;240;154
4318;\0;8;240;142
4319;\0;29;240;116
4320;\0;46;240;146
